<?xml version="1.0" encoding="UTF-8" ?>
<Actors>
<Actor>
  <id>71287</id>
  <Image>actors/71287.jpg</Image>
  <Name>Alec Baldwin</Name>
  <Role>Jack Donaghy</Role>
  <SortOrder>0</SortOrder>
</Actor>
<Actor>
  <id>71286</id>
  <Image>actors/71286.jpg</Image>
  <Name>Tina Fey</Name>
  <Role>Liz Lemon</Role>
  <SortOrder>0</SortOrder>
</Actor>
<Actor>
  <id>71284</id>
  <Image>actors/71284.jpg</Image>
  <Name>Jane Krakowski</Name>
  <Role>Jenna Maroney</Role>
  <SortOrder>0</SortOrder>
</Actor>
<Actor>
  <id>91431</id>
  <Image>actors/91431.jpg</Image>
  <Name>Katrina Bowden</Name>
  <Role>Cerie Xerox</Role>
  <SortOrder>1</SortOrder>
</Actor>
<Actor>
  <id>77774</id>
  <Image>actors/77774.jpg</Image>
  <Name>Scott Adsit</Name>
  <Role>Pete Hornberger</Role>
  <SortOrder>1</SortOrder>
</Actor>
<Actor>
  <id>77772</id>
  <Image>actors/77772.jpg</Image>
  <Name>Jack McBrayer</Name>
  <Role>Kenneth Parcell</Role>
  <SortOrder>1</SortOrder>
</Actor>
<Actor>
  <id>77773</id>
  <Image>actors/77773.jpg</Image>
  <Name>Judah Friedlander</Name>
  <Role>Frank Rossitano</Role>
  <SortOrder>2</SortOrder>
</Actor>
<Actor>
  <id>71285</id>
  <Image>actors/71285.jpg</Image>
  <Name>Tracy Morgan</Name>
  <Role>Tracy Jordan</Role>
  <SortOrder>2</SortOrder>
</Actor>
<Actor>
  <id>91461</id>
  <Image>actors/91461.jpg</Image>
  <Name>Kevin Brown</Name>
  <Role>Dotcom</Role>
  <SortOrder>3</SortOrder>
</Actor>
<Actor>
  <id>91451</id>
  <Image>actors/91451.jpg</Image>
  <Name>Maulik Pancholy</Name>
  <Role>Jonathan</Role>
  <SortOrder>3</SortOrder>
</Actor>
<Actor>
  <id>91441</id>
  <Image>actors/91441.jpg</Image>
  <Name>Keith Powell</Name>
  <Role>James 'Toofer' Spurlock</Role>
  <SortOrder>3</SortOrder>
</Actor>
<Actor>
  <id>77775</id>
  <Image>actors/77775.jpg</Image>
  <Name>Lonny Ross</Name>
  <Role>Josh Girard</Role>
  <SortOrder>3</SortOrder>
</Actor>
<Actor>
  <id>107881</id>
  <Image>actors/107881.jpg</Image>
  <Name>Grizz Chapman</Name>
  <Role>Grizz</Role>
  <SortOrder>3</SortOrder>
</Actor>
</Actors>