<?xml version="1.0" encoding="UTF-8" ?>
<Banners>
<Banner>
  <id>589511</id>
  <BannerPath>fanart/original/79488-17.jpg</BannerPath>
  <BannerType>fanart</BannerType>
  <BannerType2>1920x1080</BannerType2>
  <Colors>|243,243,243|216,194,170|125,75,50|</Colors>
  <Language>fr</Language>
  <Rating>8.3333</Rating>
  <RatingCount>6</RatingCount>
  <SeriesName>false</SeriesName>
  <ThumbnailPath>_cache/fanart/original/79488-17.jpg</ThumbnailPath>
  <VignettePath>fanart/vignette/79488-17.jpg</VignettePath>
</Banner>
<Banner>
  <id>42604</id>
  <BannerPath>fanart/original/79488-11.jpg</BannerPath>
  <BannerType>fanart</BannerType>
  <BannerType2>1920x1080</BannerType2>
  <Colors>|235,227,206|38,14,4|150,139,85|</Colors>
  <Language>en</Language>
  <Rating>7.7857</Rating>
  <RatingCount>14</RatingCount>
  <SeriesName>false</SeriesName>
  <ThumbnailPath>_cache/fanart/original/79488-11.jpg</ThumbnailPath>
  <VignettePath>fanart/vignette/79488-11.jpg</VignettePath>
</Banner>
<Banner>
  <id>141871</id>
  <BannerPath>fanart/original/79488-14.jpg</BannerPath>
  <BannerType>fanart</BannerType>
  <BannerType2>1280x720</BannerType2>
  <Colors>|255,255,255|20,16,13|119,147,86|</Colors>
  <Language>en</Language>
  <Rating>7.2000</Rating>
  <RatingCount>5</RatingCount>
  <SeriesName>false</SeriesName>
  <ThumbnailPath>_cache/fanart/original/79488-14.jpg</ThumbnailPath>
  <VignettePath>fanart/vignette/79488-14.jpg</VignettePath>
</Banner>
<Banner>
  <id>22078</id>
  <BannerPath>fanart/original/79488-5.jpg</BannerPath>
  <BannerType>fanart</BannerType>
  <BannerType2>1280x720</BannerType2>
  <Colors>|231,215,189|7,3,17|23,18,40|</Colors>
  <Language>en</Language>
  <Rating>7.0000</Rating>
  <RatingCount>6</RatingCount>
  <SeriesName>false</SeriesName>
  <ThumbnailPath>_cache/fanart/original/79488-5.jpg</ThumbnailPath>
  <VignettePath>fanart/vignette/79488-5.jpg</VignettePath>
</Banner>
<Banner>
  <id>20307</id>
  <BannerPath>fanart/original/79488-1.jpg</BannerPath>
  <BannerType>fanart</BannerType>
  <BannerType2>1280x720</BannerType2>
  <Colors>|169,38,43|80,46,73|201,163,142|</Colors>
  <Language>en</Language>
  <Rating>7.0000</Rating>
  <RatingCount>15</RatingCount>
  <SeriesName>false</SeriesName>
  <ThumbnailPath>_cache/fanart/original/79488-1.jpg</ThumbnailPath>
  <VignettePath>fanart/vignette/79488-1.jpg</VignettePath>
</Banner>
<Banner>
  <id>790731</id>
  <BannerPath>fanart/original/79488-22.jpg</BannerPath>
  <BannerType>fanart</BannerType>
  <BannerType2>1920x1080</BannerType2>
  <Colors></Colors>
  <Language>en</Language>
  <Rating>7.0000</Rating>
  <RatingCount>4</RatingCount>
  <SeriesName>false</SeriesName>
  <ThumbnailPath>_cache/fanart/original/79488-22.jpg</ThumbnailPath>
  <VignettePath>fanart/vignette/79488-22.jpg</VignettePath>
</Banner>
<Banner>
  <id>33813</id>
  <BannerPath>fanart/original/79488-10.jpg</BannerPath>
  <BannerType>fanart</BannerType>
  <BannerType2>1280x720</BannerType2>
  <Colors>|254,252,253|16,16,16|186,187,179|</Colors>
  <Language>en</Language>
  <Rating>6.7778</Rating>
  <RatingCount>9</RatingCount>
  <SeriesName>false</SeriesName>
  <ThumbnailPath>_cache/fanart/original/79488-10.jpg</ThumbnailPath>
  <VignettePath>fanart/vignette/79488-10.jpg</VignettePath>
</Banner>
<Banner>
  <id>33812</id>
  <BannerPath>fanart/original/79488-9.jpg</BannerPath>
  <BannerType>fanart</BannerType>
  <BannerType2>1280x720</BannerType2>
  <Colors>|250,250,252|22,21,27|250,221,179|</Colors>
  <Language>en</Language>
  <Rating>6.3333</Rating>
  <RatingCount>6</RatingCount>
  <SeriesName>false</SeriesName>
  <ThumbnailPath>_cache/fanart/original/79488-9.jpg</ThumbnailPath>
  <VignettePath>fanart/vignette/79488-9.jpg</VignettePath>
</Banner>
<Banner>
  <id>772171</id>
  <BannerPath>fanart/original/79488-21.jpg</BannerPath>
  <BannerType>fanart</BannerType>
  <BannerType2>1920x1080</BannerType2>
  <Colors></Colors>
  <Language>en</Language>
  <Rating>6.3333</Rating>
  <RatingCount>3</RatingCount>
  <SeriesName>false</SeriesName>
  <ThumbnailPath>_cache/fanart/original/79488-21.jpg</ThumbnailPath>
  <VignettePath>fanart/vignette/79488-21.jpg</VignettePath>
</Banner>
<Banner>
  <id>123471</id>
  <BannerPath>fanart/original/79488-13.jpg</BannerPath>
  <BannerType>fanart</BannerType>
  <BannerType2>1280x720</BannerType2>
  <Colors>|1,1,1|228,142,117|226,18,52|</Colors>
  <Language>en</Language>
  <Rating>6.3333</Rating>
  <RatingCount>6</RatingCount>
  <SeriesName>false</SeriesName>
  <ThumbnailPath>_cache/fanart/original/79488-13.jpg</ThumbnailPath>
  <VignettePath>fanart/vignette/79488-13.jpg</VignettePath>
</Banner>
<Banner>
  <id>589531</id>
  <BannerPath>fanart/original/79488-19.jpg</BannerPath>
  <BannerType>fanart</BannerType>
  <BannerType2>1920x1080</BannerType2>
  <Colors></Colors>
  <Language>fr</Language>
  <Rating>6.3333</Rating>
  <RatingCount>3</RatingCount>
  <SeriesName>false</SeriesName>
  <ThumbnailPath>_cache/fanart/original/79488-19.jpg</ThumbnailPath>
  <VignettePath>fanart/vignette/79488-19.jpg</VignettePath>
</Banner>
<Banner>
  <id>591191</id>
  <BannerPath>fanart/original/79488-20.jpg</BannerPath>
  <BannerType>fanart</BannerType>
  <BannerType2>1920x1080</BannerType2>
  <Colors>|240,236,225|15,15,15|122,144,62|</Colors>
  <Language>fr</Language>
  <Rating>6.0000</Rating>
  <RatingCount>3</RatingCount>
  <SeriesName>false</SeriesName>
  <ThumbnailPath>_cache/fanart/original/79488-20.jpg</ThumbnailPath>
  <VignettePath>fanart/vignette/79488-20.jpg</VignettePath>
</Banner>
<Banner>
  <id>589521</id>
  <BannerPath>fanart/original/79488-18.jpg</BannerPath>
  <BannerType>fanart</BannerType>
  <BannerType2>1920x1080</BannerType2>
  <Colors></Colors>
  <Language>fr</Language>
  <Rating>6.0000</Rating>
  <RatingCount>3</RatingCount>
  <SeriesName>false</SeriesName>
  <ThumbnailPath>_cache/fanart/original/79488-18.jpg</ThumbnailPath>
  <VignettePath>fanart/vignette/79488-18.jpg</VignettePath>
</Banner>
<Banner>
  <id>20491</id>
  <BannerPath>fanart/original/79488-2.jpg</BannerPath>
  <BannerType>fanart</BannerType>
  <BannerType2>1280x720</BannerType2>
  <Colors>|111,27,27|33,30,47|202,193,178|</Colors>
  <Language>en</Language>
  <Rating>5.8750</Rating>
  <RatingCount>8</RatingCount>
  <SeriesName>false</SeriesName>
  <ThumbnailPath>_cache/fanart/original/79488-2.jpg</ThumbnailPath>
  <VignettePath>fanart/vignette/79488-2.jpg</VignettePath>
</Banner>
<Banner>
  <id>141881</id>
  <BannerPath>fanart/original/79488-15.jpg</BannerPath>
  <BannerType>fanart</BannerType>
  <BannerType2>1280x720</BannerType2>
  <Colors></Colors>
  <Language>en</Language>
  <Rating>5.6667</Rating>
  <RatingCount>6</RatingCount>
  <SeriesName>false</SeriesName>
  <ThumbnailPath>_cache/fanart/original/79488-15.jpg</ThumbnailPath>
  <VignettePath>fanart/vignette/79488-15.jpg</VignettePath>
</Banner>
<Banner>
  <id>33811</id>
  <BannerPath>fanart/original/79488-8.jpg</BannerPath>
  <BannerType>fanart</BannerType>
  <BannerType2>1280x720</BannerType2>
  <Colors>|253,248,245|16,11,33|185,185,219|</Colors>
  <Language>en</Language>
  <Rating>5.3333</Rating>
  <RatingCount>6</RatingCount>
  <SeriesName>false</SeriesName>
  <ThumbnailPath>_cache/fanart/original/79488-8.jpg</ThumbnailPath>
  <VignettePath>fanart/vignette/79488-8.jpg</VignettePath>
</Banner>
<Banner>
  <id>33352</id>
  <BannerPath>fanart/original/79488-7.jpg</BannerPath>
  <BannerType>fanart</BannerType>
  <BannerType2>1920x1080</BannerType2>
  <Colors>|167,172,210|8,15,44|62,67,89|</Colors>
  <Language>en</Language>
  <Rating>5.1667</Rating>
  <RatingCount>6</RatingCount>
  <SeriesName>false</SeriesName>
  <ThumbnailPath>_cache/fanart/original/79488-7.jpg</ThumbnailPath>
  <VignettePath>fanart/vignette/79488-7.jpg</VignettePath>
</Banner>
<Banner>
  <id>22077</id>
  <BannerPath>fanart/original/79488-4.jpg</BannerPath>
  <BannerType>fanart</BannerType>
  <BannerType2>1280x720</BannerType2>
  <Colors>|211,217,229|19,20,22|154,167,186|</Colors>
  <Language>en</Language>
  <Rating>4.2000</Rating>
  <RatingCount>5</RatingCount>
  <SeriesName>false</SeriesName>
  <ThumbnailPath>_cache/fanart/original/79488-4.jpg</ThumbnailPath>
  <VignettePath>fanart/vignette/79488-4.jpg</VignettePath>
</Banner>
<Banner>
  <id>27448</id>
  <BannerPath>fanart/original/79488-6.jpg</BannerPath>
  <BannerType>fanart</BannerType>
  <BannerType2>1280x720</BannerType2>
  <Colors></Colors>
  <Language>en</Language>
  <Rating>3.8333</Rating>
  <RatingCount>6</RatingCount>
  <SeriesName>false</SeriesName>
  <ThumbnailPath>_cache/fanart/original/79488-6.jpg</ThumbnailPath>
  <VignettePath>fanart/vignette/79488-6.jpg</VignettePath>
</Banner>
<Banner>
  <id>141891</id>
  <BannerPath>fanart/original/79488-16.jpg</BannerPath>
  <BannerType>fanart</BannerType>
  <BannerType2>1280x720</BannerType2>
  <Colors></Colors>
  <Language>en</Language>
  <Rating>3.8000</Rating>
  <RatingCount>5</RatingCount>
  <SeriesName>false</SeriesName>
  <ThumbnailPath>_cache/fanart/original/79488-16.jpg</ThumbnailPath>
  <VignettePath>fanart/vignette/79488-16.jpg</VignettePath>
</Banner>
<Banner>
  <id>89391</id>
  <BannerPath>fanart/original/79488-12.jpg</BannerPath>
  <BannerType>fanart</BannerType>
  <BannerType2>1280x720</BannerType2>
  <Colors>|50,19,34|232,29,33|0,164,96|</Colors>
  <Language>en</Language>
  <Rating>1.7500</Rating>
  <RatingCount>4</RatingCount>
  <SeriesName>true</SeriesName>
  <ThumbnailPath>_cache/fanart/original/79488-12.jpg</ThumbnailPath>
  <VignettePath>fanart/vignette/79488-12.jpg</VignettePath>
</Banner>
<Banner>
  <id>889122</id>
  <BannerPath>fanart/original/79488-3.jpg</BannerPath>
  <BannerType>fanart</BannerType>
  <BannerType2>1280x720</BannerType2>
  <Colors></Colors>
  <Language>de</Language>
  <Rating></Rating>
  <RatingCount>0</RatingCount>
  <SeriesName>false</SeriesName>
  <ThumbnailPath>_cache/fanart/original/79488-3.jpg</ThumbnailPath>
  <VignettePath>fanart/vignette/79488-3.jpg</VignettePath>
</Banner>
<Banner>
  <id>119281</id>
  <BannerPath>posters/79488-6.jpg</BannerPath>
  <BannerType>poster</BannerType>
  <BannerType2>680x1000</BannerType2>
  <Language>en</Language>
  <Rating>7.8333</Rating>
  <RatingCount>12</RatingCount>
</Banner>
<Banner>
  <id>877167</id>
  <BannerPath>posters/79488-7.jpg</BannerPath>
  <BannerType>poster</BannerType>
  <BannerType2>680x1000</BannerType2>
  <Language>en</Language>
  <Rating>7.5000</Rating>
  <RatingCount>4</RatingCount>
</Banner>
<Banner>
  <id>25359</id>
  <BannerPath>posters/79488-1.jpg</BannerPath>
  <BannerType>poster</BannerType>
  <BannerType2>680x1000</BannerType2>
  <Language>en</Language>
  <Rating>6.2500</Rating>
  <RatingCount>8</RatingCount>
</Banner>
<Banner>
  <id>33032</id>
  <BannerPath>posters/79488-4.jpg</BannerPath>
  <BannerType>poster</BannerType>
  <BannerType2>680x1000</BannerType2>
  <Language>en</Language>
  <Rating>5.8000</Rating>
  <RatingCount>5</RatingCount>
</Banner>
<Banner>
  <id>33026</id>
  <BannerPath>posters/79488-2.jpg</BannerPath>
  <BannerType>poster</BannerType>
  <BannerType2>680x1000</BannerType2>
  <Language>en</Language>
  <Rating>4.0000</Rating>
  <RatingCount>4</RatingCount>
</Banner>
<Banner>
  <id>33030</id>
  <BannerPath>posters/79488-3.jpg</BannerPath>
  <BannerType>poster</BannerType>
  <BannerType2>680x1000</BannerType2>
  <Language>en</Language>
  <Rating>3.5000</Rating>
  <RatingCount>4</RatingCount>
</Banner>
<Banner>
  <id>892448</id>
  <BannerPath>posters/79488-8.jpg</BannerPath>
  <BannerType>poster</BannerType>
  <BannerType2>680x1000</BannerType2>
  <Language>en</Language>
  <Rating>1.0000</Rating>
  <RatingCount>1</RatingCount>
</Banner>
<Banner>
  <id>648741</id>
  <BannerPath>seasons/79488-4-2.jpg</BannerPath>
  <BannerType>season</BannerType>
  <BannerType2>season</BannerType2>
  <Language>en</Language>
  <Rating>10.0000</Rating>
  <RatingCount>5</RatingCount>
  <Season>4</Season>
</Banner>
<Banner>
  <id>891794</id>
  <BannerPath>seasons/79488-2-6.jpg</BannerPath>
  <BannerType>season</BannerType>
  <BannerType2>season</BannerType2>
  <Language>en</Language>
  <Rating>10.0000</Rating>
  <RatingCount>2</RatingCount>
  <Season>2</Season>
</Banner>
<Banner>
  <id>236561</id>
  <BannerPath>seasons/79488-3-3.jpg</BannerPath>
  <BannerType>season</BannerType>
  <BannerType2>season</BannerType2>
  <Language>en</Language>
  <Rating>9.7143</Rating>
  <RatingCount>7</RatingCount>
  <Season>3</Season>
</Banner>
<Banner>
  <id>891789</id>
  <BannerPath>seasons/79488-5-5.jpg</BannerPath>
  <BannerType>season</BannerType>
  <BannerType2>season</BannerType2>
  <Language>en</Language>
  <Rating>9.5000</Rating>
  <RatingCount>2</RatingCount>
  <Season>5</Season>
</Banner>
<Banner>
  <id>141851</id>
  <BannerPath>seasons/79488-1-4.jpg</BannerPath>
  <BannerType>season</BannerType>
  <BannerType2>season</BannerType2>
  <Language>en</Language>
  <Rating>8.8333</Rating>
  <RatingCount>6</RatingCount>
  <Season>1</Season>
</Banner>
<Banner>
  <id>36777</id>
  <BannerPath>seasons/79488-2-3.jpg</BannerPath>
  <BannerType>season</BannerType>
  <BannerType2>season</BannerType2>
  <Language>fr</Language>
  <Rating>8.0000</Rating>
  <RatingCount>7</RatingCount>
  <Season>2</Season>
</Banner>
<Banner>
  <id>619401</id>
  <BannerPath>seasons/79488-5.jpg</BannerPath>
  <BannerType>season</BannerType>
  <BannerType2>season</BannerType2>
  <Language>en</Language>
  <Rating>6.8000</Rating>
  <RatingCount>5</RatingCount>
  <Season>5</Season>
</Banner>
<Banner>
  <id>141861</id>
  <BannerPath>seasons/79488-2-4.jpg</BannerPath>
  <BannerType>season</BannerType>
  <BannerType2>season</BannerType2>
  <Language>en</Language>
  <Rating>6.5000</Rating>
  <RatingCount>4</RatingCount>
  <Season>2</Season>
</Banner>
<Banner>
  <id>875207</id>
  <BannerPath>seasons/79488-5-3.jpg</BannerPath>
  <BannerType>season</BannerType>
  <BannerType2>season</BannerType2>
  <Language>en</Language>
  <Rating>6.4000</Rating>
  <RatingCount>5</RatingCount>
  <Season>5</Season>
</Banner>
<Banner>
  <id>259151</id>
  <BannerPath>seasons/79488-4.jpg</BannerPath>
  <BannerType>season</BannerType>
  <BannerType2>season</BannerType2>
  <Language>en</Language>
  <Rating>5.4000</Rating>
  <RatingCount>5</RatingCount>
  <Season>4</Season>
</Banner>
<Banner>
  <id>39062</id>
  <BannerPath>seasons/79488-3-2.jpg</BannerPath>
  <BannerType>season</BannerType>
  <BannerType2>season</BannerType2>
  <Language>en</Language>
  <Rating>5.2857</Rating>
  <RatingCount>7</RatingCount>
  <Season>3</Season>
</Banner>
<Banner>
  <id>19487</id>
  <BannerPath>seasons/79488-1-2.jpg</BannerPath>
  <BannerType>season</BannerType>
  <BannerType2>season</BannerType2>
  <Language>en</Language>
  <Rating>5.2000</Rating>
  <RatingCount>5</RatingCount>
  <Season>1</Season>
</Banner>
<Banner>
  <id>19488</id>
  <BannerPath>seasons/79488-2-2.jpg</BannerPath>
  <BannerType>season</BannerType>
  <BannerType2>season</BannerType2>
  <Language>en</Language>
  <Rating>5.2000</Rating>
  <RatingCount>5</RatingCount>
  <Season>2</Season>
</Banner>
<Banner>
  <id>16175</id>
  <BannerPath>seasons/79488-2.jpg</BannerPath>
  <BannerType>season</BannerType>
  <BannerType2>season</BannerType2>
  <Language>en</Language>
  <Rating>4.7143</Rating>
  <RatingCount>7</RatingCount>
  <Season>2</Season>
</Banner>
<Banner>
  <id>42635</id>
  <BannerPath>seasons/79488-1-3.jpg</BannerPath>
  <BannerType>season</BannerType>
  <BannerType2>season</BannerType2>
  <Language>en</Language>
  <Rating>4.6000</Rating>
  <RatingCount>5</RatingCount>
  <Season>1</Season>
</Banner>
<Banner>
  <id>891791</id>
  <BannerPath>seasons/79488-3-4.jpg</BannerPath>
  <BannerType>season</BannerType>
  <BannerType2>season</BannerType2>
  <Language>en</Language>
  <Rating>4.0000</Rating>
  <RatingCount>1</RatingCount>
  <Season>3</Season>
</Banner>
<Banner>
  <id>9740</id>
  <BannerPath>seasons/79488-1.jpg</BannerPath>
  <BannerType>season</BannerType>
  <BannerType2>season</BannerType2>
  <Language>en</Language>
  <Rating>2.0000</Rating>
  <RatingCount>5</RatingCount>
  <Season>1</Season>
</Banner>
<Banner>
  <id>34186</id>
  <BannerPath>seasons/79488-3.jpg</BannerPath>
  <BannerType>season</BannerType>
  <BannerType2>season</BannerType2>
  <Language>en</Language>
  <Rating>1.6000</Rating>
  <RatingCount>5</RatingCount>
  <Season>3</Season>
</Banner>
<Banner>
  <id>46271</id>
  <BannerPath>seasons/79488-0.jpg</BannerPath>
  <BannerType>season</BannerType>
  <BannerType2>season</BannerType2>
  <Language>en</Language>
  <Rating>1.0000</Rating>
  <RatingCount>1</RatingCount>
  <Season>0</Season>
</Banner>
<Banner>
  <id>891790</id>
  <BannerPath>seasons/79488-4-3.jpg</BannerPath>
  <BannerType>season</BannerType>
  <BannerType2>season</BannerType2>
  <Language>en</Language>
  <Rating></Rating>
  <RatingCount>0</RatingCount>
  <Season>4</Season>
</Banner>
<Banner>
  <id>891792</id>
  <BannerPath>seasons/79488-1-5.jpg</BannerPath>
  <BannerType>season</BannerType>
  <BannerType2>season</BannerType2>
  <Language>en</Language>
  <Rating></Rating>
  <RatingCount>0</RatingCount>
  <Season>1</Season>
</Banner>
<Banner>
  <id>883167</id>
  <BannerPath>seasons/79488-6.jpg</BannerPath>
  <BannerType>season</BannerType>
  <BannerType2>season</BannerType2>
  <Language>en</Language>
  <Rating></Rating>
  <RatingCount>0</RatingCount>
  <Season>6</Season>
</Banner>
<Banner>
  <id>884271</id>
  <BannerPath>seasons/79488-2-5.jpg</BannerPath>
  <BannerType>season</BannerType>
  <BannerType2>season</BannerType2>
  <Language>en</Language>
  <Rating></Rating>
  <RatingCount>0</RatingCount>
  <Season>2</Season>
</Banner>
<Banner>
  <id>861235</id>
  <BannerPath>seasons/79488-5-2.jpg</BannerPath>
  <BannerType>season</BannerType>
  <BannerType2>season</BannerType2>
  <Language>en</Language>
  <Rating></Rating>
  <RatingCount>0</RatingCount>
  <Season>5</Season>
</Banner>
<Banner>
  <id>708811</id>
  <BannerPath>seasonswide/79488-5.jpg</BannerPath>
  <BannerType>season</BannerType>
  <BannerType2>seasonwide</BannerType2>
  <Language>en</Language>
  <Rating></Rating>
  <RatingCount>0</RatingCount>
  <Season>5</Season>
</Banner>
<Banner>
  <id>401221</id>
  <BannerPath>graphical/79488-g11.jpg</BannerPath>
  <BannerType>series</BannerType>
  <BannerType2>graphical</BannerType2>
  <Language>en</Language>
  <Rating>7.8000</Rating>
  <RatingCount>10</RatingCount>
</Banner>
<Banner>
  <id>9739</id>
  <BannerPath>graphical/79488-g.jpg</BannerPath>
  <BannerType>series</BannerType>
  <BannerType2>graphical</BannerType2>
  <Language>en</Language>
  <Rating>7.0000</Rating>
  <RatingCount>15</RatingCount>
</Banner>
<Banner>
  <id>224311</id>
  <BannerPath>graphical/79488-g9.jpg</BannerPath>
  <BannerType>series</BannerType>
  <BannerType2>graphical</BannerType2>
  <Language>en</Language>
  <Rating>7.0000</Rating>
  <RatingCount>7</RatingCount>
</Banner>
<Banner>
  <id>239821</id>
  <BannerPath>graphical/79488-g10.jpg</BannerPath>
  <BannerType>series</BannerType>
  <BannerType2>graphical</BannerType2>
  <Language>en</Language>
  <Rating>7.0000</Rating>
  <RatingCount>14</RatingCount>
</Banner>
<Banner>
  <id>902234</id>
  <BannerPath>graphical/79488-g13.jpg</BannerPath>
  <BannerType>series</BannerType>
  <BannerType2>graphical</BannerType2>
  <Language>he</Language>
  <Rating>7.0000</Rating>
  <RatingCount>3</RatingCount>
</Banner>
<Banner>
  <id>42583</id>
  <BannerPath>graphical/79488-g8.jpg</BannerPath>
  <BannerType>series</BannerType>
  <BannerType2>graphical</BannerType2>
  <Language>en</Language>
  <Rating>6.7143</Rating>
  <RatingCount>7</RatingCount>
</Banner>
<Banner>
  <id>18177</id>
  <BannerPath>graphical/79488-g5.jpg</BannerPath>
  <BannerType>series</BannerType>
  <BannerType2>graphical</BannerType2>
  <Language>en</Language>
  <Rating>6.6667</Rating>
  <RatingCount>9</RatingCount>
</Banner>
<Banner>
  <id>17852</id>
  <BannerPath>graphical/79488-g4.jpg</BannerPath>
  <BannerType>series</BannerType>
  <BannerType2>graphical</BannerType2>
  <Language>en</Language>
  <Rating>6.6000</Rating>
  <RatingCount>10</RatingCount>
</Banner>
<Banner>
  <id>479751</id>
  <BannerPath>graphical/79488-g12.jpg</BannerPath>
  <BannerType>series</BannerType>
  <BannerType2>graphical</BannerType2>
  <Language>en</Language>
  <Rating>6.6000</Rating>
  <RatingCount>5</RatingCount>
</Banner>
<Banner>
  <id>166691</id>
  <BannerPath>blank/79488-2.jpg</BannerPath>
  <BannerType>series</BannerType>
  <BannerType2>blank</BannerType2>
  <Language></Language>
  <Rating>6.0000</Rating>
  <RatingCount>2</RatingCount>
</Banner>
<Banner>
  <id>21583</id>
  <BannerPath>graphical/79488-g6.jpg</BannerPath>
  <BannerType>series</BannerType>
  <BannerType2>graphical</BannerType2>
  <Language>en</Language>
  <Rating>5.8571</Rating>
  <RatingCount>7</RatingCount>
</Banner>
<Banner>
  <id>35750</id>
  <BannerPath>graphical/79488-g7.jpg</BannerPath>
  <BannerType>series</BannerType>
  <BannerType2>graphical</BannerType2>
  <Language>en</Language>
  <Rating>5.0000</Rating>
  <RatingCount>5</RatingCount>
</Banner>
<Banner>
  <id>13001</id>
  <BannerPath>blank/79488.jpg</BannerPath>
  <BannerType>series</BannerType>
  <BannerType2>blank</BannerType2>
  <Language>en</Language>
  <Rating>1.7500</Rating>
  <RatingCount>4</RatingCount>
</Banner>
<Banner>
  <id>9539</id>
  <BannerPath>text/79488.jpg</BannerPath>
  <BannerType>series</BannerType>
  <BannerType2>text</BannerType2>
  <Language>en</Language>
  <Rating>1.3333</Rating>
  <RatingCount>3</RatingCount>
</Banner>
<Banner>
  <id>15733</id>
  <BannerPath>graphical/79488-g2.jpg</BannerPath>
  <BannerType>series</BannerType>
  <BannerType2>graphical</BannerType2>
  <Language>en</Language>
  <Rating>1.2500</Rating>
  <RatingCount>4</RatingCount>
</Banner>
<Banner>
  <id>15734</id>
  <BannerPath>graphical/79488-g3.jpg</BannerPath>
  <BannerType>series</BannerType>
  <BannerType2>graphical</BannerType2>
  <Language>en</Language>
  <Rating>1.2000</Rating>
  <RatingCount>5</RatingCount>
</Banner>
</Banners>