<?xml version="1.0" encoding="UTF-8" ?>
<Actors>
<Actor>
  <id>41068</id>
  <Image>actors/41068.jpg</Image>
  <Name>Josh Radnor</Name>
  <Role>Ted Mosby</Role>
  <SortOrder>0</SortOrder>
</Actor>
<Actor>
  <id>41066</id>
  <Image>actors/41066.jpg</Image>
  <Name>Cobie Smulders</Name>
  <Role>Robin Scherbatsky</Role>
  <SortOrder>0</SortOrder>
</Actor>
<Actor>
  <id>41069</id>
  <Image>actors/41069.jpg</Image>
  <Name>Neil Patrick Harris</Name>
  <Role>Barney Stinson</Role>
  <SortOrder>1</SortOrder>
</Actor>
<Actor>
  <id>41067</id>
  <Image>actors/41067.jpg</Image>
  <Name>Jason Segel</Name>
  <Role>Marshall Eriksen</Role>
  <SortOrder>2</SortOrder>
</Actor>
<Actor>
  <id>41064</id>
  <Image>actors/41064.jpg</Image>
  <Name>Alyson Hannigan</Name>
  <Role>Lily Aldrin</Role>
  <SortOrder>2</SortOrder>
</Actor>
<Actor>
  <id>41065</id>
  <Image>actors/41065.jpg</Image>
  <Name>Bob Saget</Name>
  <Role>Narrator</Role>
  <SortOrder>3</SortOrder>
</Actor>
</Actors>