<?xml version="1.0" encoding="UTF-8" ?>
<Actors>
<Actor>
  <id>291775</id>
  <Image>actors/291775.jpg</Image>
  <Name>Joe Gilgun</Name>
  <Role>Rudy</Role>
  <SortOrder>3</SortOrder>
</Actor>
<Actor>
  <id>134881</id>
  <Image>actors/134881.jpg</Image>
  <Name>Nathan Stewart-Jarrett</Name>
  <Role>Curtis</Role>
  <SortOrder>3</SortOrder>
</Actor>
<Actor>
  <id>122481</id>
  <Image>actors/122481.jpg</Image>
  <Name>Iwan Rheon</Name>
  <Role>Simon</Role>
  <SortOrder>3</SortOrder>
</Actor>
<Actor>
  <id>122471</id>
  <Image>actors/122471.jpg</Image>
  <Name>Lauren Socha</Name>
  <Role>Kelly</Role>
  <SortOrder>3</SortOrder>
</Actor>
<Actor>
  <id>122461</id>
  <Image>actors/122461.jpg</Image>
  <Name>Robert Sheehan</Name>
  <Role>Nathan</Role>
  <SortOrder>3</SortOrder>
</Actor>
<Actor>
  <id>122451</id>
  <Image>actors/122451.jpg</Image>
  <Name>Antonia Thomas</Name>
  <Role>Alisha</Role>
  <SortOrder>3</SortOrder>
</Actor>
</Actors>