<?xml version="1.0" encoding="UTF-8" ?>
<Banners>
<Banner>
  <id>883531</id>
  <BannerPath>fanart/original/124051-14.jpg</BannerPath>
  <BannerType>fanart</BannerType>
  <BannerType2>1920x1080</BannerType2>
  <Colors></Colors>
  <Language>en</Language>
  <Rating>10.0000</Rating>
  <RatingCount>3</RatingCount>
  <SeriesName>false</SeriesName>
  <ThumbnailPath>_cache/fanart/original/124051-14.jpg</ThumbnailPath>
  <VignettePath>fanart/vignette/124051-14.jpg</VignettePath>
</Banner>
<Banner>
  <id>698541</id>
  <BannerPath>fanart/original/124051-10.jpg</BannerPath>
  <BannerType>fanart</BannerType>
  <BannerType2>1280x720</BannerType2>
  <Colors>|48,56,67|141,65,65|33,34,38|</Colors>
  <Language>en</Language>
  <Rating>9.0000</Rating>
  <RatingCount>4</RatingCount>
  <SeriesName>false</SeriesName>
  <ThumbnailPath>_cache/fanart/original/124051-10.jpg</ThumbnailPath>
  <VignettePath>fanart/vignette/124051-10.jpg</VignettePath>
</Banner>
<Banner>
  <id>698501</id>
  <BannerPath>fanart/original/124051-8.jpg</BannerPath>
  <BannerType>fanart</BannerType>
  <BannerType2>1280x720</BannerType2>
  <Colors></Colors>
  <Language>en</Language>
  <Rating>9.0000</Rating>
  <RatingCount>4</RatingCount>
  <SeriesName>false</SeriesName>
  <ThumbnailPath>_cache/fanart/original/124051-8.jpg</ThumbnailPath>
  <VignettePath>fanart/vignette/124051-8.jpg</VignettePath>
</Banner>
<Banner>
  <id>736291</id>
  <BannerPath>fanart/original/124051-11.jpg</BannerPath>
  <BannerType>fanart</BannerType>
  <BannerType2>1920x1080</BannerType2>
  <Colors>|198,180,178|13,9,6|204,44,28|</Colors>
  <Language>de</Language>
  <Rating>5.5000</Rating>
  <RatingCount>2</RatingCount>
  <SeriesName>false</SeriesName>
  <ThumbnailPath>_cache/fanart/original/124051-11.jpg</ThumbnailPath>
  <VignettePath>fanart/vignette/124051-11.jpg</VignettePath>
</Banner>
<Banner>
  <id>894228</id>
  <BannerPath>fanart/original/124051-2.jpg</BannerPath>
  <BannerType>fanart</BannerType>
  <BannerType2>1920x1080</BannerType2>
  <Colors></Colors>
  <Language>de</Language>
  <Rating>5.5000</Rating>
  <RatingCount>2</RatingCount>
  <SeriesName>false</SeriesName>
  <ThumbnailPath>_cache/fanart/original/124051-2.jpg</ThumbnailPath>
  <VignettePath>fanart/vignette/124051-2.jpg</VignettePath>
</Banner>
<Banner>
  <id>283281</id>
  <BannerPath>fanart/original/124051-4.jpg</BannerPath>
  <BannerType>fanart</BannerType>
  <BannerType2>1280x720</BannerType2>
  <Colors>|99,50,43|39,23,23|113,108,104|</Colors>
  <Language>en</Language>
  <Rating>5.2000</Rating>
  <RatingCount>5</RatingCount>
  <SeriesName>false</SeriesName>
  <ThumbnailPath>_cache/fanart/original/124051-4.jpg</ThumbnailPath>
  <VignettePath>fanart/vignette/124051-4.jpg</VignettePath>
</Banner>
<Banner>
  <id>892074</id>
  <BannerPath>fanart/original/124051-15.jpg</BannerPath>
  <BannerType>fanart</BannerType>
  <BannerType2>1920x1080</BannerType2>
  <Colors></Colors>
  <Language>en</Language>
  <Rating>5.0000</Rating>
  <RatingCount>1</RatingCount>
  <SeriesName>false</SeriesName>
  <ThumbnailPath>_cache/fanart/original/124051-15.jpg</ThumbnailPath>
  <VignettePath>fanart/vignette/124051-15.jpg</VignettePath>
</Banner>
<Banner>
  <id>283271</id>
  <BannerPath>fanart/original/124051-3.jpg</BannerPath>
  <BannerType>fanart</BannerType>
  <BannerType2>1280x720</BannerType2>
  <Colors></Colors>
  <Language>en</Language>
  <Rating>4.5000</Rating>
  <RatingCount>4</RatingCount>
  <SeriesName>false</SeriesName>
  <ThumbnailPath>_cache/fanart/original/124051-3.jpg</ThumbnailPath>
  <VignettePath>fanart/vignette/124051-3.jpg</VignettePath>
</Banner>
<Banner>
  <id>323321</id>
  <BannerPath>fanart/original/124051-1.jpg</BannerPath>
  <BannerType>fanart</BannerType>
  <BannerType2>1280x720</BannerType2>
  <Colors></Colors>
  <Language>en</Language>
  <Rating>4.5000</Rating>
  <RatingCount>4</RatingCount>
  <SeriesName>false</SeriesName>
  <ThumbnailPath>_cache/fanart/original/124051-1.jpg</ThumbnailPath>
  <VignettePath>fanart/vignette/124051-1.jpg</VignettePath>
</Banner>
<Banner>
  <id>668401</id>
  <BannerPath>fanart/original/124051-7.jpg</BannerPath>
  <BannerType>fanart</BannerType>
  <BannerType2>1280x720</BannerType2>
  <Colors></Colors>
  <Language>en</Language>
  <Rating>4.0000</Rating>
  <RatingCount>1</RatingCount>
  <SeriesName>false</SeriesName>
  <ThumbnailPath>_cache/fanart/original/124051-7.jpg</ThumbnailPath>
  <VignettePath>fanart/vignette/124051-7.jpg</VignettePath>
</Banner>
<Banner>
  <id>668391</id>
  <BannerPath>fanart/original/124051-6.jpg</BannerPath>
  <BannerType>fanart</BannerType>
  <BannerType2>1280x720</BannerType2>
  <Colors></Colors>
  <Language>en</Language>
  <Rating>4.0000</Rating>
  <RatingCount>1</RatingCount>
  <SeriesName>false</SeriesName>
  <ThumbnailPath>_cache/fanart/original/124051-6.jpg</ThumbnailPath>
  <VignettePath>fanart/vignette/124051-6.jpg</VignettePath>
</Banner>
<Banner>
  <id>882613</id>
  <BannerPath>fanart/original/124051-13.jpg</BannerPath>
  <BannerType>fanart</BannerType>
  <BannerType2>1280x720</BannerType2>
  <Colors></Colors>
  <Language>en</Language>
  <Rating>1.0000</Rating>
  <RatingCount>1</RatingCount>
  <SeriesName>false</SeriesName>
  <ThumbnailPath>_cache/fanart/original/124051-13.jpg</ThumbnailPath>
  <VignettePath>fanart/vignette/124051-13.jpg</VignettePath>
</Banner>
<Banner>
  <id>894229</id>
  <BannerPath>fanart/original/124051-5.jpg</BannerPath>
  <BannerType>fanart</BannerType>
  <BannerType2>1920x1080</BannerType2>
  <Colors></Colors>
  <Language>de</Language>
  <Rating></Rating>
  <RatingCount>0</RatingCount>
  <SeriesName>false</SeriesName>
  <ThumbnailPath>_cache/fanart/original/124051-5.jpg</ThumbnailPath>
  <VignettePath>fanart/vignette/124051-5.jpg</VignettePath>
</Banner>
<Banner>
  <id>698521</id>
  <BannerPath>fanart/original/124051-9.jpg</BannerPath>
  <BannerType>fanart</BannerType>
  <BannerType2>1280x720</BannerType2>
  <Colors>|159,93,94|46,18,14|199,198,194|</Colors>
  <Language>en</Language>
  <Rating></Rating>
  <RatingCount>0</RatingCount>
  <SeriesName>false</SeriesName>
  <ThumbnailPath>_cache/fanart/original/124051-9.jpg</ThumbnailPath>
  <VignettePath>fanart/vignette/124051-9.jpg</VignettePath>
</Banner>
<Banner>
  <id>860057</id>
  <BannerPath>fanart/original/124051-12.jpg</BannerPath>
  <BannerType>fanart</BannerType>
  <BannerType2>1280x720</BannerType2>
  <Colors>|57,87,113|38,69,100|198,99,102|</Colors>
  <Language>fr</Language>
  <Rating></Rating>
  <RatingCount>0</RatingCount>
  <SeriesName>false</SeriesName>
  <ThumbnailPath>_cache/fanart/original/124051-12.jpg</ThumbnailPath>
  <VignettePath>fanart/vignette/124051-12.jpg</VignettePath>
</Banner>
<Banner>
  <id>889945</id>
  <BannerPath>posters/124051-6.jpg</BannerPath>
  <BannerType>poster</BannerType>
  <BannerType2>680x1000</BannerType2>
  <Language>en</Language>
  <Rating>10.0000</Rating>
  <RatingCount>1</RatingCount>
</Banner>
<Banner>
  <id>676131</id>
  <BannerPath>posters/124051-4.jpg</BannerPath>
  <BannerType>poster</BannerType>
  <BannerType2>680x1000</BannerType2>
  <Language>en</Language>
  <Rating>10.0000</Rating>
  <RatingCount>4</RatingCount>
</Banner>
<Banner>
  <id>283291</id>
  <BannerPath>posters/124051-1.jpg</BannerPath>
  <BannerType>poster</BannerType>
  <BannerType2>680x1000</BannerType2>
  <Language>en</Language>
  <Rating>9.0000</Rating>
  <RatingCount>2</RatingCount>
</Banner>
<Banner>
  <id>283301</id>
  <BannerPath>posters/124051-2.jpg</BannerPath>
  <BannerType>poster</BannerType>
  <BannerType2>680x1000</BannerType2>
  <Language>en</Language>
  <Rating>6.0000</Rating>
  <RatingCount>2</RatingCount>
</Banner>
<Banner>
  <id>889121</id>
  <BannerPath>posters/124051-5.jpg</BannerPath>
  <BannerType>poster</BannerType>
  <BannerType2>680x1000</BannerType2>
  <Language>en</Language>
  <Rating>1.0000</Rating>
  <RatingCount>1</RatingCount>
</Banner>
<Banner>
  <id>900993</id>
  <BannerPath>seasons/124051-3-3.jpg</BannerPath>
  <BannerType>season</BannerType>
  <BannerType2>season</BannerType2>
  <Language>en</Language>
  <Rating>10.0000</Rating>
  <RatingCount>1</RatingCount>
  <Season>3</Season>
</Banner>
<Banner>
  <id>698601</id>
  <BannerPath>seasons/124051-2-2.jpg</BannerPath>
  <BannerType>season</BannerType>
  <BannerType2>season</BannerType2>
  <Language>en</Language>
  <Rating>9.5000</Rating>
  <RatingCount>2</RatingCount>
  <Season>2</Season>
</Banner>
<Banner>
  <id>883539</id>
  <BannerPath>seasons/124051-3.jpg</BannerPath>
  <BannerType>season</BannerType>
  <BannerType2>season</BannerType2>
  <Language>en</Language>
  <Rating>7.7500</Rating>
  <RatingCount>4</RatingCount>
  <Season>3</Season>
</Banner>
<Banner>
  <id>673531</id>
  <BannerPath>seasons/124051-1-2.jpg</BannerPath>
  <BannerType>season</BannerType>
  <BannerType2>season</BannerType2>
  <Language>en</Language>
  <Rating>7.6667</Rating>
  <RatingCount>3</RatingCount>
  <Season>1</Season>
</Banner>
<Banner>
  <id>698631</id>
  <BannerPath>seasons/124051-1-3.jpg</BannerPath>
  <BannerType>season</BannerType>
  <BannerType2>season</BannerType2>
  <Language>en</Language>
  <Rating>7.0000</Rating>
  <RatingCount>3</RatingCount>
  <Season>1</Season>
</Banner>
<Banner>
  <id>889716</id>
  <BannerPath>seasons/124051-2-3.jpg</BannerPath>
  <BannerType>season</BannerType>
  <BannerType2>season</BannerType2>
  <Language>en</Language>
  <Rating>6.0000</Rating>
  <RatingCount>2</RatingCount>
  <Season>2</Season>
</Banner>
<Banner>
  <id>886657</id>
  <BannerPath>seasons/124051-1-4.jpg</BannerPath>
  <BannerType>season</BannerType>
  <BannerType2>season</BannerType2>
  <Language>en</Language>
  <Rating>5.5000</Rating>
  <RatingCount>2</RatingCount>
  <Season>1</Season>
</Banner>
<Banner>
  <id>889897</id>
  <BannerPath>seasons/124051-3-2.jpg</BannerPath>
  <BannerType>season</BannerType>
  <BannerType2>season</BannerType2>
  <Language>en</Language>
  <Rating>5.5000</Rating>
  <RatingCount>2</RatingCount>
  <Season>3</Season>
</Banner>
<Banner>
  <id>671591</id>
  <BannerPath>seasons/124051-2.jpg</BannerPath>
  <BannerType>season</BannerType>
  <BannerType2>season</BannerType2>
  <Language>en</Language>
  <Rating></Rating>
  <RatingCount>0</RatingCount>
  <Season>2</Season>
</Banner>
<Banner>
  <id>288021</id>
  <BannerPath>seasons/124051-1.jpg</BannerPath>
  <BannerType>season</BannerType>
  <BannerType2>season</BannerType2>
  <Language>en</Language>
  <Rating></Rating>
  <RatingCount>0</RatingCount>
  <Season>1</Season>
</Banner>
<Banner>
  <id>281491</id>
  <BannerPath>graphical/124051-g.jpg</BannerPath>
  <BannerType>series</BannerType>
  <BannerType2>graphical</BannerType2>
  <Language>en</Language>
  <Rating>10.0000</Rating>
  <RatingCount>3</RatingCount>
</Banner>
<Banner>
  <id>703201</id>
  <BannerPath>graphical/124051-g2.jpg</BannerPath>
  <BannerType>series</BannerType>
  <BannerType2>graphical</BannerType2>
  <Language>en</Language>
  <Rating>7.0000</Rating>
  <RatingCount>2</RatingCount>
</Banner>
<Banner>
  <id>884383</id>
  <BannerPath>graphical/124051-g3.jpg</BannerPath>
  <BannerType>series</BannerType>
  <BannerType2>graphical</BannerType2>
  <Language>en</Language>
  <Rating></Rating>
  <RatingCount>0</RatingCount>
</Banner>
<Banner>
  <id>884392</id>
  <BannerPath>graphical/124051-g4.jpg</BannerPath>
  <BannerType>series</BannerType>
  <BannerType2>graphical</BannerType2>
  <Language>en</Language>
  <Rating></Rating>
  <RatingCount>0</RatingCount>
</Banner>
</Banners>