<?xml version="1.0" encoding="UTF-8" ?>
<Data><Series>
  <id>124051</id>
  <Actors>|Joe Gilgun|Nathan Stewart-Jarrett|Iwan Rheon|Lauren Socha|Robert Sheehan|Antonia Thomas|</Actors>
  <Airs_DayOfWeek>Sunday</Airs_DayOfWeek>
  <Airs_Time>10:00 PM</Airs_Time>
  <ContentRating>TV-14</ContentRating>
  <FirstAired>2009-11-12</FirstAired>
  <Genre>|Comedy|Drama|Science-Fiction|</Genre>
  <IMDB_ID>tt1548850</IMDB_ID>
  <Language>en</Language>
  <Network>E4</Network>
  <NetworkID></NetworkID>
  <Overview>A group of teenagers are sentenced to community service for past mistakes only to find their lives changed after a storm gives them strange new powers and new problems to overcome.</Overview>
  <Rating>8.9</Rating>
  <RatingCount>66</RatingCount>
  <Runtime>60</Runtime>
  <SeriesID>77787</SeriesID>
  <SeriesName>Misfits</SeriesName>
  <Status>Continuing</Status>
  <added>2009-11-12 18:23:00</added>
  <addedBy>3868</addedBy>
  <banner>graphical/124051-g.jpg</banner>
  <fanart>fanart/original/124051-14.jpg</fanart>
  <lastupdated>1334008472</lastupdated>
  <poster>posters/124051-6.jpg</poster>
  <zap2it_id></zap2it_id>
</Series>
<Episode>
  <id>4173306</id>
  <Combined_episodenumber>1</Combined_episodenumber>
  <Combined_season>0</Combined_season>
  <DVD_chapter></DVD_chapter>
  <DVD_discid></DVD_discid>
  <DVD_episodenumber></DVD_episodenumber>
  <DVD_season></DVD_season>
  <Director>Jonathan Van Tulleken</Director>
  <EpImgFlag>2</EpImgFlag>
  <EpisodeName>Vegas Baby!</EpisodeName>
  <EpisodeNumber>1</EpisodeNumber>
  <FirstAired>2011-09-15</FirstAired>
  <GuestStars></GuestStars>
  <IMDB_ID>tt2063395</IMDB_ID>
  <Language>en</Language>
  <Overview>In this episode, Nathan takes Marnie (Gwyneth Keyworth) and her baby, called Nathan Jr to Las Vegas. He uses his new superpower to scam the casinos, but when things go wrong he is forced to go on the run. The episode also introduces new cast member Joe Gilgun, who is joining the show as Rudy.</Overview>
  <ProductionCode></ProductionCode>
  <Rating>7.8</Rating>
  <RatingCount>8</RatingCount>
  <SeasonNumber>0</SeasonNumber>
  <Writer>Howard Overman</Writer>
  <absolute_number></absolute_number>
  <airsafter_season></airsafter_season>
  <airsbefore_episode>1</airsbefore_episode>
  <airsbefore_season>3</airsbefore_season>
  <filename>episodes/124051/4173306.jpg</filename>
  <lastupdated>1326253568</lastupdated>
  <seasonid>145001</seasonid>
  <seriesid>124051</seriesid>
</Episode>
<Episode>
  <id>4220058</id>
  <Combined_episodenumber>2</Combined_episodenumber>
  <Combined_season>0</Combined_season>
  <DVD_chapter></DVD_chapter>
  <DVD_discid></DVD_discid>
  <DVD_episodenumber></DVD_episodenumber>
  <DVD_season></DVD_season>
  <Director>Al MacKay</Director>
  <EpImgFlag>2</EpImgFlag>
  <EpisodeName>Erazer</EpisodeName>
  <EpisodeNumber>2</EpisodeNumber>
  <FirstAired>2011-11-04</FirstAired>
  <GuestStars></GuestStars>
  <IMDB_ID></IMDB_ID>
  <Language>en</Language>
  <Overview>The gang finally discover the identity of the mysterious Erazer character who has been tagging the estate. Exclusive online mini-episode.</Overview>
  <ProductionCode></ProductionCode>
  <Rating></Rating>
  <RatingCount>0</RatingCount>
  <SeasonNumber>0</SeasonNumber>
  <Writer>Chris Coghill</Writer>
  <absolute_number></absolute_number>
  <airsafter_season></airsafter_season>
  <airsbefore_episode>7</airsbefore_episode>
  <airsbefore_season>3</airsbefore_season>
  <filename>episodes/124051/4220058.jpg</filename>
  <lastupdated>1329093234</lastupdated>
  <seasonid>145001</seasonid>
  <seriesid>124051</seriesid>
</Episode>
<Episode>
  <id>4295338</id>
  <Combined_episodenumber>3</Combined_episodenumber>
  <Combined_season>0</Combined_season>
  <DVD_chapter></DVD_chapter>
  <DVD_discid></DVD_discid>
  <DVD_episodenumber></DVD_episodenumber>
  <DVD_season></DVD_season>
  <Director></Director>
  <EpImgFlag></EpImgFlag>
  <EpisodeName>Simon's Films - Area 51</EpisodeName>
  <EpisodeNumber>3</EpisodeNumber>
  <FirstAired></FirstAired>
  <GuestStars></GuestStars>
  <IMDB_ID></IMDB_ID>
  <Language>en</Language>
  <Overview></Overview>
  <ProductionCode></ProductionCode>
  <Rating></Rating>
  <RatingCount>0</RatingCount>
  <SeasonNumber>0</SeasonNumber>
  <Writer></Writer>
  <absolute_number></absolute_number>
  <airsafter_season></airsafter_season>
  <airsbefore_episode></airsbefore_episode>
  <airsbefore_season></airsbefore_season>
  <filename></filename>
  <lastupdated>1332998185</lastupdated>
  <seasonid>145001</seasonid>
  <seriesid>124051</seriesid>
</Episode>
<Episode>
  <id>4295339</id>
  <Combined_episodenumber>4</Combined_episodenumber>
  <Combined_season>0</Combined_season>
  <DVD_chapter></DVD_chapter>
  <DVD_discid></DVD_discid>
  <DVD_episodenumber></DVD_episodenumber>
  <DVD_season></DVD_season>
  <Director></Director>
  <EpImgFlag></EpImgFlag>
  <EpisodeName>Simon's Films - Stoner</EpisodeName>
  <EpisodeNumber>4</EpisodeNumber>
  <FirstAired></FirstAired>
  <GuestStars></GuestStars>
  <IMDB_ID></IMDB_ID>
  <Language>en</Language>
  <Overview></Overview>
  <ProductionCode></ProductionCode>
  <Rating></Rating>
  <RatingCount>0</RatingCount>
  <SeasonNumber>0</SeasonNumber>
  <Writer></Writer>
  <absolute_number></absolute_number>
  <airsafter_season></airsafter_season>
  <airsbefore_episode></airsbefore_episode>
  <airsbefore_season></airsbefore_season>
  <filename></filename>
  <lastupdated>1332998198</lastupdated>
  <seasonid>145001</seasonid>
  <seriesid>124051</seriesid>
</Episode>
<Episode>
  <id>4295340</id>
  <Combined_episodenumber>5</Combined_episodenumber>
  <Combined_season>0</Combined_season>
  <DVD_chapter></DVD_chapter>
  <DVD_discid></DVD_discid>
  <DVD_episodenumber></DVD_episodenumber>
  <DVD_season></DVD_season>
  <Director></Director>
  <EpImgFlag></EpImgFlag>
  <EpisodeName>Simon's Films - Not Aquaman</EpisodeName>
  <EpisodeNumber>5</EpisodeNumber>
  <FirstAired></FirstAired>
  <GuestStars></GuestStars>
  <IMDB_ID></IMDB_ID>
  <Language>en</Language>
  <Overview></Overview>
  <ProductionCode></ProductionCode>
  <Rating></Rating>
  <RatingCount>0</RatingCount>
  <SeasonNumber>0</SeasonNumber>
  <Writer></Writer>
  <absolute_number></absolute_number>
  <airsafter_season></airsafter_season>
  <airsbefore_episode></airsbefore_episode>
  <airsbefore_season></airsbefore_season>
  <filename></filename>
  <lastupdated>1332998211</lastupdated>
  <seasonid>145001</seasonid>
  <seriesid>124051</seriesid>
</Episode>
<Episode>
  <id>4295341</id>
  <Combined_episodenumber>6</Combined_episodenumber>
  <Combined_season>0</Combined_season>
  <DVD_chapter></DVD_chapter>
  <DVD_discid></DVD_discid>
  <DVD_episodenumber></DVD_episodenumber>
  <DVD_season></DVD_season>
  <Director></Director>
  <EpImgFlag></EpImgFlag>
  <EpisodeName>Simon's Films - Girl Talk</EpisodeName>
  <EpisodeNumber>6</EpisodeNumber>
  <FirstAired></FirstAired>
  <GuestStars></GuestStars>
  <IMDB_ID></IMDB_ID>
  <Language>en</Language>
  <Overview></Overview>
  <ProductionCode></ProductionCode>
  <Rating></Rating>
  <RatingCount>0</RatingCount>
  <SeasonNumber>0</SeasonNumber>
  <Writer></Writer>
  <absolute_number></absolute_number>
  <airsafter_season></airsafter_season>
  <airsbefore_episode></airsbefore_episode>
  <airsbefore_season></airsbefore_season>
  <filename></filename>
  <lastupdated>1332998225</lastupdated>
  <seasonid>145001</seasonid>
  <seriesid>124051</seriesid>
</Episode>
<Episode>
  <id>4295342</id>
  <Combined_episodenumber>7</Combined_episodenumber>
  <Combined_season>0</Combined_season>
  <DVD_chapter></DVD_chapter>
  <DVD_discid></DVD_discid>
  <DVD_episodenumber></DVD_episodenumber>
  <DVD_season></DVD_season>
  <Director></Director>
  <EpImgFlag></EpImgFlag>
  <EpisodeName>Nathan's Coffin Antics - I Spy</EpisodeName>
  <EpisodeNumber>7</EpisodeNumber>
  <FirstAired></FirstAired>
  <GuestStars></GuestStars>
  <IMDB_ID></IMDB_ID>
  <Language>en</Language>
  <Overview></Overview>
  <ProductionCode></ProductionCode>
  <Rating></Rating>
  <RatingCount>0</RatingCount>
  <SeasonNumber>0</SeasonNumber>
  <Writer></Writer>
  <absolute_number></absolute_number>
  <airsafter_season></airsafter_season>
  <airsbefore_episode></airsbefore_episode>
  <airsbefore_season></airsbefore_season>
  <filename></filename>
  <lastupdated>1332998244</lastupdated>
  <seasonid>145001</seasonid>
  <seriesid>124051</seriesid>
</Episode>
<Episode>
  <id>4295343</id>
  <Combined_episodenumber>8</Combined_episodenumber>
  <Combined_season>0</Combined_season>
  <DVD_chapter></DVD_chapter>
  <DVD_discid></DVD_discid>
  <DVD_episodenumber></DVD_episodenumber>
  <DVD_season></DVD_season>
  <Director></Director>
  <EpImgFlag></EpImgFlag>
  <EpisodeName>Nathan's Coffin Antics - Stuffy</EpisodeName>
  <EpisodeNumber>8</EpisodeNumber>
  <FirstAired></FirstAired>
  <GuestStars></GuestStars>
  <IMDB_ID></IMDB_ID>
  <Language>en</Language>
  <Overview></Overview>
  <ProductionCode></ProductionCode>
  <Rating></Rating>
  <RatingCount>0</RatingCount>
  <SeasonNumber>0</SeasonNumber>
  <Writer></Writer>
  <absolute_number></absolute_number>
  <airsafter_season></airsafter_season>
  <airsbefore_episode></airsbefore_episode>
  <airsbefore_season></airsbefore_season>
  <filename></filename>
  <lastupdated>1332998254</lastupdated>
  <seasonid>145001</seasonid>
  <seriesid>124051</seriesid>
</Episode>
<Episode>
  <id>4295344</id>
  <Combined_episodenumber>9</Combined_episodenumber>
  <Combined_season>0</Combined_season>
  <DVD_chapter></DVD_chapter>
  <DVD_discid></DVD_discid>
  <DVD_episodenumber></DVD_episodenumber>
  <DVD_season></DVD_season>
  <Director></Director>
  <EpImgFlag></EpImgFlag>
  <EpisodeName>Nathan's Coffin Antics - The Fly</EpisodeName>
  <EpisodeNumber>9</EpisodeNumber>
  <FirstAired></FirstAired>
  <GuestStars></GuestStars>
  <IMDB_ID></IMDB_ID>
  <Language>en</Language>
  <Overview></Overview>
  <ProductionCode></ProductionCode>
  <Rating></Rating>
  <RatingCount>0</RatingCount>
  <SeasonNumber>0</SeasonNumber>
  <Writer></Writer>
  <absolute_number></absolute_number>
  <airsafter_season></airsafter_season>
  <airsbefore_episode></airsbefore_episode>
  <airsbefore_season></airsbefore_season>
  <filename></filename>
  <lastupdated>1332998267</lastupdated>
  <seasonid>145001</seasonid>
  <seriesid>124051</seriesid>
</Episode>
<Episode>
  <id>4295345</id>
  <Combined_episodenumber>10</Combined_episodenumber>
  <Combined_season>0</Combined_season>
  <DVD_chapter></DVD_chapter>
  <DVD_discid></DVD_discid>
  <DVD_episodenumber></DVD_episodenumber>
  <DVD_season></DVD_season>
  <Director></Director>
  <EpImgFlag></EpImgFlag>
  <EpisodeName>Superhoodie's Surveillance Cameras - Locker Inspection</EpisodeName>
  <EpisodeNumber>10</EpisodeNumber>
  <FirstAired></FirstAired>
  <GuestStars></GuestStars>
  <IMDB_ID></IMDB_ID>
  <Language>en</Language>
  <Overview></Overview>
  <ProductionCode></ProductionCode>
  <Rating></Rating>
  <RatingCount>0</RatingCount>
  <SeasonNumber>0</SeasonNumber>
  <Writer></Writer>
  <absolute_number></absolute_number>
  <airsafter_season></airsafter_season>
  <airsbefore_episode></airsbefore_episode>
  <airsbefore_season></airsbefore_season>
  <filename></filename>
  <lastupdated>1332998289</lastupdated>
  <seasonid>145001</seasonid>
  <seriesid>124051</seriesid>
</Episode>
<Episode>
  <id>4295346</id>
  <Combined_episodenumber>11</Combined_episodenumber>
  <Combined_season>0</Combined_season>
  <DVD_chapter></DVD_chapter>
  <DVD_discid></DVD_discid>
  <DVD_episodenumber></DVD_episodenumber>
  <DVD_season></DVD_season>
  <Director></Director>
  <EpImgFlag></EpImgFlag>
  <EpisodeName>Superhoodie's Surveillance Cameras - Last Supper</EpisodeName>
  <EpisodeNumber>11</EpisodeNumber>
  <FirstAired></FirstAired>
  <GuestStars></GuestStars>
  <IMDB_ID></IMDB_ID>
  <Language>en</Language>
  <Overview></Overview>
  <ProductionCode></ProductionCode>
  <Rating></Rating>
  <RatingCount>0</RatingCount>
  <SeasonNumber>0</SeasonNumber>
  <Writer></Writer>
  <absolute_number></absolute_number>
  <airsafter_season></airsafter_season>
  <airsbefore_episode></airsbefore_episode>
  <airsbefore_season></airsbefore_season>
  <filename></filename>
  <lastupdated>1332998300</lastupdated>
  <seasonid>145001</seasonid>
  <seriesid>124051</seriesid>
</Episode>
<Episode>
  <id>4295347</id>
  <Combined_episodenumber>12</Combined_episodenumber>
  <Combined_season>0</Combined_season>
  <DVD_chapter></DVD_chapter>
  <DVD_discid></DVD_discid>
  <DVD_episodenumber></DVD_episodenumber>
  <DVD_season></DVD_season>
  <Director></Director>
  <EpImgFlag></EpImgFlag>
  <EpisodeName>Superhoodie's Surveillance Cameras - Man Vs Machine</EpisodeName>
  <EpisodeNumber>12</EpisodeNumber>
  <FirstAired></FirstAired>
  <GuestStars></GuestStars>
  <IMDB_ID></IMDB_ID>
  <Language>en</Language>
  <Overview></Overview>
  <ProductionCode></ProductionCode>
  <Rating></Rating>
  <RatingCount>0</RatingCount>
  <SeasonNumber>0</SeasonNumber>
  <Writer></Writer>
  <absolute_number></absolute_number>
  <airsafter_season></airsafter_season>
  <airsbefore_episode></airsbefore_episode>
  <airsbefore_season></airsbefore_season>
  <filename></filename>
  <lastupdated>1332998310</lastupdated>
  <seasonid>145001</seasonid>
  <seriesid>124051</seriesid>
</Episode>
<Episode>
  <id>4295348</id>
  <Combined_episodenumber>13</Combined_episodenumber>
  <Combined_season>0</Combined_season>
  <DVD_chapter></DVD_chapter>
  <DVD_discid></DVD_discid>
  <DVD_episodenumber></DVD_episodenumber>
  <DVD_season></DVD_season>
  <Director></Director>
  <EpImgFlag></EpImgFlag>
  <EpisodeName>Superhoodie's Surveillance Cameras - Dinner Date</EpisodeName>
  <EpisodeNumber>13</EpisodeNumber>
  <FirstAired></FirstAired>
  <GuestStars></GuestStars>
  <IMDB_ID></IMDB_ID>
  <Language>en</Language>
  <Overview></Overview>
  <ProductionCode></ProductionCode>
  <Rating></Rating>
  <RatingCount>0</RatingCount>
  <SeasonNumber>0</SeasonNumber>
  <Writer></Writer>
  <absolute_number></absolute_number>
  <airsafter_season></airsafter_season>
  <airsbefore_episode></airsbefore_episode>
  <airsbefore_season></airsbefore_season>
  <filename></filename>
  <lastupdated>1332998321</lastupdated>
  <seasonid>145001</seasonid>
  <seriesid>124051</seriesid>
</Episode>
<Episode>
  <id>4295349</id>
  <Combined_episodenumber>14</Combined_episodenumber>
  <Combined_season>0</Combined_season>
  <DVD_chapter></DVD_chapter>
  <DVD_discid></DVD_discid>
  <DVD_episodenumber></DVD_episodenumber>
  <DVD_season></DVD_season>
  <Director></Director>
  <EpImgFlag></EpImgFlag>
  <EpisodeName>Superhoodie's Surveillance Cameras - Ready Steady Roll</EpisodeName>
  <EpisodeNumber>14</EpisodeNumber>
  <FirstAired></FirstAired>
  <GuestStars></GuestStars>
  <IMDB_ID></IMDB_ID>
  <Language>en</Language>
  <Overview></Overview>
  <ProductionCode></ProductionCode>
  <Rating></Rating>
  <RatingCount>0</RatingCount>
  <SeasonNumber>0</SeasonNumber>
  <Writer></Writer>
  <absolute_number></absolute_number>
  <airsafter_season></airsafter_season>
  <airsbefore_episode></airsbefore_episode>
  <airsbefore_season></airsbefore_season>
  <filename></filename>
  <lastupdated>1332998334</lastupdated>
  <seasonid>145001</seasonid>
  <seriesid>124051</seriesid>
</Episode>
<Episode>
  <id>4295350</id>
  <Combined_episodenumber>15</Combined_episodenumber>
  <Combined_season>0</Combined_season>
  <DVD_chapter></DVD_chapter>
  <DVD_discid></DVD_discid>
  <DVD_episodenumber></DVD_episodenumber>
  <DVD_season></DVD_season>
  <Director></Director>
  <EpImgFlag></EpImgFlag>
  <EpisodeName>Superhoodie's Surveillance Cameras - Plain Wrong</EpisodeName>
  <EpisodeNumber>15</EpisodeNumber>
  <FirstAired></FirstAired>
  <GuestStars></GuestStars>
  <IMDB_ID></IMDB_ID>
  <Language>en</Language>
  <Overview></Overview>
  <ProductionCode></ProductionCode>
  <Rating></Rating>
  <RatingCount>0</RatingCount>
  <SeasonNumber>0</SeasonNumber>
  <Writer></Writer>
  <absolute_number></absolute_number>
  <airsafter_season></airsafter_season>
  <airsbefore_episode></airsbefore_episode>
  <airsbefore_season></airsbefore_season>
  <filename></filename>
  <lastupdated>1332998354</lastupdated>
  <seasonid>145001</seasonid>
  <seriesid>124051</seriesid>
</Episode>
<Episode>
  <id>4295351</id>
  <Combined_episodenumber>16</Combined_episodenumber>
  <Combined_season>0</Combined_season>
  <DVD_chapter></DVD_chapter>
  <DVD_discid></DVD_discid>
  <DVD_episodenumber></DVD_episodenumber>
  <DVD_season></DVD_season>
  <Director></Director>
  <EpImgFlag></EpImgFlag>
  <EpisodeName>Superhoodie's Surveillance Cameras - The Birthday Boy</EpisodeName>
  <EpisodeNumber>16</EpisodeNumber>
  <FirstAired></FirstAired>
  <GuestStars></GuestStars>
  <IMDB_ID></IMDB_ID>
  <Language>en</Language>
  <Overview></Overview>
  <ProductionCode></ProductionCode>
  <Rating></Rating>
  <RatingCount>0</RatingCount>
  <SeasonNumber>0</SeasonNumber>
  <Writer></Writer>
  <absolute_number></absolute_number>
  <airsafter_season></airsafter_season>
  <airsbefore_episode></airsbefore_episode>
  <airsbefore_season></airsbefore_season>
  <filename></filename>
  <lastupdated>1332998362</lastupdated>
  <seasonid>145001</seasonid>
  <seriesid>124051</seriesid>
</Episode>
<Episode>
  <id>4295352</id>
  <Combined_episodenumber>17</Combined_episodenumber>
  <Combined_season>0</Combined_season>
  <DVD_chapter></DVD_chapter>
  <DVD_discid></DVD_discid>
  <DVD_episodenumber></DVD_episodenumber>
  <DVD_season></DVD_season>
  <Director></Director>
  <EpImgFlag></EpImgFlag>
  <EpisodeName>Superhoodie's Surveillance Cameras - Lock In</EpisodeName>
  <EpisodeNumber>17</EpisodeNumber>
  <FirstAired></FirstAired>
  <GuestStars></GuestStars>
  <IMDB_ID></IMDB_ID>
  <Language>en</Language>
  <Overview></Overview>
  <ProductionCode></ProductionCode>
  <Rating></Rating>
  <RatingCount>0</RatingCount>
  <SeasonNumber>0</SeasonNumber>
  <Writer></Writer>
  <absolute_number></absolute_number>
  <airsafter_season></airsafter_season>
  <airsbefore_episode></airsbefore_episode>
  <airsbefore_season></airsbefore_season>
  <filename></filename>
  <lastupdated>1332998389</lastupdated>
  <seasonid>145001</seasonid>
  <seriesid>124051</seriesid>
</Episode>
<Episode>
  <id>1295781</id>
  <Combined_episodenumber>1.0</Combined_episodenumber>
  <Combined_season>1</Combined_season>
  <DVD_chapter></DVD_chapter>
  <DVD_discid></DVD_discid>
  <DVD_episodenumber>1.0</DVD_episodenumber>
  <DVD_season>1</DVD_season>
  <Director>Tom Green</Director>
  <EpImgFlag>2</EpImgFlag>
  <EpisodeName>Episode One</EpisodeName>
  <EpisodeNumber>1</EpisodeNumber>
  <FirstAired>2009-11-12</FirstAired>
  <GuestStars>|Josef Altin|Danny Sapani|Louis Decosta Johnson|Phil Daniels|Michelle Fairley|Ben Smith|Alex Reid|</GuestStars>
  <IMDB_ID>tt1551231</IMDB_ID>
  <Language>en</Language>
  <Overview>Nathan, Kelly, Curtis, Alisha and Simon are a group of misfits. They have nothing in common except the 'Community Payback' scheme they’ve been lumbered with at their local community centre, following varying crimes and misdemeanours.
When the group get caught in a freak storm on day 1, their lives are changed forever. Everyone except Nathan discovers they have super powers, and events quickly unravel in the weirdest of ways, until the group are landed with a secret that inexplicably bonds them together, whether they like it or not.</Overview>
  <ProductionCode></ProductionCode>
  <Rating>7.7</Rating>
  <RatingCount>67</RatingCount>
  <SeasonNumber>1</SeasonNumber>
  <Writer>Howard Overman</Writer>
  <absolute_number></absolute_number>
  <filename>episodes/124051/1295781.jpg</filename>
  <lastupdated>1326144147</lastupdated>
  <seasonid>145011</seasonid>
  <seriesid>124051</seriesid>
</Episode>
<Episode>
  <id>1305771</id>
  <Combined_episodenumber>2.0</Combined_episodenumber>
  <Combined_season>1</Combined_season>
  <DVD_chapter></DVD_chapter>
  <DVD_discid></DVD_discid>
  <DVD_episodenumber>2.0</DVD_episodenumber>
  <DVD_season>1</DVD_season>
  <Director>Tom Green</Director>
  <EpImgFlag>2</EpImgFlag>
  <EpisodeName>Episode Two</EpisodeName>
  <EpisodeNumber>2</EpisodeNumber>
  <FirstAired>2009-11-19</FirstAired>
  <GuestStars>|Jo Stone-Fewings|Alex Reid|Roland MacLeod|Robert Fyfe|Amy Beth Hayes|Michelle Fairley|Clare Welch|Nicholas Burns|</GuestStars>
  <IMDB_ID>tt1553556</IMDB_ID>
  <Language>en</Language>
  <Overview>Much to their annoyance, the gang have to help out at an OAP's tea-dance as part of their community service. But things look up for Nathan when he befriends a beautiful young volunteer. It soon becomes clear that others have been affected by the storm as Nathan stumbles across his mum's boyfriend acting in a very strange way. And to complicate matters further, the gang realise that somebody knows about the killing of their probation worker.</Overview>
  <ProductionCode></ProductionCode>
  <Rating>7.7</Rating>
  <RatingCount>58</RatingCount>
  <SeasonNumber>1</SeasonNumber>
  <Writer>Howard Overman</Writer>
  <absolute_number></absolute_number>
  <filename>episodes/124051/1305771.jpg</filename>
  <lastupdated>1326144135</lastupdated>
  <seasonid>145011</seasonid>
  <seriesid>124051</seriesid>
</Episode>
<Episode>
  <id>1305781</id>
  <Combined_episodenumber>3.0</Combined_episodenumber>
  <Combined_season>1</Combined_season>
  <DVD_chapter></DVD_chapter>
  <DVD_discid></DVD_discid>
  <DVD_episodenumber>3.0</DVD_episodenumber>
  <DVD_season>1</DVD_season>
  <Director>Tom Harper</Director>
  <EpImgFlag>2</EpImgFlag>
  <EpisodeName>Episode Three</EpisodeName>
  <EpisodeNumber>3</EpisodeNumber>
  <FirstAired>2009-11-26</FirstAired>
  <GuestStars>|Jamie Davis|Alex Reid|Bunmi Mojekwu|Jack Bence|Michael Obiora|</GuestStars>
  <IMDB_ID>tt1553997</IMDB_ID>
  <Language>en</Language>
  <Overview>Alisha is having fun using and abusing her power, but she can't seem to get the one man she really wants - Curtis. Meanwhile, Simon's online relationship with Shygirl18 blossoms, but Kelly's 'Restorative Justice' session doesn't go exactly to plan. And the gang discover that builders are digging a hole at the exact spot they buried the bodies - what are the chances of that?</Overview>
  <ProductionCode></ProductionCode>
  <Rating>7.4</Rating>
  <RatingCount>54</RatingCount>
  <SeasonNumber>1</SeasonNumber>
  <Writer>Howard Overman</Writer>
  <absolute_number></absolute_number>
  <filename>episodes/124051/1305781.jpg</filename>
  <lastupdated>1326462568</lastupdated>
  <seasonid>145011</seasonid>
  <seriesid>124051</seriesid>
</Episode>
<Episode>
  <id>1363761</id>
  <Combined_episodenumber>4.0</Combined_episodenumber>
  <Combined_season>1</Combined_season>
  <DVD_chapter></DVD_chapter>
  <DVD_discid></DVD_discid>
  <DVD_episodenumber>4.0</DVD_episodenumber>
  <DVD_season>1</DVD_season>
  <Director>|Tom Green|China Moo-Young|</Director>
  <EpImgFlag>2</EpImgFlag>
  <EpisodeName>Episode Four</EpisodeName>
  <EpisodeNumber>4</EpisodeNumber>
  <FirstAired>2009-12-03</FirstAired>
  <GuestStars>|Anna Koval|Alex Reid|Stephen Wight|Michael Obiora|Perry Benson|Benjamin Smith|Jamie Blackley|Danny Sapani|</GuestStars>
  <IMDB_ID>tt1553998</IMDB_ID>
  <Language>en</Language>
  <Overview>Curtis tries to use his superpower to go back to the past and change what happened the night he was caught by the cops, but he discovers that changing history isn't as easy as he thought.</Overview>
  <ProductionCode></ProductionCode>
  <Rating>7.5</Rating>
  <RatingCount>59</RatingCount>
  <SeasonNumber>1</SeasonNumber>
  <Writer>Howard Overman</Writer>
  <absolute_number></absolute_number>
  <filename>episodes/124051/1363761.jpg</filename>
  <lastupdated>1326462614</lastupdated>
  <seasonid>145011</seasonid>
  <seriesid>124051</seriesid>
</Episode>
<Episode>
  <id>1387201</id>
  <Combined_episodenumber>5.0</Combined_episodenumber>
  <Combined_season>1</Combined_season>
  <DVD_chapter></DVD_chapter>
  <DVD_discid></DVD_discid>
  <DVD_episodenumber>5.0</DVD_episodenumber>
  <DVD_season>1</DVD_season>
  <Director>|Tom Harper|Amanda Boyle|China Moo-Young|</Director>
  <EpImgFlag>2</EpImgFlag>
  <EpisodeName>Episode Five</EpisodeName>
  <EpisodeNumber>5</EpisodeNumber>
  <FirstAired>2009-12-10</FirstAired>
  <GuestStars>|Alex Reid|Michael Obiora|Anna Koval|Florence Bell|Jamie Blackley|</GuestStars>
  <IMDB_ID>tt1553999</IMDB_ID>
  <Language>en</Language>
  <Overview>The gang's probation worker Sally pursues her strategy to connect with Simon to find out what happened to Tony. In the meantime, Nathan develops caring feelings for a baby he finds at the Community Centre.
</Overview>
  <ProductionCode></ProductionCode>
  <Rating>7.8</Rating>
  <RatingCount>55</RatingCount>
  <SeasonNumber>1</SeasonNumber>
  <Writer>Howard Overman</Writer>
  <absolute_number></absolute_number>
  <filename>episodes/124051/1387201.jpg</filename>
  <lastupdated>1326462650</lastupdated>
  <seasonid>145011</seasonid>
  <seriesid>124051</seriesid>
</Episode>
<Episode>
  <id>1387211</id>
  <Combined_episodenumber>6.0</Combined_episodenumber>
  <Combined_season>1</Combined_season>
  <DVD_chapter></DVD_chapter>
  <DVD_discid></DVD_discid>
  <DVD_episodenumber>6.0</DVD_episodenumber>
  <DVD_season>1</DVD_season>
  <Director>|Tom Green|China Moo-Young|</Director>
  <EpImgFlag>2</EpImgFlag>
  <EpisodeName>Episode Six</EpisodeName>
  <EpisodeNumber>6</EpisodeNumber>
  <FirstAired>2009-12-17</FirstAired>
  <GuestStars>|Danny Barnham|Jessica Brown-Findlay|Alex Reid|Michael Obiora|Claire Prempeh|</GuestStars>
  <IMDB_ID>tt1554000</IMDB_ID>
  <Language>en</Language>
  <Overview>When someone is clearly influencing local teenagers and changing their behavior, the gang investigates. The trace leads to an organisation called Virtue and it's up to powerless Nathan to save them all.</Overview>
  <ProductionCode></ProductionCode>
  <Rating>8.3</Rating>
  <RatingCount>54</RatingCount>
  <SeasonNumber>1</SeasonNumber>
  <Writer>Howard Overman</Writer>
  <absolute_number></absolute_number>
  <filename>episodes/124051/1387211.jpg</filename>
  <lastupdated>1326462682</lastupdated>
  <seasonid>145011</seasonid>
  <seriesid>124051</seriesid>
</Episode>
<Episode>
  <id>2572111</id>
  <Combined_episodenumber>1</Combined_episodenumber>
  <Combined_season>2</Combined_season>
  <DVD_chapter></DVD_chapter>
  <DVD_discid></DVD_discid>
  <DVD_episodenumber></DVD_episodenumber>
  <DVD_season></DVD_season>
  <Director>Tom Green</Director>
  <EpImgFlag>2</EpImgFlag>
  <EpisodeName>Episode One</EpisodeName>
  <EpisodeNumber>1</EpisodeNumber>
  <FirstAired>2010-11-11</FirstAired>
  <GuestStars>|Craig Parkinson|Evelyn Hoskins|Michael Obiora|Alex Reid|</GuestStars>
  <IMDB_ID>tt1719300</IMDB_ID>
  <Language>en</Language>
  <Overview>The group realise that Nathan is still alive. The friends run into a psychiatric patient, who used to be obsessed with Simon, and find out that she is using her strange powers to exact revenge after he snubbed her in public.</Overview>
  <ProductionCode></ProductionCode>
  <Rating>8.0</Rating>
  <RatingCount>65</RatingCount>
  <SeasonNumber>2</SeasonNumber>
  <Writer>Howard Overman</Writer>
  <absolute_number></absolute_number>
  <filename>episodes/124051/2572111.jpg</filename>
  <lastupdated>1327337814</lastupdated>
  <seasonid>290211</seasonid>
  <seriesid>124051</seriesid>
</Episode>
<Episode>
  <id>3120051</id>
  <Combined_episodenumber>2</Combined_episodenumber>
  <Combined_season>2</Combined_season>
  <DVD_chapter></DVD_chapter>
  <DVD_discid></DVD_discid>
  <DVD_episodenumber></DVD_episodenumber>
  <DVD_season></DVD_season>
  <Director>Tom Green</Director>
  <EpImgFlag>2</EpImgFlag>
  <EpisodeName>Episode Two</EpisodeName>
  <EpisodeNumber>2</EpisodeNumber>
  <FirstAired>2010-11-18</FirstAired>
  <GuestStars>|Ruth Negga|Craig Parkinson|Steven Cree|Dexter Fletcher|Sam Keeley|Emily Lawrence|Charles Mnene|Catrin Stewart|Sydney White|</GuestStars>
  <IMDB_ID></IMDB_ID>
  <Language>en</Language>
  <Overview>Nathan is shocked (and half naked) when Jamie, a long-lost brother he never knew he had, turns up at the community centre. They have something in common – neither gets on with their dad, Mike.

Nathan takes his little bro under his wing – they go for a pint and meet a fit girl with an amazing power of her own. Everyone heads out for a massive night in a club where things start to get a little crazy.

Luckily that guy in the mask is still watching over our pretty young things.</Overview>
  <ProductionCode></ProductionCode>
  <Rating>7.7</Rating>
  <RatingCount>62</RatingCount>
  <SeasonNumber>2</SeasonNumber>
  <Writer>Howard Overman</Writer>
  <absolute_number></absolute_number>
  <filename>episodes/124051/3120051.jpg</filename>
  <lastupdated>1327337836</lastupdated>
  <seasonid>290211</seasonid>
  <seriesid>124051</seriesid>
</Episode>
<Episode>
  <id>3120061</id>
  <Combined_episodenumber>3</Combined_episodenumber>
  <Combined_season>2</Combined_season>
  <DVD_chapter></DVD_chapter>
  <DVD_discid></DVD_discid>
  <DVD_episodenumber></DVD_episodenumber>
  <DVD_season></DVD_season>
  <Director>Tom Green</Director>
  <EpImgFlag>2</EpImgFlag>
  <EpisodeName>Episode Three</EpisodeName>
  <EpisodeNumber>3</EpisodeNumber>
  <FirstAired>2010-11-25</FirstAired>
  <GuestStars>|Ruth Negga|Craig Parkinson|Nathan Constance|Susy Kane|Kyle Summercorn|Wayne Powerdavis|</GuestStars>
  <IMDB_ID></IMDB_ID>
  <Language>en</Language>
  <Overview>The mysterious masked man ends up saving Alisha when she is mugged on the estate. She becomes intrigued when he is not affected by her powers. Nathan, Kelly and Simon go to a tattoo parlour in which Nathan manages to offend the tattooist. Nathan ends up acting oddly after they leave.</Overview>
  <ProductionCode></ProductionCode>
  <Rating>7.9</Rating>
  <RatingCount>55</RatingCount>
  <SeasonNumber>2</SeasonNumber>
  <Writer>Howard Overman</Writer>
  <absolute_number></absolute_number>
  <filename>episodes/124051/3120061.jpg</filename>
  <lastupdated>1327337858</lastupdated>
  <seasonid>290211</seasonid>
  <seriesid>124051</seriesid>
</Episode>
<Episode>
  <id>3120071</id>
  <Combined_episodenumber>4</Combined_episodenumber>
  <Combined_season>2</Combined_season>
  <DVD_chapter></DVD_chapter>
  <DVD_discid></DVD_discid>
  <DVD_episodenumber></DVD_episodenumber>
  <DVD_season></DVD_season>
  <Director>Tom Green</Director>
  <EpImgFlag>2</EpImgFlag>
  <EpisodeName>Episode Four</EpisodeName>
  <EpisodeNumber>4</EpisodeNumber>
  <FirstAired>2010-12-02</FirstAired>
  <GuestStars>|Ruth Negga|Craig Parkinson|Josh McGuire|Sean Francis|Matt Cross|</GuestStars>
  <IMDB_ID></IMDB_ID>
  <Language>en</Language>
  <Overview>Ollie, an environmental protester who has the power to teleport, starts his community service, but is he really destined to become part of the gang? Out on the estate the gang are confronted by super-aggressive Tim who demands money at gunpoint.

The gang find themselves needing the help of the mysterious man in the mask. Meanwhile Nikki, the girl from Curtis's flash forward vision, has a heart-transplant which gives rise to some unexpected side-effects...</Overview>
  <ProductionCode></ProductionCode>
  <Rating>7.8</Rating>
  <RatingCount>59</RatingCount>
  <SeasonNumber>2</SeasonNumber>
  <Writer>Howard Overman</Writer>
  <absolute_number></absolute_number>
  <filename>episodes/124051/3120071.jpg</filename>
  <lastupdated>1327337882</lastupdated>
  <seasonid>290211</seasonid>
  <seriesid>124051</seriesid>
</Episode>
<Episode>
  <id>3120081</id>
  <Combined_episodenumber>5</Combined_episodenumber>
  <Combined_season>2</Combined_season>
  <DVD_chapter></DVD_chapter>
  <DVD_discid></DVD_discid>
  <DVD_episodenumber></DVD_episodenumber>
  <DVD_season></DVD_season>
  <Director>Tom Green</Director>
  <EpImgFlag>2</EpImgFlag>
  <EpisodeName>Episode Five</EpisodeName>
  <EpisodeNumber>5</EpisodeNumber>
  <FirstAired>2010-12-09</FirstAired>
  <GuestStars>|Ruth Negga|Craig Parkinson|Craig Vye|Adrian Rawlins|Ian Pirie|Zawe Ashton|Richard Riddell|Charlie Holloway|</GuestStars>
  <IMDB_ID></IMDB_ID>
  <Language>en</Language>
  <Overview>Nathan is violently killed again and he suspects that Jessica, a charity worker from the community center, is to blame. To make matters worse, Jessica seems to have targeted Simon as her next victim so the gang decide to track her down before she can strike again.

Kelly meets Bruno who is on the run from the police. She hears his thoughts and he thinks she's beautiful. Has Kelly finally found her perfect man, or is there more to Bruno than meets the eye?</Overview>
  <ProductionCode></ProductionCode>
  <Rating>7.9</Rating>
  <RatingCount>51</RatingCount>
  <SeasonNumber>2</SeasonNumber>
  <Writer>Howard Overman</Writer>
  <absolute_number></absolute_number>
  <filename>episodes/124051/3120081.jpg</filename>
  <lastupdated>1327337904</lastupdated>
  <seasonid>290211</seasonid>
  <seriesid>124051</seriesid>
</Episode>
<Episode>
  <id>3120091</id>
  <Combined_episodenumber>6</Combined_episodenumber>
  <Combined_season>2</Combined_season>
  <DVD_chapter></DVD_chapter>
  <DVD_discid></DVD_discid>
  <DVD_episodenumber></DVD_episodenumber>
  <DVD_season></DVD_season>
  <Director>Owen Harris</Director>
  <EpImgFlag>2</EpImgFlag>
  <EpisodeName>Episode Six</EpisodeName>
  <EpisodeNumber>6</EpisodeNumber>
  <FirstAired>2010-12-16</FirstAired>
  <GuestStars>|Craig Parkinson|Ruth Negga|Anna Wilson-Jones|Sydney Stevenson|Jordan Metcalfe|Natalie Klamer|Dylan Edwards|</GuestStars>
  <IMDB_ID></IMDB_ID>
  <Language>en</Language>
  <Overview>After the existence of super-powers is exposed to the world at large, the gang become celebrity super-heroes, known as the 'ASBO Five''. There is serious money to be made, as long as the gang can manage to handle their fame. But, as they settle in at a luxury hotel, they find their renown has made them the target of a sinister killer, who has the most bizarre power yet encountered.</Overview>
  <ProductionCode></ProductionCode>
  <Rating>8.1</Rating>
  <RatingCount>48</RatingCount>
  <SeasonNumber>2</SeasonNumber>
  <Writer>Howard Overman</Writer>
  <absolute_number></absolute_number>
  <filename>episodes/124051/3120091.jpg</filename>
  <lastupdated>1327337926</lastupdated>
  <seasonid>290211</seasonid>
  <seriesid>124051</seriesid>
</Episode>
<Episode>
  <id>3296931</id>
  <Combined_episodenumber>7</Combined_episodenumber>
  <Combined_season>2</Combined_season>
  <DVD_chapter></DVD_chapter>
  <DVD_discid></DVD_discid>
  <DVD_episodenumber></DVD_episodenumber>
  <DVD_season></DVD_season>
  <Director>Tom Harper</Director>
  <EpImgFlag>2</EpImgFlag>
  <EpisodeName>Christmas Special</EpisodeName>
  <EpisodeNumber>7</EpisodeNumber>
  <FirstAired>2010-12-19</FirstAired>
  <GuestStars>|Ruth Negga|Edward Hogg|Rachel Rae|Gwyneth Keyworth|Harry Hepple|Matthew McNulty|</GuestStars>
  <IMDB_ID></IMDB_ID>
  <Language>en</Language>
  <Overview>Just before Christmas, the gang meets Seth, a drug dealer who is able to deal powers after being struck in the storm. </Overview>
  <ProductionCode></ProductionCode>
  <Rating>8.1</Rating>
  <RatingCount>49</RatingCount>
  <SeasonNumber>2</SeasonNumber>
  <Writer>Howard Overman</Writer>
  <absolute_number></absolute_number>
  <filename>episodes/124051/3296931.jpg</filename>
  <lastupdated>1327337951</lastupdated>
  <seasonid>290211</seasonid>
  <seriesid>124051</seriesid>
</Episode>
<Episode>
  <id>4182790</id>
  <Combined_episodenumber>1</Combined_episodenumber>
  <Combined_season>3</Combined_season>
  <DVD_chapter></DVD_chapter>
  <DVD_discid></DVD_discid>
  <DVD_episodenumber></DVD_episodenumber>
  <DVD_season></DVD_season>
  <Director>|Wayne Che Yip|Alex Garcia Lopez|</Director>
  <EpImgFlag>2</EpImgFlag>
  <EpisodeName>Episode One</EpisodeName>
  <EpisodeNumber>1</EpisodeNumber>
  <FirstAired>2011-10-30</FirstAired>
  <GuestStars>Nathalie Emmanuel</GuestStars>
  <IMDB_ID>tt1934753</IMDB_ID>
  <Language>en</Language>
  <Overview>Rudy gets a rude awakening in his first few days of community service, learning that with the keys to the infamous locker room comes a great deal of running, screaming and, in some instances, killing. But that really is the least of his worries. More pressing is just how to keep his secret superpower, well, secret. Meanwhile the rest of the gang are trying to adapt to life with their new superpowers. But just how did the trade-off with Seth, the superpower dealer, go down?</Overview>
  <ProductionCode></ProductionCode>
  <Rating>7.6</Rating>
  <RatingCount>41</RatingCount>
  <SeasonNumber>3</SeasonNumber>
  <Writer>Howard Overman</Writer>
  <absolute_number></absolute_number>
  <filename>episodes/124051/4182790.jpg</filename>
  <lastupdated>1331643995</lastupdated>
  <seasonid>455381</seasonid>
  <seriesid>124051</seriesid>
</Episode>
<Episode>
  <id>4196015</id>
  <Combined_episodenumber>2</Combined_episodenumber>
  <Combined_season>3</Combined_season>
  <DVD_chapter></DVD_chapter>
  <DVD_discid></DVD_discid>
  <DVD_episodenumber></DVD_episodenumber>
  <DVD_season></DVD_season>
  <Director>|Wayne Che Yip|Alex Garcia Lopez|</Director>
  <EpImgFlag>2</EpImgFlag>
  <EpisodeName>Episode Two</EpisodeName>
  <EpisodeNumber>2</EpisodeNumber>
  <FirstAired>2011-11-06</FirstAired>
  <GuestStars>Hannah Britland</GuestStars>
  <IMDB_ID>tt2057762</IMDB_ID>
  <Language>en</Language>
  <Overview>Curtis uses his new gender-swap power so that he can compete again in the sport of atheltics. There ends up being a complication when Curtis falls for Emma, one of the other athletes.Curtis can't tell Emma the truth about his real identity. A predatory figure ends up turning his advances towards the female Curtis.</Overview>
  <ProductionCode></ProductionCode>
  <Rating>7.4</Rating>
  <RatingCount>35</RatingCount>
  <SeasonNumber>3</SeasonNumber>
  <Writer>Howard Overman</Writer>
  <absolute_number></absolute_number>
  <filename>episodes/124051/4196015.jpg</filename>
  <lastupdated>1333443857</lastupdated>
  <seasonid>455381</seasonid>
  <seriesid>124051</seriesid>
</Episode>
<Episode>
  <id>4196504</id>
  <Combined_episodenumber>3</Combined_episodenumber>
  <Combined_season>3</Combined_season>
  <DVD_chapter></DVD_chapter>
  <DVD_discid></DVD_discid>
  <DVD_episodenumber></DVD_episodenumber>
  <DVD_season></DVD_season>
  <Director>Will Sinclair</Director>
  <EpImgFlag>2</EpImgFlag>
  <EpisodeName>Episode Three</EpisodeName>
  <EpisodeNumber>3</EpisodeNumber>
  <FirstAired>2011-11-13</FirstAired>
  <GuestStars></GuestStars>
  <IMDB_ID></IMDB_ID>
  <Language>en</Language>
  <Overview>Still trying to fulfil his destiny by becoming SuperHoodie, Simon saves Peter, a geeky comic-book nerd, from being mugged. Peter is in awe of SuperHoodie - at last he's found a real super-hero to idolise. Peter strikes up a friendship with Simon, a friendship that soon turns into obsession and threatens to destroy everything that Simon holds dear. Finally, Simon discovers the true sacrifices that you must make to become a real super-hero... </Overview>
  <ProductionCode></ProductionCode>
  <Rating>7.6</Rating>
  <RatingCount>29</RatingCount>
  <SeasonNumber>3</SeasonNumber>
  <Writer>Howard Overman</Writer>
  <absolute_number></absolute_number>
  <filename>episodes/124051/4196504.jpg</filename>
  <lastupdated>1333444095</lastupdated>
  <seasonid>455381</seasonid>
  <seriesid>124051</seriesid>
</Episode>
<Episode>
  <id>4196508</id>
  <Combined_episodenumber>4</Combined_episodenumber>
  <Combined_season>3</Combined_season>
  <DVD_chapter></DVD_chapter>
  <DVD_discid></DVD_discid>
  <DVD_episodenumber></DVD_episodenumber>
  <DVD_season></DVD_season>
  <Director>Wayne Che Yip|Alex Garcia Lopez</Director>
  <EpImgFlag>2</EpImgFlag>
  <EpisodeName>Episode Four</EpisodeName>
  <EpisodeNumber>4</EpisodeNumber>
  <FirstAired>2011-11-20</FirstAired>
  <GuestStars></GuestStars>
  <IMDB_ID></IMDB_ID>
  <Language>en</Language>
  <Overview>An old Jewish man plans to use some of Curtis's super-power to go back in time and kill Hitler.

But his plan goes horribly wrong and the gang find themselves in an alternate world where the Nazis conquered Britain.

With the Nazis growing stronger as they force Seth to 'deal' them super-powers, it's up to Kelly and the resistance to fight back.

As the Nazis close in, Kelly and Seth find themselves drawn to each other</Overview>
  <ProductionCode></ProductionCode>
  <Rating>7.3</Rating>
  <RatingCount>29</RatingCount>
  <SeasonNumber>3</SeasonNumber>
  <Writer>Howard Overman</Writer>
  <absolute_number></absolute_number>
  <filename>episodes/124051/4196508.jpg</filename>
  <lastupdated>1332751639</lastupdated>
  <seasonid>455381</seasonid>
  <seriesid>124051</seriesid>
</Episode>
<Episode>
  <id>4196513</id>
  <Combined_episodenumber>5</Combined_episodenumber>
  <Combined_season>3</Combined_season>
  <DVD_chapter></DVD_chapter>
  <DVD_discid></DVD_discid>
  <DVD_episodenumber></DVD_episodenumber>
  <DVD_season></DVD_season>
  <Director>Will Sinclair</Director>
  <EpImgFlag>2</EpImgFlag>
  <EpisodeName>Episode Five</EpisodeName>
  <EpisodeNumber>5</EpisodeNumber>
  <FirstAired>2011-11-27</FirstAired>
  <GuestStars></GuestStars>
  <IMDB_ID></IMDB_ID>
  <Language>en</Language>
  <Overview>While doing community service at the local hospital, Kelly gets trapped in the body of Jen, a coma victim.
Jen, walking around in Kelly's body, escapes from the hospital leaving the real Kelly trapped in a coma.
When the gang discover what's going on they hatch a plan to steal Kelly back from the hospital before her life-support machine is switched off.</Overview>
  <ProductionCode></ProductionCode>
  <Rating>7.7</Rating>
  <RatingCount>27</RatingCount>
  <SeasonNumber>3</SeasonNumber>
  <Writer>Jon Brown</Writer>
  <absolute_number></absolute_number>
  <filename>episodes/124051/4196513.jpg</filename>
  <lastupdated>1333354170</lastupdated>
  <seasonid>455381</seasonid>
  <seriesid>124051</seriesid>
</Episode>
<Episode>
  <id>4196515</id>
  <Combined_episodenumber>6</Combined_episodenumber>
  <Combined_season>3</Combined_season>
  <DVD_chapter></DVD_chapter>
  <DVD_discid></DVD_discid>
  <DVD_episodenumber></DVD_episodenumber>
  <DVD_season></DVD_season>
  <Director>Jonathan Van Tulleken</Director>
  <EpImgFlag>2</EpImgFlag>
  <EpisodeName>Episode Six</EpisodeName>
  <EpisodeNumber>6</EpisodeNumber>
  <FirstAired>2011-12-04</FirstAired>
  <GuestStars></GuestStars>
  <IMDB_ID></IMDB_ID>
  <Language>en</Language>
  <Overview>After a drunken one-night-stand with a mysterious girl Rudy discovers that he has a strange superpower STD. With only 24hrs to undo the curse Rudy enlists Simon to help him find the girl. Meanwhile something weird is happening with Curtis' gender-swap power. And Seth finally finds the superpower that he's been searching for.
</Overview>
  <ProductionCode></ProductionCode>
  <Rating>7.7</Rating>
  <RatingCount>22</RatingCount>
  <SeasonNumber>3</SeasonNumber>
  <Writer>Jon Brown</Writer>
  <absolute_number></absolute_number>
  <filename>episodes/124051/4196515.jpg</filename>
  <lastupdated>1333965619</lastupdated>
  <seasonid>455381</seasonid>
  <seriesid>124051</seriesid>
</Episode>
<Episode>
  <id>4196520</id>
  <Combined_episodenumber>7</Combined_episodenumber>
  <Combined_season>3</Combined_season>
  <DVD_chapter></DVD_chapter>
  <DVD_discid></DVD_discid>
  <DVD_episodenumber></DVD_episodenumber>
  <DVD_season></DVD_season>
  <Director>Will Sinclair</Director>
  <EpImgFlag>2</EpImgFlag>
  <EpisodeName>Episode Seven</EpisodeName>
  <EpisodeNumber>7</EpisodeNumber>
  <FirstAired>2011-12-11</FirstAired>
  <GuestStars></GuestStars>
  <IMDB_ID></IMDB_ID>
  <Language>en</Language>
  <Overview>When Seth finds a resurrection super power he uses it to bring his dead ex-girlfriend, Shannon back to life.

But it's not long before he realises that the new power has unexpected consequences when Shannon develops a taste for blood.

Seth is torn between his love for Kelly and the guilt he feels over Shannon's death, as the gang battle an army of zombie cheerleaders.</Overview>
  <ProductionCode></ProductionCode>
  <Rating>8.0</Rating>
  <RatingCount>23</RatingCount>
  <SeasonNumber>3</SeasonNumber>
  <Writer>Howard Overman</Writer>
  <absolute_number></absolute_number>
  <filename>episodes/124051/4196520.jpg</filename>
  <lastupdated>1333965633</lastupdated>
  <seasonid>455381</seasonid>
  <seriesid>124051</seriesid>
</Episode>
<Episode>
  <id>4196524</id>
  <Combined_episodenumber>8</Combined_episodenumber>
  <Combined_season>3</Combined_season>
  <DVD_chapter></DVD_chapter>
  <DVD_discid></DVD_discid>
  <DVD_episodenumber></DVD_episodenumber>
  <DVD_season></DVD_season>
  <Director>Jonathan van Tulleken</Director>
  <EpImgFlag>2</EpImgFlag>
  <EpisodeName>Episode Eight</EpisodeName>
  <EpisodeNumber>8</EpisodeNumber>
  <FirstAired>2011-12-18</FirstAired>
  <GuestStars></GuestStars>
  <IMDB_ID></IMDB_ID>
  <Language>en</Language>
  <Overview>A fake medium with a superpower brings faces from the young offenders' past back to life, including Tony and Sally, the probation workers they killed. The gang soon realises the resurrected corpses have returned to the land of the living with dangerous motives in mind – but then face another threat when Simon senses his destiny as Superhoodie is fast approaching. </Overview>
  <ProductionCode></ProductionCode>
  <Rating>8.3</Rating>
  <RatingCount>20</RatingCount>
  <SeasonNumber>3</SeasonNumber>
  <Writer>Howard Overman</Writer>
  <absolute_number></absolute_number>
  <filename>episodes/124051/4196524.jpg</filename>
  <lastupdated>1333965652</lastupdated>
  <seasonid>455381</seasonid>
  <seriesid>124051</seriesid>
</Episode>
</Data>