<?xml version="1.0" encoding="UTF-8" ?>
<Data><Series>
  <id>211751</id>
  <Actors>|Anders Holm|Blake Anderson|Adam DeVine|Erik Griffin|Jillian Bell|</Actors>
  <Airs_DayOfWeek>Tuesday</Airs_DayOfWeek>
  <Airs_Time>10:30 PM</Airs_Time>
  <ContentRating>TV-MA</ContentRating>
  <FirstAired>2011-04-06</FirstAired>
  <Genre>|Comedy|</Genre>
  <IMDB_ID>tt1610527</IMDB_ID>
  <Language>en</Language>
  <Network>Comedy Central</Network>
  <NetworkID></NetworkID>
  <Overview>From the minds of the hilarious and irreverent Internet sketch group Mail Order Comedy, &quot;Workaholics&quot; is a workplace comedy featuring three friends who work together from 9 to 5 and live together from 5 to 9.

Dress codes, deadlines and rising before noon are not things these guys are used to. Their brains are stuck on college cruise control and now they're trapped in an office environment with &quot;grown ups.&quot; Together they're a three man spring break, they do their jobs and sometimes they even do them well, but they show up late, leave drunk, play pranks on one another and bend all the rules. They live for the day... even if they don't know what day it is. </Overview>
  <Rating>8.1</Rating>
  <RatingCount>14</RatingCount>
  <Runtime>30</Runtime>
  <SeriesID>78837</SeriesID>
  <SeriesName>Workaholics</SeriesName>
  <Status>Continuing</Status>
  <added>2010-12-10 18:35:47</added>
  <addedBy>135271</addedBy>
  <banner>graphical/211751-g.jpg</banner>
  <fanart>fanart/original/211751-2.jpg</fanart>
  <lastupdated>1334120233</lastupdated>
  <poster>posters/211751-2.jpg</poster>
  <zap2it_id>SH01389036</zap2it_id>
</Series>
<Episode>
  <id>4107970</id>
  <Combined_episodenumber>1</Combined_episodenumber>
  <Combined_season>0</Combined_season>
  <DVD_chapter></DVD_chapter>
  <DVD_discid></DVD_discid>
  <DVD_episodenumber></DVD_episodenumber>
  <DVD_season></DVD_season>
  <Director></Director>
  <EpImgFlag></EpImgFlag>
  <EpisodeName>Catherine Zeta-Jones: The Remix</EpisodeName>
  <EpisodeNumber>1</EpisodeNumber>
  <FirstAired></FirstAired>
  <GuestStars></GuestStars>
  <IMDB_ID></IMDB_ID>
  <Language>en</Language>
  <Overview></Overview>
  <ProductionCode></ProductionCode>
  <Rating>8.0</Rating>
  <RatingCount>1</RatingCount>
  <SeasonNumber>0</SeasonNumber>
  <Writer></Writer>
  <absolute_number></absolute_number>
  <airsafter_season></airsafter_season>
  <airsbefore_episode>4</airsbefore_episode>
  <airsbefore_season>1</airsbefore_season>
  <filename></filename>
  <lastupdated>1316388347</lastupdated>
  <seasonid>371041</seasonid>
  <seriesid>211751</seriesid>
</Episode>
<Episode>
  <id>3971451</id>
  <Combined_episodenumber>1</Combined_episodenumber>
  <Combined_season>1</Combined_season>
  <DVD_chapter></DVD_chapter>
  <DVD_discid></DVD_discid>
  <DVD_episodenumber></DVD_episodenumber>
  <DVD_season></DVD_season>
  <Director></Director>
  <EpImgFlag>2</EpImgFlag>
  <EpisodeName>Piss &amp; S**t</EpisodeName>
  <EpisodeNumber>1</EpisodeNumber>
  <FirstAired>2011-04-06</FirstAired>
  <GuestStars></GuestStars>
  <IMDB_ID></IMDB_ID>
  <Language>en</Language>
  <Overview>When the guys have to pass a drug test at work, they only have one choice: bribe middle school kids for clean urine.</Overview>
  <ProductionCode></ProductionCode>
  <Rating>7.3</Rating>
  <RatingCount>18</RatingCount>
  <SeasonNumber>1</SeasonNumber>
  <Writer></Writer>
  <absolute_number></absolute_number>
  <filename>episodes/211751/3971451.jpg</filename>
  <lastupdated>1303307342</lastupdated>
  <seasonid>451241</seasonid>
  <seriesid>211751</seriesid>
</Episode>
<Episode>
  <id>3971461</id>
  <Combined_episodenumber>2</Combined_episodenumber>
  <Combined_season>1</Combined_season>
  <DVD_chapter></DVD_chapter>
  <DVD_discid></DVD_discid>
  <DVD_episodenumber></DVD_episodenumber>
  <DVD_season></DVD_season>
  <Director></Director>
  <EpImgFlag>2</EpImgFlag>
  <EpisodeName>We Be Ballin'</EpisodeName>
  <EpisodeNumber>2</EpisodeNumber>
  <FirstAired>2011-04-13</FirstAired>
  <GuestStars></GuestStars>
  <IMDB_ID></IMDB_ID>
  <Language>en</Language>
  <Overview>The guys will stop at nothing to get tickets to a sold-out basketball game, even if it means being dunked in a horchata tank and seeing a grown man's penis.</Overview>
  <ProductionCode>103</ProductionCode>
  <Rating>7.5</Rating>
  <RatingCount>21</RatingCount>
  <SeasonNumber>1</SeasonNumber>
  <Writer></Writer>
  <absolute_number></absolute_number>
  <filename>episodes/211751/3971461.jpg</filename>
  <lastupdated>1305807312</lastupdated>
  <seasonid>451241</seasonid>
  <seriesid>211751</seriesid>
</Episode>
<Episode>
  <id>4033051</id>
  <Combined_episodenumber>3</Combined_episodenumber>
  <Combined_season>1</Combined_season>
  <DVD_chapter></DVD_chapter>
  <DVD_discid></DVD_discid>
  <DVD_episodenumber></DVD_episodenumber>
  <DVD_season></DVD_season>
  <Director></Director>
  <EpImgFlag>2</EpImgFlag>
  <EpisodeName>Office Campout</EpisodeName>
  <EpisodeNumber>3</EpisodeNumber>
  <FirstAired>2011-04-20</FirstAired>
  <GuestStars></GuestStars>
  <IMDB_ID></IMDB_ID>
  <Language>en</Language>
  <Overview>The guys camp out at the office while their house is fumigated, but the giddiness of their drug-fueled slumber party turns into paranoia when they think the company is being burglarized.</Overview>
  <ProductionCode>104</ProductionCode>
  <Rating>7.7</Rating>
  <RatingCount>15</RatingCount>
  <SeasonNumber>1</SeasonNumber>
  <Writer></Writer>
  <absolute_number></absolute_number>
  <filename>episodes/211751/4033051.jpg</filename>
  <lastupdated>1305807293</lastupdated>
  <seasonid>451241</seasonid>
  <seriesid>211751</seriesid>
</Episode>
<Episode>
  <id>4079772</id>
  <Combined_episodenumber>4</Combined_episodenumber>
  <Combined_season>1</Combined_season>
  <DVD_chapter></DVD_chapter>
  <DVD_discid></DVD_discid>
  <DVD_episodenumber></DVD_episodenumber>
  <DVD_season></DVD_season>
  <Director></Director>
  <EpImgFlag>2</EpImgFlag>
  <EpisodeName>The Promotion</EpisodeName>
  <EpisodeNumber>4</EpisodeNumber>
  <FirstAired>2011-04-27</FirstAired>
  <GuestStars></GuestStars>
  <IMDB_ID></IMDB_ID>
  <Language>en</Language>
  <Overview>The guys' loyalties to each other are put to the test when they compete for a rumored promotion at work.</Overview>
  <ProductionCode>102</ProductionCode>
  <Rating>7.8</Rating>
  <RatingCount>13</RatingCount>
  <SeasonNumber>1</SeasonNumber>
  <Writer></Writer>
  <absolute_number></absolute_number>
  <filename>episodes/211751/4079772.jpg</filename>
  <lastupdated>1305807274</lastupdated>
  <seasonid>451241</seasonid>
  <seriesid>211751</seriesid>
</Episode>
<Episode>
  <id>4084721</id>
  <Combined_episodenumber>5</Combined_episodenumber>
  <Combined_season>1</Combined_season>
  <DVD_chapter></DVD_chapter>
  <DVD_discid></DVD_discid>
  <DVD_episodenumber></DVD_episodenumber>
  <DVD_season></DVD_season>
  <Director></Director>
  <EpImgFlag>2</EpImgFlag>
  <EpisodeName>Checkpoint Gnarly</EpisodeName>
  <EpisodeNumber>5</EpisodeNumber>
  <FirstAired>2011-05-04</FirstAired>
  <GuestStars></GuestStars>
  <IMDB_ID></IMDB_ID>
  <Language>en</Language>
  <Overview>Things go badly when the guys hit a DUI checkpoint after drinking with the boss's brother.</Overview>
  <ProductionCode>107</ProductionCode>
  <Rating>7.8</Rating>
  <RatingCount>16</RatingCount>
  <SeasonNumber>1</SeasonNumber>
  <Writer></Writer>
  <absolute_number></absolute_number>
  <filename>episodes/211751/4084721.jpg</filename>
  <lastupdated>1305807220</lastupdated>
  <seasonid>451241</seasonid>
  <seriesid>211751</seriesid>
</Episode>
<Episode>
  <id>4084722</id>
  <Combined_episodenumber>6</Combined_episodenumber>
  <Combined_season>1</Combined_season>
  <DVD_chapter></DVD_chapter>
  <DVD_discid></DVD_discid>
  <DVD_episodenumber></DVD_episodenumber>
  <DVD_season></DVD_season>
  <Director></Director>
  <EpImgFlag>2</EpImgFlag>
  <EpisodeName>The Strike</EpisodeName>
  <EpisodeNumber>6</EpisodeNumber>
  <FirstAired>2011-05-11</FirstAired>
  <GuestStars></GuestStars>
  <IMDB_ID></IMDB_ID>
  <Language>en</Language>
  <Overview>The guys go on strike for better benefits when Alice doesn't buy their observance of a phony holiday called Half-Christmas.</Overview>
  <ProductionCode></ProductionCode>
  <Rating>7.7</Rating>
  <RatingCount>12</RatingCount>
  <SeasonNumber>1</SeasonNumber>
  <Writer></Writer>
  <absolute_number></absolute_number>
  <filename>episodes/211751/4084722.jpg</filename>
  <lastupdated>1305649182</lastupdated>
  <seasonid>451241</seasonid>
  <seriesid>211751</seriesid>
</Episode>
<Episode>
  <id>4095755</id>
  <Combined_episodenumber>7</Combined_episodenumber>
  <Combined_season>1</Combined_season>
  <DVD_chapter></DVD_chapter>
  <DVD_discid></DVD_discid>
  <DVD_episodenumber></DVD_episodenumber>
  <DVD_season></DVD_season>
  <Director></Director>
  <EpImgFlag>2</EpImgFlag>
  <EpisodeName>Straight Up Juggahos</EpisodeName>
  <EpisodeNumber>7</EpisodeNumber>
  <FirstAired>2011-05-18</FirstAired>
  <GuestStars></GuestStars>
  <IMDB_ID></IMDB_ID>
  <Language>en</Language>
  <Overview>The guys try to keep Jillian from a business function by setting her up on a blind date, but their plan goes awry when she has to be rescued from an Insane Clown Posse concert.</Overview>
  <ProductionCode>105</ProductionCode>
  <Rating>7.4</Rating>
  <RatingCount>16</RatingCount>
  <SeasonNumber>1</SeasonNumber>
  <Writer></Writer>
  <absolute_number></absolute_number>
  <filename>episodes/211751/4095755.jpg</filename>
  <lastupdated>1306186071</lastupdated>
  <seasonid>451241</seasonid>
  <seriesid>211751</seriesid>
</Episode>
<Episode>
  <id>4102140</id>
  <Combined_episodenumber>8</Combined_episodenumber>
  <Combined_season>1</Combined_season>
  <DVD_chapter></DVD_chapter>
  <DVD_discid></DVD_discid>
  <DVD_episodenumber></DVD_episodenumber>
  <DVD_season></DVD_season>
  <Director></Director>
  <EpImgFlag>2</EpImgFlag>
  <EpisodeName>To Friend a Predator</EpisodeName>
  <EpisodeNumber>8</EpisodeNumber>
  <FirstAired>2011-05-25</FirstAired>
  <GuestStars></GuestStars>
  <IMDB_ID></IMDB_ID>
  <Language>en</Language>
  <Overview>When the guys try &quot;To Catch a Predator&quot;, a local child molester, he turns out to be the coolest guy they ever met.</Overview>
  <ProductionCode>108</ProductionCode>
  <Rating>7.8</Rating>
  <RatingCount>13</RatingCount>
  <SeasonNumber>1</SeasonNumber>
  <Writer></Writer>
  <absolute_number></absolute_number>
  <filename>episodes/211751/4102140.jpg</filename>
  <lastupdated>1306415501</lastupdated>
  <seasonid>451241</seasonid>
  <seriesid>211751</seriesid>
</Episode>
<Episode>
  <id>4102143</id>
  <Combined_episodenumber>9</Combined_episodenumber>
  <Combined_season>1</Combined_season>
  <DVD_chapter></DVD_chapter>
  <DVD_discid></DVD_discid>
  <DVD_episodenumber></DVD_episodenumber>
  <DVD_season></DVD_season>
  <Director></Director>
  <EpImgFlag>2</EpImgFlag>
  <EpisodeName>Muscle I'd Like to Flex</EpisodeName>
  <EpisodeNumber>9</EpisodeNumber>
  <FirstAired>2011-06-01</FirstAired>
  <GuestStars></GuestStars>
  <IMDB_ID></IMDB_ID>
  <Language>en</Language>
  <Overview>Blake and Anders' world turns upside down when they lose Adam to a super-rich MILF.</Overview>
  <ProductionCode>109</ProductionCode>
  <Rating>8.3</Rating>
  <RatingCount>15</RatingCount>
  <SeasonNumber>1</SeasonNumber>
  <Writer></Writer>
  <absolute_number></absolute_number>
  <filename>episodes/211751/4102143.jpg</filename>
  <lastupdated>1320784949</lastupdated>
  <seasonid>451241</seasonid>
  <seriesid>211751</seriesid>
</Episode>
<Episode>
  <id>4102147</id>
  <Combined_episodenumber>10</Combined_episodenumber>
  <Combined_season>1</Combined_season>
  <DVD_chapter></DVD_chapter>
  <DVD_discid></DVD_discid>
  <DVD_episodenumber></DVD_episodenumber>
  <DVD_season></DVD_season>
  <Director></Director>
  <EpImgFlag>2</EpImgFlag>
  <EpisodeName>In the Line of Getting Fired</EpisodeName>
  <EpisodeNumber>10</EpisodeNumber>
  <FirstAired>2011-06-08</FirstAired>
  <GuestStars></GuestStars>
  <IMDB_ID></IMDB_ID>
  <Language>en</Language>
  <Overview>When the CEO of TelAmeriCorp arrives to liquidate the company, it's up to the guys to change his mind and save the day.</Overview>
  <ProductionCode>110</ProductionCode>
  <Rating>8.1</Rating>
  <RatingCount>16</RatingCount>
  <SeasonNumber>1</SeasonNumber>
  <Writer></Writer>
  <absolute_number></absolute_number>
  <filename>episodes/211751/4102147.jpg</filename>
  <lastupdated>1320784960</lastupdated>
  <seasonid>451241</seasonid>
  <seriesid>211751</seriesid>
</Episode>
<Episode>
  <id>4147373</id>
  <Combined_episodenumber>1</Combined_episodenumber>
  <Combined_season>2</Combined_season>
  <DVD_chapter></DVD_chapter>
  <DVD_discid></DVD_discid>
  <DVD_episodenumber></DVD_episodenumber>
  <DVD_season></DVD_season>
  <Director></Director>
  <EpImgFlag>2</EpImgFlag>
  <EpisodeName>Heist School</EpisodeName>
  <EpisodeNumber>1</EpisodeNumber>
  <FirstAired>2011-09-20</FirstAired>
  <GuestStars></GuestStars>
  <IMDB_ID></IMDB_ID>
  <Language>en</Language>
  <Overview>The loss of something valuable sends the guys on an undercover mission at a high school to investigate.</Overview>
  <ProductionCode></ProductionCode>
  <Rating>8.1</Rating>
  <RatingCount>11</RatingCount>
  <SeasonNumber>2</SeasonNumber>
  <Writer></Writer>
  <absolute_number></absolute_number>
  <filename>episodes/211751/4147373.jpg</filename>
  <lastupdated>1316587772</lastupdated>
  <seasonid>471254</seasonid>
  <seriesid>211751</seriesid>
</Episode>
<Episode>
  <id>4171027</id>
  <Combined_episodenumber>2</Combined_episodenumber>
  <Combined_season>2</Combined_season>
  <DVD_chapter></DVD_chapter>
  <DVD_discid></DVD_discid>
  <DVD_episodenumber></DVD_episodenumber>
  <DVD_season></DVD_season>
  <Director></Director>
  <EpImgFlag>2</EpImgFlag>
  <EpisodeName>Dry Guys</EpisodeName>
  <EpisodeNumber>2</EpisodeNumber>
  <FirstAired>2011-09-27</FirstAired>
  <GuestStars></GuestStars>
  <IMDB_ID></IMDB_ID>
  <Language>en</Language>
  <Overview>The guys try to quit drinking for a week after a particularly rough night of imbibing.</Overview>
  <ProductionCode></ProductionCode>
  <Rating>8.1</Rating>
  <RatingCount>10</RatingCount>
  <SeasonNumber>2</SeasonNumber>
  <Writer></Writer>
  <absolute_number></absolute_number>
  <filename>episodes/211751/4171027.jpg</filename>
  <lastupdated>1317212882</lastupdated>
  <seasonid>471254</seasonid>
  <seriesid>211751</seriesid>
</Episode>
<Episode>
  <id>4178706</id>
  <Combined_episodenumber>3</Combined_episodenumber>
  <Combined_season>2</Combined_season>
  <DVD_chapter></DVD_chapter>
  <DVD_discid></DVD_discid>
  <DVD_episodenumber></DVD_episodenumber>
  <DVD_season></DVD_season>
  <Director></Director>
  <EpImgFlag>2</EpImgFlag>
  <EpisodeName>Temp-Tress</EpisodeName>
  <EpisodeNumber>3</EpisodeNumber>
  <FirstAired>2011-10-04</FirstAired>
  <GuestStars></GuestStars>
  <IMDB_ID></IMDB_ID>
  <Language>en</Language>
  <Overview>An attractive temp at TelAmeriCorp tests the guys' limits of self-control.</Overview>
  <ProductionCode></ProductionCode>
  <Rating>8.5</Rating>
  <RatingCount>10</RatingCount>
  <SeasonNumber>2</SeasonNumber>
  <Writer></Writer>
  <absolute_number></absolute_number>
  <filename>episodes/211751/4178706.jpg</filename>
  <lastupdated>1317790612</lastupdated>
  <seasonid>471254</seasonid>
  <seriesid>211751</seriesid>
</Episode>
<Episode>
  <id>4180432</id>
  <Combined_episodenumber>4</Combined_episodenumber>
  <Combined_season>2</Combined_season>
  <DVD_chapter></DVD_chapter>
  <DVD_discid></DVD_discid>
  <DVD_episodenumber></DVD_episodenumber>
  <DVD_season></DVD_season>
  <Director></Director>
  <EpImgFlag>2</EpImgFlag>
  <EpisodeName>Model Kombat</EpisodeName>
  <EpisodeNumber>4</EpisodeNumber>
  <FirstAired>2011-10-11</FirstAired>
  <GuestStars>Ray Wise</GuestStars>
  <IMDB_ID></IMDB_ID>
  <Language>en</Language>
  <Overview>A rift develops between the guys when Adam contemplates finding work as a model.</Overview>
  <ProductionCode></ProductionCode>
  <Rating>7.9</Rating>
  <RatingCount>12</RatingCount>
  <SeasonNumber>2</SeasonNumber>
  <Writer></Writer>
  <absolute_number></absolute_number>
  <filename>episodes/211751/4180432.jpg</filename>
  <lastupdated>1318400910</lastupdated>
  <seasonid>471254</seasonid>
  <seriesid>211751</seriesid>
</Episode>
<Episode>
  <id>4190418</id>
  <Combined_episodenumber>5</Combined_episodenumber>
  <Combined_season>2</Combined_season>
  <DVD_chapter></DVD_chapter>
  <DVD_discid></DVD_discid>
  <DVD_episodenumber></DVD_episodenumber>
  <DVD_season></DVD_season>
  <Director></Director>
  <EpImgFlag>2</EpImgFlag>
  <EpisodeName>Old Man Ders</EpisodeName>
  <EpisodeNumber>5</EpisodeNumber>
  <FirstAired>2011-10-18</FirstAired>
  <GuestStars></GuestStars>
  <IMDB_ID></IMDB_ID>
  <Language>en</Language>
  <Overview>Ders wrestles with his impending mortality when he turns 25.</Overview>
  <ProductionCode></ProductionCode>
  <Rating>8.7</Rating>
  <RatingCount>6</RatingCount>
  <SeasonNumber>2</SeasonNumber>
  <Writer></Writer>
  <absolute_number></absolute_number>
  <filename>episodes/211751/4190418.jpg</filename>
  <lastupdated>1319096045</lastupdated>
  <seasonid>471254</seasonid>
  <seriesid>211751</seriesid>
</Episode>
<Episode>
  <id>4190419</id>
  <Combined_episodenumber>6</Combined_episodenumber>
  <Combined_season>2</Combined_season>
  <DVD_chapter></DVD_chapter>
  <DVD_discid></DVD_discid>
  <DVD_episodenumber></DVD_episodenumber>
  <DVD_season></DVD_season>
  <Director></Director>
  <EpImgFlag>2</EpImgFlag>
  <EpisodeName>Stop! Pajama Time</EpisodeName>
  <EpisodeNumber>6</EpisodeNumber>
  <FirstAired>2011-10-25</FirstAired>
  <GuestStars></GuestStars>
  <IMDB_ID></IMDB_ID>
  <Language>en</Language>
  <Overview>When Jillian gets put in charge at work, all hell breaks loose.</Overview>
  <ProductionCode></ProductionCode>
  <Rating>8.1</Rating>
  <RatingCount>8</RatingCount>
  <SeasonNumber>2</SeasonNumber>
  <Writer></Writer>
  <absolute_number></absolute_number>
  <filename>episodes/211751/4190419.jpg</filename>
  <lastupdated>1319599466</lastupdated>
  <seasonid>471254</seasonid>
  <seriesid>211751</seriesid>
</Episode>
<Episode>
  <id>4190592</id>
  <Combined_episodenumber>7</Combined_episodenumber>
  <Combined_season>2</Combined_season>
  <DVD_chapter></DVD_chapter>
  <DVD_discid></DVD_discid>
  <DVD_episodenumber></DVD_episodenumber>
  <DVD_season></DVD_season>
  <Director></Director>
  <EpImgFlag>2</EpImgFlag>
  <EpisodeName>Teenage Mutant Ninja Roommates</EpisodeName>
  <EpisodeNumber>7</EpisodeNumber>
  <FirstAired>2011-11-01</FirstAired>
  <GuestStars></GuestStars>
  <IMDB_ID></IMDB_ID>
  <Language>en</Language>
  <Overview>The guys are chased by a security guard in Montez Walker's gated community.</Overview>
  <ProductionCode></ProductionCode>
  <Rating>8.0</Rating>
  <RatingCount>8</RatingCount>
  <SeasonNumber>2</SeasonNumber>
  <Writer></Writer>
  <absolute_number></absolute_number>
  <filename>episodes/211751/4190592.jpg</filename>
  <lastupdated>1320205055</lastupdated>
  <seasonid>471254</seasonid>
  <seriesid>211751</seriesid>
</Episode>
<Episode>
  <id>4195462</id>
  <Combined_episodenumber>8</Combined_episodenumber>
  <Combined_season>2</Combined_season>
  <DVD_chapter></DVD_chapter>
  <DVD_discid></DVD_discid>
  <DVD_episodenumber></DVD_episodenumber>
  <DVD_season></DVD_season>
  <Director></Director>
  <EpImgFlag>2</EpImgFlag>
  <EpisodeName>Karl's Wedding</EpisodeName>
  <EpisodeNumber>8</EpisodeNumber>
  <FirstAired>2011-11-08</FirstAired>
  <GuestStars></GuestStars>
  <IMDB_ID></IMDB_ID>
  <Language>en</Language>
  <Overview>Karl Hevacheck, aka the Human Genius, gets married.</Overview>
  <ProductionCode></ProductionCode>
  <Rating>7.7</Rating>
  <RatingCount>9</RatingCount>
  <SeasonNumber>2</SeasonNumber>
  <Writer></Writer>
  <absolute_number></absolute_number>
  <filename>episodes/211751/4195462.jpg</filename>
  <lastupdated>1320812730</lastupdated>
  <seasonid>471254</seasonid>
  <seriesid>211751</seriesid>
</Episode>
<Episode>
  <id>4200511</id>
  <Combined_episodenumber>9</Combined_episodenumber>
  <Combined_season>2</Combined_season>
  <DVD_chapter></DVD_chapter>
  <DVD_discid></DVD_discid>
  <DVD_episodenumber></DVD_episodenumber>
  <DVD_season></DVD_season>
  <Director></Director>
  <EpImgFlag>2</EpImgFlag>
  <EpisodeName>Man Up</EpisodeName>
  <EpisodeNumber>9</EpisodeNumber>
  <FirstAired>2011-11-15</FirstAired>
  <GuestStars></GuestStars>
  <IMDB_ID></IMDB_ID>
  <Language>en</Language>
  <Overview>The guys take a &quot;man trip&quot; to get their macho mojo back.</Overview>
  <ProductionCode></ProductionCode>
  <Rating>7.7</Rating>
  <RatingCount>10</RatingCount>
  <SeasonNumber>2</SeasonNumber>
  <Writer></Writer>
  <absolute_number></absolute_number>
  <filename>episodes/211751/4200511.jpg</filename>
  <lastupdated>1321419759</lastupdated>
  <seasonid>471254</seasonid>
  <seriesid>211751</seriesid>
</Episode>
<Episode>
  <id>4210238</id>
  <Combined_episodenumber>10</Combined_episodenumber>
  <Combined_season>2</Combined_season>
  <DVD_chapter></DVD_chapter>
  <DVD_discid></DVD_discid>
  <DVD_episodenumber></DVD_episodenumber>
  <DVD_season></DVD_season>
  <Director></Director>
  <EpImgFlag>2</EpImgFlag>
  <EpisodeName>6 Hours Till Hedonism II</EpisodeName>
  <EpisodeNumber>10</EpisodeNumber>
  <FirstAired>2011-11-22</FirstAired>
  <GuestStars></GuestStars>
  <IMDB_ID></IMDB_ID>
  <Language>en</Language>
  <Overview>In the second-season finale, the guys’ Thanksgiving trip to a resort known for debauchery is in jeopardy unless they can get Blake a passport in six hours.</Overview>
  <ProductionCode></ProductionCode>
  <Rating>8.0</Rating>
  <RatingCount>8</RatingCount>
  <SeasonNumber>2</SeasonNumber>
  <Writer></Writer>
  <absolute_number></absolute_number>
  <filename>episodes/211751/4210238.jpg</filename>
  <lastupdated>1322023360</lastupdated>
  <seasonid>471254</seasonid>
  <seriesid>211751</seriesid>
</Episode>
<Episode>
  <id>4292812</id>
  <Combined_episodenumber>1</Combined_episodenumber>
  <Combined_season>3</Combined_season>
  <DVD_chapter></DVD_chapter>
  <DVD_discid></DVD_discid>
  <DVD_episodenumber></DVD_episodenumber>
  <DVD_season></DVD_season>
  <Director></Director>
  <EpImgFlag></EpImgFlag>
  <EpisodeName>tba - begins Sept. 2012</EpisodeName>
  <EpisodeNumber>1</EpisodeNumber>
  <FirstAired></FirstAired>
  <GuestStars></GuestStars>
  <IMDB_ID></IMDB_ID>
  <Language>en</Language>
  <Overview></Overview>
  <ProductionCode></ProductionCode>
  <Rating></Rating>
  <RatingCount>0</RatingCount>
  <SeasonNumber>3</SeasonNumber>
  <Writer></Writer>
  <absolute_number></absolute_number>
  <filename></filename>
  <lastupdated>1332626569</lastupdated>
  <seasonid>488449</seasonid>
  <seriesid>211751</seriesid>
</Episode>
</Data>