<?xml version="1.0" encoding="UTF-8" ?>
<Actors>
<Actor>
  <id>162941</id>
  <Image>actors/162941.jpg</Image>
  <Name>Bryan Greenberg</Name>
  <Role>Ben Epstein</Role>
  <SortOrder>0</SortOrder>
</Actor>
<Actor>
  <id>162971</id>
  <Image>actors/162971.jpg</Image>
  <Name>Victor Rasuk</Name>
  <Role>Cameron &quot;Cam&quot; Calderon</Role>
  <SortOrder>1</SortOrder>
</Actor>
<Actor>
  <id>162991</id>
  <Image>actors/162991.jpg</Image>
  <Name>Lake Bell</Name>
  <Role>Rachel Chapman</Role>
  <SortOrder>2</SortOrder>
</Actor>
<Actor>
  <id>163001</id>
  <Image>actors/163001.jpg</Image>
  <Name>Luis Guzmán</Name>
  <Role>René Calderon</Role>
  <SortOrder>3</SortOrder>
</Actor>
</Actors>