<?xml version="1.0" encoding="UTF-8" ?>
<Banners>
<Banner>
  <id>880145</id>
  <BannerPath>fanart/original/134231-6.jpg</BannerPath>
  <BannerType>fanart</BannerType>
  <BannerType2>1920x1080</BannerType2>
  <Colors></Colors>
  <Language>en</Language>
  <Rating>8.0000</Rating>
  <RatingCount>3</RatingCount>
  <SeriesName>false</SeriesName>
  <ThumbnailPath>_cache/fanart/original/134231-6.jpg</ThumbnailPath>
  <VignettePath>fanart/vignette/134231-6.jpg</VignettePath>
</Banner>
<Banner>
  <id>343661</id>
  <BannerPath>fanart/original/134231-1.jpg</BannerPath>
  <BannerType>fanart</BannerType>
  <BannerType2>1920x1080</BannerType2>
  <Colors>|136,103,94|43,27,12|246,211,173|</Colors>
  <Language>en</Language>
  <Rating>6.6000</Rating>
  <RatingCount>5</RatingCount>
  <SeriesName>false</SeriesName>
  <ThumbnailPath>_cache/fanart/original/134231-1.jpg</ThumbnailPath>
  <VignettePath>fanart/vignette/134231-1.jpg</VignettePath>
</Banner>
<Banner>
  <id>343671</id>
  <BannerPath>fanart/original/134231-2.jpg</BannerPath>
  <BannerType>fanart</BannerType>
  <BannerType2>1920x1080</BannerType2>
  <Colors>|239,214,192|178,129,97|195,155,106|</Colors>
  <Language>en</Language>
  <Rating>6.5000</Rating>
  <RatingCount>4</RatingCount>
  <SeriesName>false</SeriesName>
  <ThumbnailPath>_cache/fanart/original/134231-2.jpg</ThumbnailPath>
  <VignettePath>fanart/vignette/134231-2.jpg</VignettePath>
</Banner>
<Banner>
  <id>877493</id>
  <BannerPath>fanart/original/134231-5.jpg</BannerPath>
  <BannerType>fanart</BannerType>
  <BannerType2>1920x1080</BannerType2>
  <Colors></Colors>
  <Language>en</Language>
  <Rating>5.5000</Rating>
  <RatingCount>2</RatingCount>
  <SeriesName>false</SeriesName>
  <ThumbnailPath>_cache/fanart/original/134231-5.jpg</ThumbnailPath>
  <VignettePath>fanart/vignette/134231-5.jpg</VignettePath>
</Banner>
<Banner>
  <id>531451</id>
  <BannerPath>fanart/original/134231-4.jpg</BannerPath>
  <BannerType>fanart</BannerType>
  <BannerType2>1280x720</BannerType2>
  <Colors></Colors>
  <Language>en</Language>
  <Rating>3.5000</Rating>
  <RatingCount>2</RatingCount>
  <SeriesName>false</SeriesName>
  <ThumbnailPath>_cache/fanart/original/134231-4.jpg</ThumbnailPath>
  <VignettePath>fanart/vignette/134231-4.jpg</VignettePath>
</Banner>
<Banner>
  <id>531431</id>
  <BannerPath>fanart/original/134231-3.jpg</BannerPath>
  <BannerType>fanart</BannerType>
  <BannerType2>1280x720</BannerType2>
  <Colors></Colors>
  <Language>en</Language>
  <Rating>3.0000</Rating>
  <RatingCount>3</RatingCount>
  <SeriesName>false</SeriesName>
  <ThumbnailPath>_cache/fanart/original/134231-3.jpg</ThumbnailPath>
  <VignettePath>fanart/vignette/134231-3.jpg</VignettePath>
</Banner>
<Banner>
  <id>358391</id>
  <BannerPath>posters/134231-1.jpg</BannerPath>
  <BannerType>poster</BannerType>
  <BannerType2>680x1000</BannerType2>
  <Language>en</Language>
  <Rating>8.6667</Rating>
  <RatingCount>3</RatingCount>
</Banner>
<Banner>
  <id>873534</id>
  <BannerPath>posters/134231-2.jpg</BannerPath>
  <BannerType>poster</BannerType>
  <BannerType2>680x1000</BannerType2>
  <Language>en</Language>
  <Rating>7.7500</Rating>
  <RatingCount>4</RatingCount>
</Banner>
<Banner>
  <id>874102</id>
  <BannerPath>posters/134231-3.jpg</BannerPath>
  <BannerType>poster</BannerType>
  <BannerType2>680x1000</BannerType2>
  <Language>en</Language>
  <Rating>5.5000</Rating>
  <RatingCount>2</RatingCount>
</Banner>
<Banner>
  <id>896707</id>
  <BannerPath>posters/134231-4.jpg</BannerPath>
  <BannerType>poster</BannerType>
  <BannerType2>680x1000</BannerType2>
  <Language>en</Language>
  <Rating>1.0000</Rating>
  <RatingCount>1</RatingCount>
</Banner>
<Banner>
  <id>874098</id>
  <BannerPath>seasons/134231-2-2.jpg</BannerPath>
  <BannerType>season</BannerType>
  <BannerType2>season</BannerType2>
  <Language>en</Language>
  <Rating>10.0000</Rating>
  <RatingCount>3</RatingCount>
  <Season>2</Season>
</Banner>
<Banner>
  <id>874100</id>
  <BannerPath>seasons/134231-1-2.jpg</BannerPath>
  <BannerType>season</BannerType>
  <BannerType2>season</BannerType2>
  <Language>en</Language>
  <Rating>10.0000</Rating>
  <RatingCount>2</RatingCount>
  <Season>1</Season>
</Banner>
<Banner>
  <id>873570</id>
  <BannerPath>seasons/134231-2.jpg</BannerPath>
  <BannerType>season</BannerType>
  <BannerType2>season</BannerType2>
  <Language>ru</Language>
  <Rating>7.0000</Rating>
  <RatingCount>3</RatingCount>
  <Season>2</Season>
</Banner>
<Banner>
  <id>412901</id>
  <BannerPath>seasons/134231-1.jpg</BannerPath>
  <BannerType>season</BannerType>
  <BannerType2>season</BannerType2>
  <Language>en</Language>
  <Rating>6.0000</Rating>
  <RatingCount>2</RatingCount>
  <Season>1</Season>
</Banner>
<Banner>
  <id>880144</id>
  <BannerPath>graphical/134231-g4.jpg</BannerPath>
  <BannerType>series</BannerType>
  <BannerType2>graphical</BannerType2>
  <Language>en</Language>
  <Rating>8.0000</Rating>
  <RatingCount>3</RatingCount>
</Banner>
<Banner>
  <id>387951</id>
  <BannerPath>graphical/134231-g2.jpg</BannerPath>
  <BannerType>series</BannerType>
  <BannerType2>graphical</BannerType2>
  <Language>en</Language>
  <Rating>7.5000</Rating>
  <RatingCount>4</RatingCount>
</Banner>
<Banner>
  <id>880143</id>
  <BannerPath>graphical/134231-g3.jpg</BannerPath>
  <BannerType>series</BannerType>
  <BannerType2>graphical</BannerType2>
  <Language>en</Language>
  <Rating>7.0000</Rating>
  <RatingCount>2</RatingCount>
</Banner>
<Banner>
  <id>896971</id>
  <BannerPath>graphical/134231-g5.jpg</BannerPath>
  <BannerType>series</BannerType>
  <BannerType2>graphical</BannerType2>
  <Language>en</Language>
  <Rating>7.0000</Rating>
  <RatingCount>1</RatingCount>
</Banner>
<Banner>
  <id>373781</id>
  <BannerPath>graphical/134231-g.jpg</BannerPath>
  <BannerType>series</BannerType>
  <BannerType2>graphical</BannerType2>
  <Language>en</Language>
  <Rating>6.3333</Rating>
  <RatingCount>3</RatingCount>
</Banner>
</Banners>