<?xml version="1.0" encoding="UTF-8" ?>
<Data><Series>
  <id>134231</id>
  <Actors>|Bryan Greenberg|Victor Rasuk|Lake Bell|Luis Guzmán|</Actors>
  <Airs_DayOfWeek>Sunday</Airs_DayOfWeek>
  <Airs_Time>10:00 PM</Airs_Time>
  <ContentRating>TV-MA</ContentRating>
  <FirstAired>2010-02-14</FirstAired>
  <Genre>|Comedy|</Genre>
  <IMDB_ID>tt1299365</IMDB_ID>
  <Language>en</Language>
  <Network>HBO</Network>
  <NetworkID></NetworkID>
  <Overview>Entourage masterminds Stephen Levinson and Mark Wahlberg are behind this HBO project about two up-and-comers in their 20's living in New York City. This pair of industrious friends hustle their way to success, striving to achieve the American dream.</Overview>
  <Rating>8.9</Rating>
  <RatingCount>17</RatingCount>
  <Runtime>30</Runtime>
  <SeriesID>76007</SeriesID>
  <SeriesName>How to Make It in America</SeriesName>
  <Status>Ended</Status>
  <added>2010-01-11 00:30:28</added>
  <addedBy>76261</addedBy>
  <banner>graphical/134231-g4.jpg</banner>
  <fanart>fanart/original/134231-6.jpg</fanart>
  <lastupdated>1333266035</lastupdated>
  <poster>posters/134231-1.jpg</poster>
  <zap2it_id>EP01223785</zap2it_id>
</Series>
<Episode>
  <id>1529481</id>
  <Combined_episodenumber>1</Combined_episodenumber>
  <Combined_season>1</Combined_season>
  <DVD_chapter></DVD_chapter>
  <DVD_discid></DVD_discid>
  <DVD_episodenumber></DVD_episodenumber>
  <DVD_season></DVD_season>
  <Director>Julian Farino</Director>
  <EpImgFlag>2</EpImgFlag>
  <EpisodeName>3 Grand</EpisodeName>
  <EpisodeNumber>1</EpisodeNumber>
  <FirstAired>2010-02-14</FirstAired>
  <GuestStars></GuestStars>
  <IMDB_ID></IMDB_ID>
  <Language>en</Language>
  <Overview>In the series premiere, Brooklynites Ben and Cam, decide to use their entrepreneurial skills to get a hold of some quick cash to pay back a loan. Also, Ben's ex-girlfriend decides to finally move on from Ben.</Overview>
  <ProductionCode></ProductionCode>
  <Rating>6.5</Rating>
  <RatingCount>15</RatingCount>
  <SeasonNumber>1</SeasonNumber>
  <Writer>Ian Edelman</Writer>
  <absolute_number>1</absolute_number>
  <filename>episodes/134231/1529481.jpg</filename>
  <lastupdated>1324425918</lastupdated>
  <seasonid>171171</seasonid>
  <seriesid>134231</seriesid>
</Episode>
<Episode>
  <id>1702331</id>
  <Combined_episodenumber>2</Combined_episodenumber>
  <Combined_season>1</Combined_season>
  <DVD_chapter></DVD_chapter>
  <DVD_discid></DVD_discid>
  <DVD_episodenumber></DVD_episodenumber>
  <DVD_season></DVD_season>
  <Director>Julian Farino</Director>
  <EpImgFlag>2</EpImgFlag>
  <EpisodeName>Crisp</EpisodeName>
  <EpisodeNumber>2</EpisodeNumber>
  <FirstAired>2010-02-21</FirstAired>
  <GuestStars></GuestStars>
  <IMDB_ID></IMDB_ID>
  <Language>en</Language>
  <Overview>Ben and Cam find themselves in debt again to Rene and search for investors to get their jean line off and running. Later, Ben meets with Rachel to discuss their latest encounter.</Overview>
  <ProductionCode></ProductionCode>
  <Rating>7.0</Rating>
  <RatingCount>11</RatingCount>
  <SeasonNumber>1</SeasonNumber>
  <Writer>Rob Weiss</Writer>
  <absolute_number>2</absolute_number>
  <filename>episodes/134231/1702331.jpg</filename>
  <lastupdated>1327651980</lastupdated>
  <seasonid>171171</seasonid>
  <seriesid>134231</seriesid>
</Episode>
<Episode>
  <id>1702341</id>
  <Combined_episodenumber>3</Combined_episodenumber>
  <Combined_season>1</Combined_season>
  <DVD_chapter></DVD_chapter>
  <DVD_discid></DVD_discid>
  <DVD_episodenumber></DVD_episodenumber>
  <DVD_season></DVD_season>
  <Director>Julian Farino</Director>
  <EpImgFlag>2</EpImgFlag>
  <EpisodeName>Paper, Denim + Dollars</EpisodeName>
  <EpisodeNumber>3</EpisodeNumber>
  <FirstAired>2010-02-28</FirstAired>
  <GuestStars></GuestStars>
  <IMDB_ID></IMDB_ID>
  <Language>en</Language>
  <Overview>Rene tries to buy out his marketing partners. Rachel rethinks her future when she sees Ben. Ben and Cam work on finding a tailor for their denim business.</Overview>
  <ProductionCode></ProductionCode>
  <Rating>6.6</Rating>
  <RatingCount>8</RatingCount>
  <SeasonNumber>1</SeasonNumber>
  <Writer>Ian Edelman</Writer>
  <absolute_number>3</absolute_number>
  <filename>episodes/134231/1702341.jpg</filename>
  <lastupdated>1327651996</lastupdated>
  <seasonid>171171</seasonid>
  <seriesid>134231</seriesid>
</Episode>
<Episode>
  <id>1702351</id>
  <Combined_episodenumber>4</Combined_episodenumber>
  <Combined_season>1</Combined_season>
  <DVD_chapter></DVD_chapter>
  <DVD_discid></DVD_discid>
  <DVD_episodenumber></DVD_episodenumber>
  <DVD_season></DVD_season>
  <Director>Julian Farino</Director>
  <EpImgFlag>2</EpImgFlag>
  <EpisodeName>Unhappy Birthday</EpisodeName>
  <EpisodeNumber>4</EpisodeNumber>
  <FirstAired>2010-03-07</FirstAired>
  <GuestStars></GuestStars>
  <IMDB_ID></IMDB_ID>
  <Language>en</Language>
  <Overview>Edie, Rachel's boss, is throwing her a birthday party, and Ben is upset to learn that Rachel's new boyfriend Darren is going to attend it. Ben tries to occupy his time by hanging out with Kaplan, Cam and Domingo.</Overview>
  <ProductionCode></ProductionCode>
  <Rating>7.5</Rating>
  <RatingCount>8</RatingCount>
  <SeasonNumber>1</SeasonNumber>
  <Writer>|Ian Edelman|Normal Morrill|</Writer>
  <absolute_number>4</absolute_number>
  <filename>episodes/134231/1702351.jpg</filename>
  <lastupdated>1327652016</lastupdated>
  <seasonid>171171</seasonid>
  <seriesid>134231</seriesid>
</Episode>
<Episode>
  <id>1702361</id>
  <Combined_episodenumber>5</Combined_episodenumber>
  <Combined_season>1</Combined_season>
  <DVD_chapter></DVD_chapter>
  <DVD_discid></DVD_discid>
  <DVD_episodenumber></DVD_episodenumber>
  <DVD_season></DVD_season>
  <Director>Josh Marston</Director>
  <EpImgFlag>2</EpImgFlag>
  <EpisodeName>Big in Japan</EpisodeName>
  <EpisodeNumber>5</EpisodeNumber>
  <FirstAired>2010-03-14</FirstAired>
  <GuestStars></GuestStars>
  <IMDB_ID></IMDB_ID>
  <Language>en</Language>
  <Overview>After running into a successful designer on the street, Ben and Cam hook up with Hidemi, a top Japanese buyer, but their business takes a surprising detour when they show him their none-too-Crisp jean sample. Meanwhile, Rene runs into unexpected problems locating cash stashed in the basement of a woman who's divorcing his ne'er-do-well cousin Tito. Rachel, hoping to bring fresh energy to her relationship with Darren, is flummoxed by his euphoric reaction to the party drug Ecstasy.</Overview>
  <ProductionCode></ProductionCode>
  <Rating>7.8</Rating>
  <RatingCount>9</RatingCount>
  <SeasonNumber>1</SeasonNumber>
  <Writer>|Arty Nelson|Donal Lardner Ward|Rob Weiss|</Writer>
  <absolute_number></absolute_number>
  <filename>episodes/134231/1702361.jpg</filename>
  <lastupdated>1327652027</lastupdated>
  <seasonid>171171</seasonid>
  <seriesid>134231</seriesid>
</Episode>
<Episode>
  <id>1928581</id>
  <Combined_episodenumber>6</Combined_episodenumber>
  <Combined_season>1</Combined_season>
  <DVD_chapter></DVD_chapter>
  <DVD_discid></DVD_discid>
  <DVD_episodenumber></DVD_episodenumber>
  <DVD_season></DVD_season>
  <Director>Jonathan Levine</Director>
  <EpImgFlag>2</EpImgFlag>
  <EpisodeName>Good Vintage</EpisodeName>
  <EpisodeNumber>6</EpisodeNumber>
  <FirstAired>2010-03-21</FirstAired>
  <GuestStars></GuestStars>
  <IMDB_ID></IMDB_ID>
  <Language>en</Language>
  <Overview>Despite a fresh infusion of cash from Kaplan, Ben and Cam find it hard to meet Hidemi's vintage-tee quota of 300, until Julie, an attractive retail employee, helps bail them out. Rene gets advice on handling an impending schoolyard showdown with Flaco, the contractor he suspects of stealing his (illgotten) money. Rachel's field trip to Connecticut to check on a behind-schedule carpenter ends with Darren taking her to his childhood home - and then popping a commitment question on their drive back to Manhattan.</Overview>
  <ProductionCode></ProductionCode>
  <Rating>7.8</Rating>
  <RatingCount>10</RatingCount>
  <SeasonNumber>1</SeasonNumber>
  <Writer>|Ian Edelman|Seth Zvi Rosenfeld|</Writer>
  <absolute_number>6</absolute_number>
  <filename>episodes/134231/1928581.jpg</filename>
  <lastupdated>1327652044</lastupdated>
  <seasonid>171171</seasonid>
  <seriesid>134231</seriesid>
</Episode>
<Episode>
  <id>1959711</id>
  <Combined_episodenumber>7</Combined_episodenumber>
  <Combined_season>1</Combined_season>
  <DVD_chapter></DVD_chapter>
  <DVD_discid></DVD_discid>
  <DVD_episodenumber></DVD_episodenumber>
  <DVD_season></DVD_season>
  <Director>Jonathan Levine</Director>
  <EpImgFlag>2</EpImgFlag>
  <EpisodeName>Keep On Truck'n</EpisodeName>
  <EpisodeNumber>7</EpisodeNumber>
  <FirstAired>2010-03-28</FirstAired>
  <GuestStars></GuestStars>
  <IMDB_ID></IMDB_ID>
  <Language>en</Language>
  <Overview>While Ben is getting tight with Julie, Rachel is put off by Darren's sudden offer to let her and Edie design a hotel. To pay off an overdue debt to Rene, Cam and Ben agree to hand out Rasta Monsta samples at Union Square, but cut the job short to retrieve their tees from the silk screener. Rene agrees to meet with John Lardner, the Jamaica-based owner of Rasta Monsta, about taking over North American distribution rights to the drink. But Rene's parole officer Norm wants to be part of the meeting.</Overview>
  <ProductionCode></ProductionCode>
  <Rating>8.1</Rating>
  <RatingCount>10</RatingCount>
  <SeasonNumber>1</SeasonNumber>
  <Writer>Sarah Treem</Writer>
  <absolute_number>7</absolute_number>
  <filename>episodes/134231/1959711.jpg</filename>
  <lastupdated>1327652058</lastupdated>
  <seasonid>171171</seasonid>
  <seriesid>134231</seriesid>
</Episode>
<Episode>
  <id>1983361</id>
  <Combined_episodenumber>8</Combined_episodenumber>
  <Combined_season>1</Combined_season>
  <DVD_chapter></DVD_chapter>
  <DVD_discid></DVD_discid>
  <DVD_episodenumber></DVD_episodenumber>
  <DVD_season></DVD_season>
  <Director>Julian Farino</Director>
  <EpImgFlag>2</EpImgFlag>
  <EpisodeName>Never Say Die</EpisodeName>
  <EpisodeNumber>8</EpisodeNumber>
  <FirstAired>2010-04-04</FirstAired>
  <GuestStars></GuestStars>
  <IMDB_ID></IMDB_ID>
  <Language>en</Language>
  <Overview>Cam suspects Rene of having something to do with the theft of the Rasta Monsta truck.</Overview>
  <ProductionCode></ProductionCode>
  <Rating>8.5</Rating>
  <RatingCount>10</RatingCount>
  <SeasonNumber>1</SeasonNumber>
  <Writer>|Ian Edelman|Rob Weiss|</Writer>
  <absolute_number>8</absolute_number>
  <filename>episodes/134231/1983361.jpg</filename>
  <lastupdated>1327652075</lastupdated>
  <seasonid>171171</seasonid>
  <seriesid>134231</seriesid>
</Episode>
<Episode>
  <id>4099504</id>
  <Combined_episodenumber>1</Combined_episodenumber>
  <Combined_season>2</Combined_season>
  <DVD_chapter></DVD_chapter>
  <DVD_discid></DVD_discid>
  <DVD_episodenumber></DVD_episodenumber>
  <DVD_season></DVD_season>
  <Director>Julian Farino</Director>
  <EpImgFlag>2</EpImgFlag>
  <EpisodeName>I'm Good</EpisodeName>
  <EpisodeNumber>1</EpisodeNumber>
  <FirstAired>2011-10-02</FirstAired>
  <GuestStars></GuestStars>
  <IMDB_ID></IMDB_ID>
  <Language>en</Language>
  <Overview>Ben and Cam look for a way to market their CRISP attire in New York after a promising debut in Tokyo. Meanwhile, Rene's new Rasta Monsta billboard is a hit with everyone except his girlfriend; and Rachel returns from a soul-searching trip abroad, but she's still not over Ben.</Overview>
  <ProductionCode></ProductionCode>
  <Rating>8.0</Rating>
  <RatingCount>11</RatingCount>
  <SeasonNumber>2</SeasonNumber>
  <Writer>Ian Edelman</Writer>
  <absolute_number>9</absolute_number>
  <filename>episodes/134231/4099504.jpg</filename>
  <lastupdated>1324425902</lastupdated>
  <seasonid>465946</seasonid>
  <seriesid>134231</seriesid>
</Episode>
<Episode>
  <id>4161646</id>
  <Combined_episodenumber>2</Combined_episodenumber>
  <Combined_season>2</Combined_season>
  <DVD_chapter></DVD_chapter>
  <DVD_discid></DVD_discid>
  <DVD_episodenumber></DVD_episodenumber>
  <DVD_season></DVD_season>
  <Director>Julian Farino</Director>
  <EpImgFlag>2</EpImgFlag>
  <EpisodeName>In or Out</EpisodeName>
  <EpisodeNumber>2</EpisodeNumber>
  <FirstAired>2011-10-09</FirstAired>
  <GuestStars></GuestStars>
  <IMDB_ID></IMDB_ID>
  <Language>en</Language>
  <Overview>Ben and Cam are stuck between two sales reps and a hard place; Rene leans on a client; Rachel lands a new job at Biscuit magazine, and lights up with Domingo.</Overview>
  <ProductionCode></ProductionCode>
  <Rating>7.4</Rating>
  <RatingCount>11</RatingCount>
  <SeasonNumber>2</SeasonNumber>
  <Writer>Jill Soloway</Writer>
  <absolute_number>10</absolute_number>
  <filename>episodes/134231/4161646.jpg</filename>
  <lastupdated>1324426006</lastupdated>
  <seasonid>465946</seasonid>
  <seriesid>134231</seriesid>
</Episode>
<Episode>
  <id>4170671</id>
  <Combined_episodenumber>3</Combined_episodenumber>
  <Combined_season>2</Combined_season>
  <DVD_chapter></DVD_chapter>
  <DVD_discid></DVD_discid>
  <DVD_episodenumber></DVD_episodenumber>
  <DVD_season></DVD_season>
  <Director>Simon Cellan Jones</Director>
  <EpImgFlag>2</EpImgFlag>
  <EpisodeName>Money, Power, Private School</EpisodeName>
  <EpisodeNumber>3</EpisodeNumber>
  <FirstAired>2011-10-16</FirstAired>
  <GuestStars></GuestStars>
  <IMDB_ID></IMDB_ID>
  <Language>en</Language>
  <Overview>CRISP lands a promising but unpaid gig; Rachel gives Ben a lavish gift; Cam raises money for a river-view apartment; Rene shoots a Rasta Monsta viral video.</Overview>
  <ProductionCode></ProductionCode>
  <Rating>7.3</Rating>
  <RatingCount>8</RatingCount>
  <SeasonNumber>2</SeasonNumber>
  <Writer>Vince Calandra</Writer>
  <absolute_number>11</absolute_number>
  <filename>episodes/134231/4170671.jpg</filename>
  <lastupdated>1324426028</lastupdated>
  <seasonid>465946</seasonid>
  <seriesid>134231</seriesid>
</Episode>
<Episode>
  <id>4170672</id>
  <Combined_episodenumber>4</Combined_episodenumber>
  <Combined_season>2</Combined_season>
  <DVD_chapter></DVD_chapter>
  <DVD_discid></DVD_discid>
  <DVD_episodenumber></DVD_episodenumber>
  <DVD_season></DVD_season>
  <Director>Julian Farino</Director>
  <EpImgFlag>2</EpImgFlag>
  <EpisodeName>It's Not Even Like That</EpisodeName>
  <EpisodeNumber>4</EpisodeNumber>
  <FirstAired>2011-10-23</FirstAired>
  <GuestStars></GuestStars>
  <IMDB_ID></IMDB_ID>
  <Language>en</Language>
  <Overview>Ben and Rachel's platonic friendship is tested; Cam scores a plum location for CRISP shoot; Renee collects debt.</Overview>
  <ProductionCode></ProductionCode>
  <Rating>8.3</Rating>
  <RatingCount>7</RatingCount>
  <SeasonNumber>2</SeasonNumber>
  <Writer>Seth Zvi Rosenfeld</Writer>
  <absolute_number>12</absolute_number>
  <filename>episodes/134231/4170672.jpg</filename>
  <lastupdated>1324426055</lastupdated>
  <seasonid>465946</seasonid>
  <seriesid>134231</seriesid>
</Episode>
<Episode>
  <id>4170673</id>
  <Combined_episodenumber>5</Combined_episodenumber>
  <Combined_season>2</Combined_season>
  <DVD_chapter></DVD_chapter>
  <DVD_discid></DVD_discid>
  <DVD_episodenumber></DVD_episodenumber>
  <DVD_season></DVD_season>
  <Director>Miguel Arteta</Director>
  <EpImgFlag>2</EpImgFlag>
  <EpisodeName>Mofongo</EpisodeName>
  <EpisodeNumber>5</EpisodeNumber>
  <FirstAired>2011-10-30</FirstAired>
  <GuestStars></GuestStars>
  <IMDB_ID></IMDB_ID>
  <Language>en</Language>
  <Overview>Ben and Cam charm two young out-of-towners; Rene tries to make amends with Debbie; Rachel goes from lost to alive in a single day.</Overview>
  <ProductionCode></ProductionCode>
  <Rating>7.5</Rating>
  <RatingCount>8</RatingCount>
  <SeasonNumber>2</SeasonNumber>
  <Writer>|Arty Nelson|Donal Lardner Ward|</Writer>
  <absolute_number>13</absolute_number>
  <filename>episodes/134231/4170673.jpg</filename>
  <lastupdated>1327501374</lastupdated>
  <seasonid>465946</seasonid>
  <seriesid>134231</seriesid>
</Episode>
<Episode>
  <id>4197031</id>
  <Combined_episodenumber>6</Combined_episodenumber>
  <Combined_season>2</Combined_season>
  <DVD_chapter></DVD_chapter>
  <DVD_discid></DVD_discid>
  <DVD_episodenumber></DVD_episodenumber>
  <DVD_season></DVD_season>
  <Director>Simon Cellan Jones</Director>
  <EpImgFlag>2</EpImgFlag>
  <EpisodeName>I'm Sorry, Who's Yosi?</EpisodeName>
  <EpisodeNumber>6</EpisodeNumber>
  <FirstAired>2011-11-06</FirstAired>
  <GuestStars></GuestStars>
  <IMDB_ID></IMDB_ID>
  <Language>en</Language>
  <Overview>Ben senses a conflict of interest when Nancy sets CRISP up with a manufacturer named Yosi. Determined to bring some spice to Biscuit, Rachel disregards her boss and pursues an edgy lead. The Feds catch up with Kapo, Lulu warns Cam against selling out and Rasta Monsta incites the ire of the East Flatbush Caribbean League.</Overview>
  <ProductionCode></ProductionCode>
  <Rating>7.9</Rating>
  <RatingCount>9</RatingCount>
  <SeasonNumber>2</SeasonNumber>
  <Writer>Ariel Schrag</Writer>
  <absolute_number>14</absolute_number>
  <filename>episodes/134231/4197031.jpg</filename>
  <lastupdated>1324426101</lastupdated>
  <seasonid>465946</seasonid>
  <seriesid>134231</seriesid>
</Episode>
<Episode>
  <id>4197032</id>
  <Combined_episodenumber>7</Combined_episodenumber>
  <Combined_season>2</Combined_season>
  <DVD_chapter></DVD_chapter>
  <DVD_discid></DVD_discid>
  <DVD_episodenumber></DVD_episodenumber>
  <DVD_season></DVD_season>
  <Director>Danny Leiner</Director>
  <EpImgFlag>2</EpImgFlag>
  <EpisodeName>The Friction</EpisodeName>
  <EpisodeNumber>7</EpisodeNumber>
  <FirstAired>2011-11-13</FirstAired>
  <GuestStars></GuestStars>
  <IMDB_ID></IMDB_ID>
  <Language>en</Language>
  <Overview>Ben and Cam debate CRISP's future; Rene tracks down the origin of the Rasta Monsta tincture; Rachel celebrates a setback.</Overview>
  <ProductionCode></ProductionCode>
  <Rating>7.4</Rating>
  <RatingCount>9</RatingCount>
  <SeasonNumber>2</SeasonNumber>
  <Writer>Jill Soloway</Writer>
  <absolute_number>15</absolute_number>
  <filename>episodes/134231/4197032.jpg</filename>
  <lastupdated>1324426122</lastupdated>
  <seasonid>465946</seasonid>
  <seriesid>134231</seriesid>
</Episode>
<Episode>
  <id>4197033</id>
  <Combined_episodenumber>8</Combined_episodenumber>
  <Combined_season>2</Combined_season>
  <DVD_chapter></DVD_chapter>
  <DVD_discid></DVD_discid>
  <DVD_episodenumber></DVD_episodenumber>
  <DVD_season></DVD_season>
  <Director>Simon Cellan Jones</Director>
  <EpImgFlag>2</EpImgFlag>
  <EpisodeName>What's in a Name?</EpisodeName>
  <EpisodeNumber>8</EpisodeNumber>
  <FirstAired>2011-11-20</FirstAired>
  <GuestStars></GuestStars>
  <IMDB_ID></IMDB_ID>
  <Language>en</Language>
  <Overview>In the second-season finale, Ben wonders how to rescue CRISP and his friendship with Cam. Meanwhile, Domingo and Cam launch a PR blitz to clean up Rasta Monsta's image; Rachel seeks advice from a former mentor; and Kaplan parties one more time before going to jail.</Overview>
  <ProductionCode></ProductionCode>
  <Rating>7.4</Rating>
  <RatingCount>9</RatingCount>
  <SeasonNumber>2</SeasonNumber>
  <Writer>Ian Edelman</Writer>
  <absolute_number>16</absolute_number>
  <filename>episodes/134231/4197033.jpg</filename>
  <lastupdated>1324426142</lastupdated>
  <seasonid>465946</seasonid>
  <seriesid>134231</seriesid>
</Episode>
</Data>