<?xml version="1.0" encoding="UTF-8" ?>
<Data><Series>
  <id>164041</id>
  <Actors>|Breckin Meyer|Mark-Paul Gosselaar|Garcelle Beauvais-Nilon|Reed Diamond|Kumail Nanjiani|Dana Davis|Malcolm McDowell|</Actors>
  <Airs_DayOfWeek>Wednesday</Airs_DayOfWeek>
  <Airs_Time>09:00 PM</Airs_Time>
  <ContentRating>TV-14</ContentRating>
  <FirstAired>2011-06-01</FirstAired>
  <Genre>|Comedy|Drama|</Genre>
  <IMDB_ID>tt1600199</IMDB_ID>
  <Language>en</Language>
  <Network>TNT</Network>
  <NetworkID></NetworkID>
  <Overview>In Franklin &amp; Bash, two young, fly-by-the-seat-of-their-pants street lawyers cause a seismic culture clash when they join a legendary, button-down law firm. Breckin Meyer is Jared Franklin, who loves sticking it to authority every chance he gets, while Mark-Paul Gosselaar plays Peter Bash, who has a knack for connecting with jury and judge.</Overview>
  <Rating>8.0</Rating>
  <RatingCount>6</RatingCount>
  <Runtime>60</Runtime>
  <SeriesID>78768</SeriesID>
  <SeriesName>Franklin &amp; Bash</SeriesName>
  <Status>Continuing</Status>
  <added>2010-05-18 14:19:35</added>
  <addedBy>235</addedBy>
  <banner>graphical/164041-g2.jpg</banner>
  <fanart>fanart/original/164041-6.jpg</fanart>
  <lastupdated>1333750785</lastupdated>
  <poster>posters/164041-4.jpg</poster>
  <zap2it_id>EP01400192</zap2it_id>
</Series>
<Episode>
  <id>4119957</id>
  <Combined_episodenumber>1</Combined_episodenumber>
  <Combined_season>0</Combined_season>
  <DVD_chapter></DVD_chapter>
  <DVD_discid></DVD_discid>
  <DVD_episodenumber></DVD_episodenumber>
  <DVD_season></DVD_season>
  <Director></Director>
  <EpImgFlag></EpImgFlag>
  <EpisodeName>First Look</EpisodeName>
  <EpisodeNumber>1</EpisodeNumber>
  <FirstAired></FirstAired>
  <GuestStars></GuestStars>
  <IMDB_ID></IMDB_ID>
  <Language>en</Language>
  <Overview>First Look - Web episode</Overview>
  <ProductionCode></ProductionCode>
  <Rating></Rating>
  <RatingCount>0</RatingCount>
  <SeasonNumber>0</SeasonNumber>
  <Writer></Writer>
  <absolute_number></absolute_number>
  <airsafter_season></airsafter_season>
  <airsbefore_episode>1</airsbefore_episode>
  <airsbefore_season>1</airsbefore_season>
  <filename></filename>
  <lastupdated>1308764475</lastupdated>
  <seasonid>248791</seasonid>
  <seriesid>164041</seriesid>
</Episode>
<Episode>
  <id>3465141</id>
  <Combined_episodenumber>1</Combined_episodenumber>
  <Combined_season>1</Combined_season>
  <DVD_chapter></DVD_chapter>
  <DVD_discid></DVD_discid>
  <DVD_episodenumber></DVD_episodenumber>
  <DVD_season></DVD_season>
  <Director>Jason Ensler</Director>
  <EpImgFlag>2</EpImgFlag>
  <EpisodeName>Pilot</EpisodeName>
  <EpisodeNumber>1</EpisodeNumber>
  <FirstAired>2011-06-01</FirstAired>
  <GuestStars></GuestStars>
  <IMDB_ID></IMDB_ID>
  <Language>en</Language>
  <Overview>Peter Bash and Jared Franklin are young, fly-by-the-seat-of-their-pants lawyers and partners in the law firm Franklin &amp; Bash. Their nontraditional approach to the legal profession keeps things interesting in the office and the courtroom. The duo's use of questionable legal tactics draws the attention of Stanton Infeld, partner of the prominent law firm of Infeld Daniels. He makes an offer for them to work for him with a promise of certain creative liberty. With work and play frequently intermingling, days and nights are anything but traditional when spending time with Franklin &amp; Bash.</Overview>
  <ProductionCode></ProductionCode>
  <Rating>7.9</Rating>
  <RatingCount>19</RatingCount>
  <SeasonNumber>1</SeasonNumber>
  <Writer>Kevin Falls, Bill Chais</Writer>
  <absolute_number></absolute_number>
  <filename>episodes/164041/3465141.jpg</filename>
  <lastupdated>1326099588</lastupdated>
  <seasonid>395071</seasonid>
  <seriesid>164041</seriesid>
</Episode>
<Episode>
  <id>4105353</id>
  <Combined_episodenumber>2</Combined_episodenumber>
  <Combined_season>1</Combined_season>
  <DVD_chapter></DVD_chapter>
  <DVD_discid></DVD_discid>
  <DVD_episodenumber></DVD_episodenumber>
  <DVD_season></DVD_season>
  <Director>Jason Ensler</Director>
  <EpImgFlag>2</EpImgFlag>
  <EpisodeName>She Came Upstairs to Kill Me</EpisodeName>
  <EpisodeNumber>2</EpisodeNumber>
  <FirstAired>2011-06-08</FirstAired>
  <GuestStars></GuestStars>
  <IMDB_ID></IMDB_ID>
  <Language>en</Language>
  <Overview>Franklin and Bash hold court when a woman is accused of using sex as a means to kill her husband. The two young-gun lawyers suspect the judge or jury is on the take, so they apply unconventional methods to deliver justice.</Overview>
  <ProductionCode></ProductionCode>
  <Rating>7.6</Rating>
  <RatingCount>14</RatingCount>
  <SeasonNumber>1</SeasonNumber>
  <Writer>Jeff Rake</Writer>
  <absolute_number></absolute_number>
  <filename>episodes/164041/4105353.jpg</filename>
  <lastupdated>1326099545</lastupdated>
  <seasonid>395071</seasonid>
  <seriesid>164041</seriesid>
</Episode>
<Episode>
  <id>4107301</id>
  <Combined_episodenumber>3</Combined_episodenumber>
  <Combined_season>1</Combined_season>
  <DVD_chapter></DVD_chapter>
  <DVD_discid></DVD_discid>
  <DVD_episodenumber></DVD_episodenumber>
  <DVD_season></DVD_season>
  <Director></Director>
  <EpImgFlag>2</EpImgFlag>
  <EpisodeName>Jennifer of Troy</EpisodeName>
  <EpisodeNumber>3</EpisodeNumber>
  <FirstAired>2011-06-15</FirstAired>
  <GuestStars></GuestStars>
  <IMDB_ID></IMDB_ID>
  <Language>en</Language>
  <Overview>A plain woman who believes she was fired for being too attractive seeks legal representation; the man-cave's technology causes the server to crash.</Overview>
  <ProductionCode></ProductionCode>
  <Rating>7.5</Rating>
  <RatingCount>11</RatingCount>
  <SeasonNumber>1</SeasonNumber>
  <Writer></Writer>
  <absolute_number></absolute_number>
  <filename>episodes/164041/4107301.jpg</filename>
  <lastupdated>1308627850</lastupdated>
  <seasonid>395071</seasonid>
  <seriesid>164041</seriesid>
</Episode>
<Episode>
  <id>4107302</id>
  <Combined_episodenumber>4</Combined_episodenumber>
  <Combined_season>1</Combined_season>
  <DVD_chapter></DVD_chapter>
  <DVD_discid></DVD_discid>
  <DVD_episodenumber></DVD_episodenumber>
  <DVD_season></DVD_season>
  <Director></Director>
  <EpImgFlag>2</EpImgFlag>
  <EpisodeName>Bro-Bono</EpisodeName>
  <EpisodeNumber>4</EpisodeNumber>
  <FirstAired>2011-06-22</FirstAired>
  <GuestStars></GuestStars>
  <IMDB_ID></IMDB_ID>
  <Language>en</Language>
  <Overview>Peter represents Jared's old friend-enemy in a legal dilemma. With things never what they seem to be, the guys begin to see their client a different way. Jared is also asked to run lead on a divorce case when it becomes clear Karp and Hanna's history prevents them from working together. </Overview>
  <ProductionCode></ProductionCode>
  <Rating>7.6</Rating>
  <RatingCount>14</RatingCount>
  <SeasonNumber>1</SeasonNumber>
  <Writer></Writer>
  <absolute_number></absolute_number>
  <filename>episodes/164041/4107302.jpg</filename>
  <lastupdated>1309320249</lastupdated>
  <seasonid>395071</seasonid>
  <seriesid>164041</seriesid>
</Episode>
<Episode>
  <id>4107303</id>
  <Combined_episodenumber>5</Combined_episodenumber>
  <Combined_season>1</Combined_season>
  <DVD_chapter></DVD_chapter>
  <DVD_discid></DVD_discid>
  <DVD_episodenumber></DVD_episodenumber>
  <DVD_season></DVD_season>
  <Director></Director>
  <EpImgFlag>2</EpImgFlag>
  <EpisodeName>You Can't Take It With You</EpisodeName>
  <EpisodeNumber>5</EpisodeNumber>
  <FirstAired>2011-06-29</FirstAired>
  <GuestStars></GuestStars>
  <IMDB_ID></IMDB_ID>
  <Language>en</Language>
  <Overview>A family is torn as one side sues the other over a priceless 1988 home-run baseball in a case that pits Jared against his own father (guest star Beau Bridges). Meanwhile, Peter works with Hanna on defending a reality television father (guest star Tom Arnold) who is affectionately known as the Douchey Dad. And Karp comes to Pindar for help on a top-secret project involving a compromising video. </Overview>
  <ProductionCode></ProductionCode>
  <Rating>7.9</Rating>
  <RatingCount>15</RatingCount>
  <SeasonNumber>1</SeasonNumber>
  <Writer></Writer>
  <absolute_number></absolute_number>
  <filename>episodes/164041/4107303.jpg</filename>
  <lastupdated>1310008401</lastupdated>
  <seasonid>395071</seasonid>
  <seriesid>164041</seriesid>
</Episode>
<Episode>
  <id>4107304</id>
  <Combined_episodenumber>6</Combined_episodenumber>
  <Combined_season>1</Combined_season>
  <DVD_chapter></DVD_chapter>
  <DVD_discid></DVD_discid>
  <DVD_episodenumber></DVD_episodenumber>
  <DVD_season></DVD_season>
  <Director></Director>
  <EpImgFlag>2</EpImgFlag>
  <EpisodeName>Big Fish</EpisodeName>
  <EpisodeNumber>6</EpisodeNumber>
  <FirstAired>2011-07-06</FirstAired>
  <GuestStars></GuestStars>
  <IMDB_ID></IMDB_ID>
  <Language>en</Language>
  <Overview>When a wealthy CEO (guest star Jason Alexander) expresses interest in putting Franklin and Bash on retainer, the guys think they have hit the jackpot. However, the CEO's questionable and unethical behavior could potentially land the lawyers in hot water. Meanwhile, Karp and Hanna seek Pindhar's assistance in landing a new client.</Overview>
  <ProductionCode></ProductionCode>
  <Rating>7.9</Rating>
  <RatingCount>14</RatingCount>
  <SeasonNumber>1</SeasonNumber>
  <Writer></Writer>
  <absolute_number></absolute_number>
  <filename>episodes/164041/4107304.jpg</filename>
  <lastupdated>1310078377</lastupdated>
  <seasonid>395071</seasonid>
  <seriesid>164041</seriesid>
</Episode>
<Episode>
  <id>4107305</id>
  <Combined_episodenumber>7</Combined_episodenumber>
  <Combined_season>1</Combined_season>
  <DVD_chapter></DVD_chapter>
  <DVD_discid></DVD_discid>
  <DVD_episodenumber></DVD_episodenumber>
  <DVD_season></DVD_season>
  <Director></Director>
  <EpImgFlag>2</EpImgFlag>
  <EpisodeName>Franklin vs. Bash</EpisodeName>
  <EpisodeNumber>7</EpisodeNumber>
  <FirstAired>2011-07-13</FirstAired>
  <GuestStars></GuestStars>
  <IMDB_ID></IMDB_ID>
  <Language>en</Language>
  <Overview>Peter and Jared represent two pole-dancing instructors who are charged with stealing from their clients. But the case soon creates tensions in their friendship. Meanwhile, Karp and Hanna defend a teenage boy who wants to kayak the Amazon solo against his father's wishes. </Overview>
  <ProductionCode></ProductionCode>
  <Rating>7.8</Rating>
  <RatingCount>12</RatingCount>
  <SeasonNumber>1</SeasonNumber>
  <Writer></Writer>
  <absolute_number></absolute_number>
  <filename>episodes/164041/4107305.jpg</filename>
  <lastupdated>1310786304</lastupdated>
  <seasonid>395071</seasonid>
  <seriesid>164041</seriesid>
</Episode>
<Episode>
  <id>4107306</id>
  <Combined_episodenumber>8</Combined_episodenumber>
  <Combined_season>1</Combined_season>
  <DVD_chapter></DVD_chapter>
  <DVD_discid></DVD_discid>
  <DVD_episodenumber></DVD_episodenumber>
  <DVD_season></DVD_season>
  <Director></Director>
  <EpImgFlag>2</EpImgFlag>
  <EpisodeName>The Bangover</EpisodeName>
  <EpisodeNumber>8</EpisodeNumber>
  <FirstAired>2011-07-20</FirstAired>
  <GuestStars></GuestStars>
  <IMDB_ID></IMDB_ID>
  <Language>en</Language>
  <Overview>Franklin and bash are unfortunately placed under house arrest for 72 hours to teach them to act more professional in the courtroom. The president of Infeld gets a visit from his niece but things all men get that from their when she hopes the judge will reduce or drop the charges of possessing marijuana. Carmen gets a surprise when her ex boyfriend shows up causing Pindar to represent her in court and try to clear her name with an unusual claim that will hopefully get rid of the charges against her.</Overview>
  <ProductionCode></ProductionCode>
  <Rating>7.9</Rating>
  <RatingCount>11</RatingCount>
  <SeasonNumber>1</SeasonNumber>
  <Writer></Writer>
  <absolute_number></absolute_number>
  <filename>episodes/164041/4107306.jpg</filename>
  <lastupdated>1311459724</lastupdated>
  <seasonid>395071</seasonid>
  <seriesid>164041</seriesid>
</Episode>
<Episode>
  <id>4107307</id>
  <Combined_episodenumber>9</Combined_episodenumber>
  <Combined_season>1</Combined_season>
  <DVD_chapter></DVD_chapter>
  <DVD_discid></DVD_discid>
  <DVD_episodenumber></DVD_episodenumber>
  <DVD_season></DVD_season>
  <Director></Director>
  <EpImgFlag>3</EpImgFlag>
  <EpisodeName>Bachelor Party</EpisodeName>
  <EpisodeNumber>9</EpisodeNumber>
  <FirstAired>2011-07-27</FirstAired>
  <GuestStars>James Van Der Beek</GuestStars>
  <IMDB_ID></IMDB_ID>
  <Language>en</Language>
  <Overview>Following the events of his bachelor party, Janie's fiancée (guest star James Van Der Beek) finds himself seeking the legal counsel of Peter Bash to get out of a precarious legal snafu. Jared heads back to his high school alma mater for a case involving a teacher charged with sleeping with her underaged student. </Overview>
  <ProductionCode></ProductionCode>
  <Rating>7.3</Rating>
  <RatingCount>11</RatingCount>
  <SeasonNumber>1</SeasonNumber>
  <Writer></Writer>
  <absolute_number></absolute_number>
  <filename>episodes/164041/4107307.jpg</filename>
  <lastupdated>1311810174</lastupdated>
  <seasonid>395071</seasonid>
  <seriesid>164041</seriesid>
</Episode>
<Episode>
  <id>4107308</id>
  <Combined_episodenumber>10</Combined_episodenumber>
  <Combined_season>1</Combined_season>
  <DVD_chapter></DVD_chapter>
  <DVD_discid></DVD_discid>
  <DVD_episodenumber></DVD_episodenumber>
  <DVD_season></DVD_season>
  <Director></Director>
  <EpImgFlag>3</EpImgFlag>
  <EpisodeName>Go Tell It On the Mountain</EpisodeName>
  <EpisodeNumber>10</EpisodeNumber>
  <FirstAired>2011-08-03</FirstAired>
  <GuestStars></GuestStars>
  <IMDB_ID></IMDB_ID>
  <Language>en</Language>
  <Overview>When Stanton Infeld is charged with murder, he selects Franklin and Bash to lead the defense; Damien puts his career on the line to defend his uncle; Hanna represents a wrestler.</Overview>
  <ProductionCode></ProductionCode>
  <Rating>7.8</Rating>
  <RatingCount>11</RatingCount>
  <SeasonNumber>1</SeasonNumber>
  <Writer></Writer>
  <absolute_number></absolute_number>
  <filename>episodes/164041/4107308.jpg</filename>
  <lastupdated>1330633018</lastupdated>
  <seasonid>395071</seasonid>
  <seriesid>164041</seriesid>
</Episode>
<Episode>
  <id>4286606</id>
  <Combined_episodenumber>1</Combined_episodenumber>
  <Combined_season>2</Combined_season>
  <DVD_chapter></DVD_chapter>
  <DVD_discid></DVD_discid>
  <DVD_episodenumber></DVD_episodenumber>
  <DVD_season></DVD_season>
  <Director></Director>
  <EpImgFlag></EpImgFlag>
  <EpisodeName>TBA</EpisodeName>
  <EpisodeNumber>1</EpisodeNumber>
  <FirstAired>2012-06-05</FirstAired>
  <GuestStars></GuestStars>
  <IMDB_ID></IMDB_ID>
  <Language>en</Language>
  <Overview></Overview>
  <ProductionCode></ProductionCode>
  <Rating></Rating>
  <RatingCount>0</RatingCount>
  <SeasonNumber>2</SeasonNumber>
  <Writer></Writer>
  <absolute_number></absolute_number>
  <filename></filename>
  <lastupdated>1333024154</lastupdated>
  <seasonid>487740</seasonid>
  <seriesid>164041</seriesid>
</Episode>
</Data>