<?xml version="1.0" encoding="UTF-8" ?>
<Banners>
<Banner>
  <id>895018</id>
  <BannerPath>fanart/original/251406-5.jpg</BannerPath>
  <BannerType>fanart</BannerType>
  <BannerType2>1280x720</BannerType2>
  <Colors></Colors>
  <Language>en</Language>
  <Rating>10.0000</Rating>
  <RatingCount>1</RatingCount>
  <SeriesName>true</SeriesName>
  <ThumbnailPath>_cache/fanart/original/251406-5.jpg</ThumbnailPath>
  <VignettePath>fanart/vignette/251406-5.jpg</VignettePath>
</Banner>
<Banner>
  <id>874124</id>
  <BannerPath>fanart/original/251406-1.jpg</BannerPath>
  <BannerType>fanart</BannerType>
  <BannerType2>1920x1080</BannerType2>
  <Colors></Colors>
  <Language>en</Language>
  <Rating>10.0000</Rating>
  <RatingCount>1</RatingCount>
  <SeriesName>false</SeriesName>
  <ThumbnailPath>_cache/fanart/original/251406-1.jpg</ThumbnailPath>
  <VignettePath>fanart/vignette/251406-1.jpg</VignettePath>
</Banner>
<Banner>
  <id>895017</id>
  <BannerPath>fanart/original/251406-4.jpg</BannerPath>
  <BannerType>fanart</BannerType>
  <BannerType2>1280x720</BannerType2>
  <Colors></Colors>
  <Language>en</Language>
  <Rating>10.0000</Rating>
  <RatingCount>1</RatingCount>
  <SeriesName>true</SeriesName>
  <ThumbnailPath>_cache/fanart/original/251406-4.jpg</ThumbnailPath>
  <VignettePath>fanart/vignette/251406-4.jpg</VignettePath>
</Banner>
<Banner>
  <id>895015</id>
  <BannerPath>fanart/original/251406-2.jpg</BannerPath>
  <BannerType>fanart</BannerType>
  <BannerType2>1280x720</BannerType2>
  <Colors></Colors>
  <Language>en</Language>
  <Rating>10.0000</Rating>
  <RatingCount>1</RatingCount>
  <SeriesName>true</SeriesName>
  <ThumbnailPath>_cache/fanart/original/251406-2.jpg</ThumbnailPath>
  <VignettePath>fanart/vignette/251406-2.jpg</VignettePath>
</Banner>
<Banner>
  <id>895016</id>
  <BannerPath>fanart/original/251406-3.jpg</BannerPath>
  <BannerType>fanart</BannerType>
  <BannerType2>1280x720</BannerType2>
  <Colors></Colors>
  <Language>en</Language>
  <Rating>10.0000</Rating>
  <RatingCount>1</RatingCount>
  <SeriesName>true</SeriesName>
  <ThumbnailPath>_cache/fanart/original/251406-3.jpg</ThumbnailPath>
  <VignettePath>fanart/vignette/251406-3.jpg</VignettePath>
</Banner>
<Banner>
  <id>895013</id>
  <BannerPath>posters/251406-3.jpg</BannerPath>
  <BannerType>poster</BannerType>
  <BannerType2>680x1000</BannerType2>
  <Language>en</Language>
  <Rating>10.0000</Rating>
  <RatingCount>1</RatingCount>
</Banner>
<Banner>
  <id>895012</id>
  <BannerPath>posters/251406-2.jpg</BannerPath>
  <BannerType>poster</BannerType>
  <BannerType2>680x1000</BannerType2>
  <Language>en</Language>
  <Rating>10.0000</Rating>
  <RatingCount>1</RatingCount>
</Banner>
<Banner>
  <id>883279</id>
  <BannerPath>posters/251406-1.jpg</BannerPath>
  <BannerType>poster</BannerType>
  <BannerType2>680x1000</BannerType2>
  <Language>en</Language>
  <Rating>3.5000</Rating>
  <RatingCount>2</RatingCount>
</Banner>
<Banner>
  <id>900428</id>
  <BannerPath>seasons/251406-1.jpg</BannerPath>
  <BannerType>season</BannerType>
  <BannerType2>season</BannerType2>
  <Language>en</Language>
  <Rating>10.0000</Rating>
  <RatingCount>1</RatingCount>
  <Season>1</Season>
</Banner>
<Banner>
  <id>894983</id>
  <BannerPath>graphical/251406-g2.jpg</BannerPath>
  <BannerType>series</BannerType>
  <BannerType2>graphical</BannerType2>
  <Language>en</Language>
  <Rating>10.0000</Rating>
  <RatingCount>2</RatingCount>
</Banner>
<Banner>
  <id>874458</id>
  <BannerPath>graphical/251406-g.jpg</BannerPath>
  <BannerType>series</BannerType>
  <BannerType2>graphical</BannerType2>
  <Language>en</Language>
  <Rating>2.3333</Rating>
  <RatingCount>3</RatingCount>
</Banner>
</Banners>