<?xml version="1.0" encoding="UTF-8" ?>
<Data><Series>
  <id>251406</id>
  <Actors>||</Actors>
  <Airs_DayOfWeek>Thursday</Airs_DayOfWeek>
  <Airs_Time>11:00 PM</Airs_Time>
  <ContentRating>TV-14</ContentRating>
  <FirstAired>2011-08-28</FirstAired>
  <Genre>|Comedy|</Genre>
  <IMDB_ID>tt2008890</IMDB_ID>
  <Language>en</Language>
  <Network>MTV</Network>
  <NetworkID></NetworkID>
  <Overview>Jason Strider and his friends grapple with dating, sex, and surviving as adults. They care more about hanging with each other, going to bars and hooking up than their entry level jobs, but when a one night stand steals Jason's heart and his pants, he begins a quest to get his beloved jeans back - and hopefully the girl - while growing up along the way.</Overview>
  <Rating>7.0</Rating>
  <RatingCount>4</RatingCount>
  <Runtime>30</Runtime>
  <SeriesID></SeriesID>
  <SeriesName>I Just Want My Pants Back</SeriesName>
  <Status>Continuing</Status>
  <added>2011-08-25 17:58:00</added>
  <addedBy>184861</addedBy>
  <banner>graphical/251406-g2.jpg</banner>
  <fanart>fanart/original/251406-5.jpg</fanart>
  <lastupdated>1333871748</lastupdated>
  <poster>posters/251406-2.jpg</poster>
  <zap2it_id></zap2it_id>
</Series>
<Episode>
  <id>4158355</id>
  <Combined_episodenumber>1</Combined_episodenumber>
  <Combined_season>1</Combined_season>
  <DVD_chapter></DVD_chapter>
  <DVD_discid></DVD_discid>
  <DVD_episodenumber></DVD_episodenumber>
  <DVD_season></DVD_season>
  <Director></Director>
  <EpImgFlag>2</EpImgFlag>
  <EpisodeName>Pilot</EpisodeName>
  <EpisodeNumber>1</EpisodeNumber>
  <FirstAired>2011-08-28</FirstAired>
  <GuestStars></GuestStars>
  <IMDB_ID></IMDB_ID>
  <Language>en</Language>
  <Overview>A slacker and his friends during their post-collegiate years.</Overview>
  <ProductionCode></ProductionCode>
  <Rating>7.0</Rating>
  <RatingCount>1</RatingCount>
  <SeasonNumber>1</SeasonNumber>
  <Writer></Writer>
  <absolute_number></absolute_number>
  <filename>episodes/251406/4158355.jpg</filename>
  <lastupdated>1328251294</lastupdated>
  <seasonid>472828</seasonid>
  <seriesid>251406</seriesid>
</Episode>
<Episode>
  <id>4245951</id>
  <Combined_episodenumber>2</Combined_episodenumber>
  <Combined_season>1</Combined_season>
  <DVD_chapter></DVD_chapter>
  <DVD_discid></DVD_discid>
  <DVD_episodenumber></DVD_episodenumber>
  <DVD_season></DVD_season>
  <Director></Director>
  <EpImgFlag>2</EpImgFlag>
  <EpisodeName>Baby Monkeys</EpisodeName>
  <EpisodeNumber>2</EpisodeNumber>
  <FirstAired>2012-02-02</FirstAired>
  <GuestStars></GuestStars>
  <IMDB_ID></IMDB_ID>
  <Language>en</Language>
  <Overview>Jason, egged on by his friends (and several beers), posts an ad looking for Jane on missed connections. Tina loses her license to mock him, when, while anxiously awaiting a text from Brett, she de-virginizes an intern. Stacey and Eric have new mattress sex on a mattress that turns out to be anything but new.</Overview>
  <ProductionCode></ProductionCode>
  <Rating></Rating>
  <RatingCount>0</RatingCount>
  <SeasonNumber>1</SeasonNumber>
  <Writer></Writer>
  <absolute_number></absolute_number>
  <filename>episodes/251406/4245951.jpg</filename>
  <lastupdated>1328259384</lastupdated>
  <seasonid>472828</seasonid>
  <seriesid>251406</seriesid>
</Episode>
<Episode>
  <id>4255218</id>
  <Combined_episodenumber>3</Combined_episodenumber>
  <Combined_season>1</Combined_season>
  <DVD_chapter></DVD_chapter>
  <DVD_discid></DVD_discid>
  <DVD_episodenumber></DVD_episodenumber>
  <DVD_season></DVD_season>
  <Director></Director>
  <EpImgFlag>2</EpImgFlag>
  <EpisodeName>Never Trust a Moonblower</EpisodeName>
  <EpisodeNumber>3</EpisodeNumber>
  <FirstAired>2012-02-09</FirstAired>
  <GuestStars></GuestStars>
  <IMDB_ID></IMDB_ID>
  <Language>en</Language>
  <Overview>Jason quits his job and hopes to network at a party hosted by James Franco; Tina questions whether she's ready to date Brett; Stacey and Eric find themselves in a foursome.</Overview>
  <ProductionCode></ProductionCode>
  <Rating>7.0</Rating>
  <RatingCount>1</RatingCount>
  <SeasonNumber>1</SeasonNumber>
  <Writer></Writer>
  <absolute_number></absolute_number>
  <filename>episodes/251406/4255218.jpg</filename>
  <lastupdated>1331450939</lastupdated>
  <seasonid>472828</seasonid>
  <seriesid>251406</seriesid>
</Episode>
<Episode>
  <id>4255219</id>
  <Combined_episodenumber>4</Combined_episodenumber>
  <Combined_season>1</Combined_season>
  <DVD_chapter></DVD_chapter>
  <DVD_discid></DVD_discid>
  <DVD_episodenumber></DVD_episodenumber>
  <DVD_season></DVD_season>
  <Director></Director>
  <EpImgFlag>2</EpImgFlag>
  <EpisodeName>Pecker Necklace</EpisodeName>
  <EpisodeNumber>4</EpisodeNumber>
  <FirstAired>2012-02-16</FirstAired>
  <GuestStars></GuestStars>
  <IMDB_ID></IMDB_ID>
  <Language>en</Language>
  <Overview>Jason and Tina plan a wild night out, hoping it will end their string of bad luck, but Stacey’s bachelorette party and a needy drug dealer get in the way.</Overview>
  <ProductionCode></ProductionCode>
  <Rating>7.0</Rating>
  <RatingCount>1</RatingCount>
  <SeasonNumber>1</SeasonNumber>
  <Writer></Writer>
  <absolute_number></absolute_number>
  <filename>episodes/251406/4255219.jpg</filename>
  <lastupdated>1329455043</lastupdated>
  <seasonid>472828</seasonid>
  <seriesid>251406</seriesid>
</Episode>
<Episode>
  <id>4255220</id>
  <Combined_episodenumber>5</Combined_episodenumber>
  <Combined_season>1</Combined_season>
  <DVD_chapter></DVD_chapter>
  <DVD_discid></DVD_discid>
  <DVD_episodenumber></DVD_episodenumber>
  <DVD_season></DVD_season>
  <Director></Director>
  <EpImgFlag>2</EpImgFlag>
  <EpisodeName>Something's Wrong Down There</EpisodeName>
  <EpisodeNumber>5</EpisodeNumber>
  <FirstAired>2012-02-23</FirstAired>
  <GuestStars></GuestStars>
  <IMDB_ID></IMDB_ID>
  <Language>en</Language>
  <Overview>Tina has a problem…down there. After being diagnosed in a cringe-worthy scene by almost-doctor friend Eric, she must visit her ex-boyfriends to tell them the burning news. Worst of all, she’ll have to go see Brett, which will permanently “off” their on-again, off-again, relationship. Jason finally finds work as a cleaning person, but when he starts hooking up with his sexy, older boss, he starts to wonder if he’s getting paid for more than just his housekeeping.</Overview>
  <ProductionCode></ProductionCode>
  <Rating>7.0</Rating>
  <RatingCount>1</RatingCount>
  <SeasonNumber>1</SeasonNumber>
  <Writer></Writer>
  <absolute_number></absolute_number>
  <filename>episodes/251406/4255220.jpg</filename>
  <lastupdated>1330067437</lastupdated>
  <seasonid>472828</seasonid>
  <seriesid>251406</seriesid>
</Episode>
<Episode>
  <id>4255221</id>
  <Combined_episodenumber>6</Combined_episodenumber>
  <Combined_season>1</Combined_season>
  <DVD_chapter></DVD_chapter>
  <DVD_discid></DVD_discid>
  <DVD_episodenumber></DVD_episodenumber>
  <DVD_season></DVD_season>
  <Director></Director>
  <EpImgFlag>2</EpImgFlag>
  <EpisodeName>Safety Nets</EpisodeName>
  <EpisodeNumber>6</EpisodeNumber>
  <FirstAired>2012-02-23</FirstAired>
  <GuestStars></GuestStars>
  <IMDB_ID></IMDB_ID>
  <Language>en</Language>
  <Overview>Jason still can’t find a job and is getting desperate for cash; Tina has a job, but is also broke due to irresponsible purchases, i.e., high-waisted skinny jeans. So broke in fact, she’s evicted from her apartment. Desperate for money, the pair makes a pact that they will not turn to their respective “safety nets” for help. Sticking to the promise, Tina enlists Stacey to play lawyer, but she’s disappointed when Jason punts entirely and instead chases a cute French girl who promises, “a different way to live.”</Overview>
  <ProductionCode></ProductionCode>
  <Rating></Rating>
  <RatingCount>0</RatingCount>
  <SeasonNumber>1</SeasonNumber>
  <Writer></Writer>
  <absolute_number></absolute_number>
  <filename>episodes/251406/4255221.jpg</filename>
  <lastupdated>1330067427</lastupdated>
  <seasonid>472828</seasonid>
  <seriesid>251406</seriesid>
</Episode>
<Episode>
  <id>4277123</id>
  <Combined_episodenumber>7</Combined_episodenumber>
  <Combined_season>1</Combined_season>
  <DVD_chapter></DVD_chapter>
  <DVD_discid></DVD_discid>
  <DVD_episodenumber></DVD_episodenumber>
  <DVD_season></DVD_season>
  <Director></Director>
  <EpImgFlag>2</EpImgFlag>
  <EpisodeName>A Piece Of Cake</EpisodeName>
  <EpisodeNumber>7</EpisodeNumber>
  <FirstAired>2012-03-01</FirstAired>
  <GuestStars></GuestStars>
  <IMDB_ID></IMDB_ID>
  <Language>en</Language>
  <Overview>Jason gets a job that requires him to dress up as a piece of cake and hand out flyers; Tina decides to confess her true feelings to Brett.</Overview>
  <ProductionCode></ProductionCode>
  <Rating>7.0</Rating>
  <RatingCount>1</RatingCount>
  <SeasonNumber>1</SeasonNumber>
  <Writer></Writer>
  <absolute_number></absolute_number>
  <filename>episodes/251406/4277123.jpg</filename>
  <lastupdated>1330698651</lastupdated>
  <seasonid>472828</seasonid>
  <seriesid>251406</seriesid>
</Episode>
<Episode>
  <id>4277372</id>
  <Combined_episodenumber>8</Combined_episodenumber>
  <Combined_season>1</Combined_season>
  <DVD_chapter></DVD_chapter>
  <DVD_discid></DVD_discid>
  <DVD_episodenumber></DVD_episodenumber>
  <DVD_season></DVD_season>
  <Director></Director>
  <EpImgFlag>2</EpImgFlag>
  <EpisodeName>The Blackout</EpisodeName>
  <EpisodeNumber>8</EpisodeNumber>
  <FirstAired>2012-03-08</FirstAired>
  <GuestStars></GuestStars>
  <IMDB_ID></IMDB_ID>
  <Language>en</Language>
  <Overview>The crew heads to a party with Tina’s new friend, Ness, who has a crush Jason. On the way there, a citywide blackout occurs.</Overview>
  <ProductionCode></ProductionCode>
  <Rating>7.0</Rating>
  <RatingCount>1</RatingCount>
  <SeasonNumber>1</SeasonNumber>
  <Writer></Writer>
  <absolute_number></absolute_number>
  <filename>episodes/251406/4277372.jpg</filename>
  <lastupdated>1331270035</lastupdated>
  <seasonid>472828</seasonid>
  <seriesid>251406</seriesid>
</Episode>
<Episode>
  <id>4277675</id>
  <Combined_episodenumber>9</Combined_episodenumber>
  <Combined_season>1</Combined_season>
  <DVD_chapter></DVD_chapter>
  <DVD_discid></DVD_discid>
  <DVD_episodenumber></DVD_episodenumber>
  <DVD_season></DVD_season>
  <Director></Director>
  <EpImgFlag>2</EpImgFlag>
  <EpisodeName>Love Equation</EpisodeName>
  <EpisodeNumber>9</EpisodeNumber>
  <FirstAired>2012-03-15</FirstAired>
  <GuestStars></GuestStars>
  <IMDB_ID></IMDB_ID>
  <Language>en</Language>
  <Overview>Tina dates a nice guy for a change; Jason gives Ness a questionable birthday gift; Eric and Stacey are a little too honest with each other.</Overview>
  <ProductionCode></ProductionCode>
  <Rating></Rating>
  <RatingCount>0</RatingCount>
  <SeasonNumber>1</SeasonNumber>
  <Writer></Writer>
  <absolute_number></absolute_number>
  <filename>episodes/251406/4277675.jpg</filename>
  <lastupdated>1331878660</lastupdated>
  <seasonid>472828</seasonid>
  <seriesid>251406</seriesid>
</Episode>
<Episode>
  <id>4290433</id>
  <Combined_episodenumber>10</Combined_episodenumber>
  <Combined_season>1</Combined_season>
  <DVD_chapter></DVD_chapter>
  <DVD_discid></DVD_discid>
  <DVD_episodenumber></DVD_episodenumber>
  <DVD_season></DVD_season>
  <Director></Director>
  <EpImgFlag>2</EpImgFlag>
  <EpisodeName>Sextipated</EpisodeName>
  <EpisodeNumber>10</EpisodeNumber>
  <FirstAired>2012-03-22</FirstAired>
  <GuestStars></GuestStars>
  <IMDB_ID></IMDB_ID>
  <Language>en</Language>
  <Overview>Ness is visited by a former flame, prompting Jason to have doubts about their relationship. Meanwhile, Tina clashes with a photographer at work, and a lovelorn Bobby interrupts Stacey and Eric’s studious “lockdown mode.”</Overview>
  <ProductionCode></ProductionCode>
  <Rating></Rating>
  <RatingCount>0</RatingCount>
  <SeasonNumber>1</SeasonNumber>
  <Writer></Writer>
  <absolute_number></absolute_number>
  <filename>episodes/251406/4290433.jpg</filename>
  <lastupdated>1332476959</lastupdated>
  <seasonid>472828</seasonid>
  <seriesid>251406</seriesid>
</Episode>
<Episode>
  <id>4291601</id>
  <Combined_episodenumber>11</Combined_episodenumber>
  <Combined_season>1</Combined_season>
  <DVD_chapter></DVD_chapter>
  <DVD_discid></DVD_discid>
  <DVD_episodenumber></DVD_episodenumber>
  <DVD_season></DVD_season>
  <Director></Director>
  <EpImgFlag>2</EpImgFlag>
  <EpisodeName>Quid No Quo</EpisodeName>
  <EpisodeNumber>11</EpisodeNumber>
  <FirstAired>2012-03-29</FirstAired>
  <GuestStars></GuestStars>
  <IMDB_ID></IMDB_ID>
  <Language>en</Language>
  <Overview>Jason tries to impress his high-school crush; Tina goes on a romantic date with Paul; a tough semester has Eric questioning his future.</Overview>
  <ProductionCode></ProductionCode>
  <Rating></Rating>
  <RatingCount>0</RatingCount>
  <SeasonNumber>1</SeasonNumber>
  <Writer></Writer>
  <absolute_number></absolute_number>
  <filename>episodes/251406/4291601.jpg</filename>
  <lastupdated>1333081086</lastupdated>
  <seasonid>472828</seasonid>
  <seriesid>251406</seriesid>
</Episode>
<Episode>
  <id>4293017</id>
  <Combined_episodenumber>12</Combined_episodenumber>
  <Combined_season>1</Combined_season>
  <DVD_chapter></DVD_chapter>
  <DVD_discid></DVD_discid>
  <DVD_episodenumber></DVD_episodenumber>
  <DVD_season></DVD_season>
  <Director></Director>
  <EpImgFlag>2</EpImgFlag>
  <EpisodeName>Jerk or Dork</EpisodeName>
  <EpisodeNumber>12</EpisodeNumber>
  <FirstAired>2012-04-05</FirstAired>
  <GuestStars></GuestStars>
  <IMDB_ID></IMDB_ID>
  <Language>en</Language>
  <Overview>Tina and Jason's big night out doesn't go as planned. Jason has a run-in with Jane and tries to find out what happened between them, while Tina worries that things are moving too quickly with Paul.</Overview>
  <ProductionCode></ProductionCode>
  <Rating></Rating>
  <RatingCount>0</RatingCount>
  <SeasonNumber>1</SeasonNumber>
  <Writer></Writer>
  <absolute_number></absolute_number>
  <filename>episodes/251406/4293017.jpg</filename>
  <lastupdated>1333690212</lastupdated>
  <seasonid>472828</seasonid>
  <seriesid>251406</seriesid>
</Episode>
</Data>