<?xml version="1.0" encoding="UTF-8" ?>
<Actors>
<Actor>
  <id>288965</id>
  <Image>actors/288965.jpg</Image>
  <Name>Tara Strong</Name>
  <Role>Twilight Sparkle</Role>
  <SortOrder>0</SortOrder>
</Actor>
<Actor>
  <id>288967</id>
  <Image>actors/288967.jpg</Image>
  <Name>Ashleigh Ball</Name>
  <Role>Applejack / Rainbow Dash </Role>
  <SortOrder>1</SortOrder>
</Actor>
<Actor>
  <id>288968</id>
  <Image>actors/288968.jpg</Image>
  <Name>Andrea Libman</Name>
  <Role>Fluttershy / Pinkie Pie</Role>
  <SortOrder>2</SortOrder>
</Actor>
<Actor>
  <id>288980</id>
  <Image>actors/288980.jpg</Image>
  <Name>Peter New</Name>
  <Role>Big Macintosh</Role>
  <SortOrder>3</SortOrder>
</Actor>
<Actor>
  <id>288979</id>
  <Image>actors/288979.jpg</Image>
  <Name>Lee Tockar</Name>
  <Role>Snips</Role>
  <SortOrder>3</SortOrder>
</Actor>
<Actor>
  <id>288978</id>
  <Image>actors/288978.jpg</Image>
  <Name>Maryke Hendrikse</Name>
  <Role>Gilda / Spitfire</Role>
  <SortOrder>3</SortOrder>
</Actor>
<Actor>
  <id>288977</id>
  <Image>actors/288977.jpg</Image>
  <Name>Kathleen Barr</Name>
  <Role>Pegasus Bully / Trixie</Role>
  <SortOrder>3</SortOrder>
</Actor>
<Actor>
  <id>288976</id>
  <Image>actors/288976.jpg</Image>
  <Name>Kazumi Evans</Name>
  <Role>Rarity (singing voice)</Role>
  <SortOrder>3</SortOrder>
</Actor>
<Actor>
  <id>288975</id>
  <Image>actors/288975.jpg</Image>
  <Name>Rebecca Shoichet</Name>
  <Role>Twilight Sparkle (singing voice)</Role>
  <SortOrder>3</SortOrder>
</Actor>
<Actor>
  <id>288974</id>
  <Image>actors/288974.jpg</Image>
  <Name>Shannon Chan-Kent</Name>
  <Role>Pinkie Pie (singing voice)</Role>
  <SortOrder>3</SortOrder>
</Actor>
<Actor>
  <id>288973</id>
  <Image>actors/288973.jpg</Image>
  <Name>Claire Corlett</Name>
  <Role>Sweetie Belle</Role>
  <SortOrder>3</SortOrder>
</Actor>
<Actor>
  <id>288971</id>
  <Image>actors/288971.jpg</Image>
  <Name>Michelle Creber</Name>
  <Role>Apple Bloom</Role>
  <SortOrder>3</SortOrder>
</Actor>
<Actor>
  <id>288970</id>
  <Image>actors/288970.jpg</Image>
  <Name>Nicole Oliver</Name>
  <Role>Princess Celestia</Role>
  <SortOrder>3</SortOrder>
</Actor>
<Actor>
  <id>288969</id>
  <Image>actors/288969.jpg</Image>
  <Name>Cathy Weseluck</Name>
  <Role>Spike / Mayor</Role>
  <SortOrder>3</SortOrder>
</Actor>
<Actor>
  <id>288966</id>
  <Image>actors/288966.jpg</Image>
  <Name>Tabitha St. Germain</Name>
  <Role>Rarity / Princess Luna</Role>
  <SortOrder>3</SortOrder>
</Actor>
<Actor>
  <id>288972</id>
  <Image></Image>
  <Name>Madeline Peters</Name>
  <Role>Scootaloo</Role>
  <SortOrder>3</SortOrder>
</Actor>
</Actors>