<?xml version="1.0" encoding="UTF-8" ?>
<Banners>
<Banner>
  <id>890960</id>
  <BannerPath>fanart/original/212171-15.jpg</BannerPath>
  <BannerType>fanart</BannerType>
  <BannerType2>1920x1080</BannerType2>
  <Colors>|115,48,161|195,230,249|249,87,15|</Colors>
  <Language>en</Language>
  <Rating>10.0000</Rating>
  <RatingCount>2</RatingCount>
  <SeriesName>false</SeriesName>
  <ThumbnailPath>_cache/fanart/original/212171-15.jpg</ThumbnailPath>
  <VignettePath>fanart/vignette/212171-15.jpg</VignettePath>
</Banner>
<Banner>
  <id>869039</id>
  <BannerPath>fanart/original/212171-14.jpg</BannerPath>
  <BannerType>fanart</BannerType>
  <BannerType2>1920x1080</BannerType2>
  <Colors></Colors>
  <Language>en</Language>
  <Rating>9.5000</Rating>
  <RatingCount>2</RatingCount>
  <SeriesName>false</SeriesName>
  <ThumbnailPath>_cache/fanart/original/212171-14.jpg</ThumbnailPath>
  <VignettePath>fanart/vignette/212171-14.jpg</VignettePath>
</Banner>
<Banner>
  <id>862300</id>
  <BannerPath>fanart/original/212171-5.jpg</BannerPath>
  <BannerType>fanart</BannerType>
  <BannerType2>1920x1080</BannerType2>
  <Colors>|30,153,213|75,23,105|209,159,228|</Colors>
  <Language>en</Language>
  <Rating>8.0000</Rating>
  <RatingCount>2</RatingCount>
  <SeriesName>true</SeriesName>
  <ThumbnailPath>_cache/fanart/original/212171-5.jpg</ThumbnailPath>
  <VignettePath>fanart/vignette/212171-5.jpg</VignettePath>
</Banner>
<Banner>
  <id>834151</id>
  <BannerPath>fanart/original/212171-3.jpg</BannerPath>
  <BannerType>fanart</BannerType>
  <BannerType2>1920x1080</BannerType2>
  <Colors></Colors>
  <Language>en</Language>
  <Rating>7.5000</Rating>
  <RatingCount>2</RatingCount>
  <SeriesName>false</SeriesName>
  <ThumbnailPath>_cache/fanart/original/212171-3.jpg</ThumbnailPath>
  <VignettePath>fanart/vignette/212171-3.jpg</VignettePath>
</Banner>
<Banner>
  <id>798921</id>
  <BannerPath>fanart/original/212171-1.jpg</BannerPath>
  <BannerType>fanart</BannerType>
  <BannerType2>1920x1080</BannerType2>
  <Colors>|242,112,50|194,226,237|254,246,174|</Colors>
  <Language>en</Language>
  <Rating>6.0000</Rating>
  <RatingCount>3</RatingCount>
  <SeriesName>true</SeriesName>
  <ThumbnailPath>_cache/fanart/original/212171-1.jpg</ThumbnailPath>
  <VignettePath>fanart/vignette/212171-1.jpg</VignettePath>
</Banner>
<Banner>
  <id>861148</id>
  <BannerPath>fanart/original/212171-11.jpg</BannerPath>
  <BannerType>fanart</BannerType>
  <BannerType2>1920x1080</BannerType2>
  <Colors></Colors>
  <Language>en</Language>
  <Rating></Rating>
  <RatingCount>0</RatingCount>
  <SeriesName>false</SeriesName>
  <ThumbnailPath>_cache/fanart/original/212171-11.jpg</ThumbnailPath>
  <VignettePath>fanart/vignette/212171-11.jpg</VignettePath>
</Banner>
<Banner>
  <id>861145</id>
  <BannerPath>fanart/original/212171-8.jpg</BannerPath>
  <BannerType>fanart</BannerType>
  <BannerType2>1920x1080</BannerType2>
  <Colors></Colors>
  <Language>en</Language>
  <Rating></Rating>
  <RatingCount>0</RatingCount>
  <SeriesName>false</SeriesName>
  <ThumbnailPath>_cache/fanart/original/212171-8.jpg</ThumbnailPath>
  <VignettePath>fanart/vignette/212171-8.jpg</VignettePath>
</Banner>
<Banner>
  <id>862301</id>
  <BannerPath>fanart/original/212171-12.jpg</BannerPath>
  <BannerType>fanart</BannerType>
  <BannerType2>1920x1080</BannerType2>
  <Colors></Colors>
  <Language>en</Language>
  <Rating></Rating>
  <RatingCount>0</RatingCount>
  <SeriesName>false</SeriesName>
  <ThumbnailPath>_cache/fanart/original/212171-12.jpg</ThumbnailPath>
  <VignettePath>fanart/vignette/212171-12.jpg</VignettePath>
</Banner>
<Banner>
  <id>894517</id>
  <BannerPath>fanart/original/212171-21.jpg</BannerPath>
  <BannerType>fanart</BannerType>
  <BannerType2>1920x1080</BannerType2>
  <Colors></Colors>
  <Language>de</Language>
  <Rating></Rating>
  <RatingCount>0</RatingCount>
  <SeriesName>false</SeriesName>
  <ThumbnailPath>_cache/fanart/original/212171-21.jpg</ThumbnailPath>
  <VignettePath>fanart/vignette/212171-21.jpg</VignettePath>
</Banner>
<Banner>
  <id>861143</id>
  <BannerPath>fanart/original/212171-6.jpg</BannerPath>
  <BannerType>fanart</BannerType>
  <BannerType2>1920x1080</BannerType2>
  <Colors></Colors>
  <Language>en</Language>
  <Rating></Rating>
  <RatingCount>0</RatingCount>
  <SeriesName>false</SeriesName>
  <ThumbnailPath>_cache/fanart/original/212171-6.jpg</ThumbnailPath>
  <VignettePath>fanart/vignette/212171-6.jpg</VignettePath>
</Banner>
<Banner>
  <id>894516</id>
  <BannerPath>fanart/original/212171-20.jpg</BannerPath>
  <BannerType>fanart</BannerType>
  <BannerType2>1920x1080</BannerType2>
  <Colors></Colors>
  <Language>de</Language>
  <Rating></Rating>
  <RatingCount>0</RatingCount>
  <SeriesName>false</SeriesName>
  <ThumbnailPath>_cache/fanart/original/212171-20.jpg</ThumbnailPath>
  <VignettePath>fanart/vignette/212171-20.jpg</VignettePath>
</Banner>
<Banner>
  <id>819301</id>
  <BannerPath>fanart/original/212171-2.jpg</BannerPath>
  <BannerType>fanart</BannerType>
  <BannerType2>1280x720</BannerType2>
  <Colors></Colors>
  <Language>en</Language>
  <Rating></Rating>
  <RatingCount>0</RatingCount>
  <SeriesName>false</SeriesName>
  <ThumbnailPath>_cache/fanart/original/212171-2.jpg</ThumbnailPath>
  <VignettePath>fanart/vignette/212171-2.jpg</VignettePath>
</Banner>
<Banner>
  <id>861146</id>
  <BannerPath>fanart/original/212171-9.jpg</BannerPath>
  <BannerType>fanart</BannerType>
  <BannerType2>1920x1080</BannerType2>
  <Colors></Colors>
  <Language>en</Language>
  <Rating></Rating>
  <RatingCount>0</RatingCount>
  <SeriesName>false</SeriesName>
  <ThumbnailPath>_cache/fanart/original/212171-9.jpg</ThumbnailPath>
  <VignettePath>fanart/vignette/212171-9.jpg</VignettePath>
</Banner>
<Banner>
  <id>861144</id>
  <BannerPath>fanart/original/212171-7.jpg</BannerPath>
  <BannerType>fanart</BannerType>
  <BannerType2>1920x1080</BannerType2>
  <Colors></Colors>
  <Language>en</Language>
  <Rating></Rating>
  <RatingCount>0</RatingCount>
  <SeriesName>false</SeriesName>
  <ThumbnailPath>_cache/fanart/original/212171-7.jpg</ThumbnailPath>
  <VignettePath>fanart/vignette/212171-7.jpg</VignettePath>
</Banner>
<Banner>
  <id>894515</id>
  <BannerPath>fanart/original/212171-19.jpg</BannerPath>
  <BannerType>fanart</BannerType>
  <BannerType2>1920x1080</BannerType2>
  <Colors></Colors>
  <Language>de</Language>
  <Rating></Rating>
  <RatingCount>0</RatingCount>
  <SeriesName>false</SeriesName>
  <ThumbnailPath>_cache/fanart/original/212171-19.jpg</ThumbnailPath>
  <VignettePath>fanart/vignette/212171-19.jpg</VignettePath>
</Banner>
<Banner>
  <id>861147</id>
  <BannerPath>fanart/original/212171-10.jpg</BannerPath>
  <BannerType>fanart</BannerType>
  <BannerType2>1920x1080</BannerType2>
  <Colors></Colors>
  <Language>en</Language>
  <Rating></Rating>
  <RatingCount>0</RatingCount>
  <SeriesName>false</SeriesName>
  <ThumbnailPath>_cache/fanart/original/212171-10.jpg</ThumbnailPath>
  <VignettePath>fanart/vignette/212171-10.jpg</VignettePath>
</Banner>
<Banner>
  <id>862302</id>
  <BannerPath>fanart/original/212171-13.jpg</BannerPath>
  <BannerType>fanart</BannerType>
  <BannerType2>1920x1080</BannerType2>
  <Colors></Colors>
  <Language>en</Language>
  <Rating></Rating>
  <RatingCount>0</RatingCount>
  <SeriesName>false</SeriesName>
  <ThumbnailPath>_cache/fanart/original/212171-13.jpg</ThumbnailPath>
  <VignettePath>fanart/vignette/212171-13.jpg</VignettePath>
</Banner>
<Banner>
  <id>839811</id>
  <BannerPath>fanart/original/212171-4.jpg</BannerPath>
  <BannerType>fanart</BannerType>
  <BannerType2>1920x1080</BannerType2>
  <Colors></Colors>
  <Language>en</Language>
  <Rating></Rating>
  <RatingCount>0</RatingCount>
  <SeriesName>false</SeriesName>
  <ThumbnailPath>_cache/fanart/original/212171-4.jpg</ThumbnailPath>
  <VignettePath>fanart/vignette/212171-4.jpg</VignettePath>
</Banner>
<Banner>
  <id>894513</id>
  <BannerPath>fanart/original/212171-17.jpg</BannerPath>
  <BannerType>fanart</BannerType>
  <BannerType2>1920x1080</BannerType2>
  <Colors></Colors>
  <Language>de</Language>
  <Rating></Rating>
  <RatingCount>0</RatingCount>
  <SeriesName>false</SeriesName>
  <ThumbnailPath>_cache/fanart/original/212171-17.jpg</ThumbnailPath>
  <VignettePath>fanart/vignette/212171-17.jpg</VignettePath>
</Banner>
<Banner>
  <id>894514</id>
  <BannerPath>fanart/original/212171-18.jpg</BannerPath>
  <BannerType>fanart</BannerType>
  <BannerType2>1920x1080</BannerType2>
  <Colors></Colors>
  <Language>de</Language>
  <Rating></Rating>
  <RatingCount>0</RatingCount>
  <SeriesName>false</SeriesName>
  <ThumbnailPath>_cache/fanart/original/212171-18.jpg</ThumbnailPath>
  <VignettePath>fanart/vignette/212171-18.jpg</VignettePath>
</Banner>
<Banner>
  <id>894512</id>
  <BannerPath>fanart/original/212171-16.jpg</BannerPath>
  <BannerType>fanart</BannerType>
  <BannerType2>1920x1080</BannerType2>
  <Colors></Colors>
  <Language>de</Language>
  <Rating></Rating>
  <RatingCount>0</RatingCount>
  <SeriesName>false</SeriesName>
  <ThumbnailPath>_cache/fanart/original/212171-16.jpg</ThumbnailPath>
  <VignettePath>fanart/vignette/212171-16.jpg</VignettePath>
</Banner>
<Banner>
  <id>894518</id>
  <BannerPath>fanart/original/212171-22.jpg</BannerPath>
  <BannerType>fanart</BannerType>
  <BannerType2>1920x1080</BannerType2>
  <Colors></Colors>
  <Language>de</Language>
  <Rating></Rating>
  <RatingCount>0</RatingCount>
  <SeriesName>false</SeriesName>
  <ThumbnailPath>_cache/fanart/original/212171-22.jpg</ThumbnailPath>
  <VignettePath>fanart/vignette/212171-22.jpg</VignettePath>
</Banner>
<Banner>
  <id>834111</id>
  <BannerPath>posters/212171-2.jpg</BannerPath>
  <BannerType>poster</BannerType>
  <BannerType2>680x1000</BannerType2>
  <Language>en</Language>
  <Rating>10.0000</Rating>
  <RatingCount>3</RatingCount>
</Banner>
<Banner>
  <id>834571</id>
  <BannerPath>posters/212171-3.jpg</BannerPath>
  <BannerType>poster</BannerType>
  <BannerType2>680x1000</BannerType2>
  <Language>en</Language>
  <Rating>7.5000</Rating>
  <RatingCount>2</RatingCount>
</Banner>
<Banner>
  <id>816901</id>
  <BannerPath>posters/212171-1.jpg</BannerPath>
  <BannerType>poster</BannerType>
  <BannerType2>680x1000</BannerType2>
  <Language>en</Language>
  <Rating>4.0000</Rating>
  <RatingCount>2</RatingCount>
</Banner>
<Banner>
  <id>902888</id>
  <BannerPath>posters/212171-4.jpg</BannerPath>
  <BannerType>poster</BannerType>
  <BannerType2>680x1000</BannerType2>
  <Language>en</Language>
  <Rating></Rating>
  <RatingCount>0</RatingCount>
</Banner>
<Banner>
  <id>875291</id>
  <BannerPath>seasons/212171-1.jpg</BannerPath>
  <BannerType>season</BannerType>
  <BannerType2>season</BannerType2>
  <Language>en</Language>
  <Rating></Rating>
  <RatingCount>0</RatingCount>
  <Season>1</Season>
</Banner>
<Banner>
  <id>877979</id>
  <BannerPath>seasons/212171-2.jpg</BannerPath>
  <BannerType>season</BannerType>
  <BannerType2>season</BannerType2>
  <Language>en</Language>
  <Rating></Rating>
  <RatingCount>0</RatingCount>
  <Season>2</Season>
</Banner>
<Banner>
  <id>767021</id>
  <BannerPath>graphical/212171-g.jpg</BannerPath>
  <BannerType>series</BannerType>
  <BannerType2>graphical</BannerType2>
  <Language>en</Language>
  <Rating>9.0000</Rating>
  <RatingCount>1</RatingCount>
</Banner>
</Banners>