<?xml version="1.0" encoding="UTF-8" ?>
<Data><Series>
  <id>212171</id>
  <Actors>|Tara Strong|Ashleigh Ball|Andrea Libman|Peter New|Lee Tockar|Maryke Hendrikse|Kathleen Barr|Kazumi Evans|Rebecca Shoichet|Shannon Chan-Kent|Claire Corlett|Michelle Creber|Nicole Oliver|Cathy Weseluck|Tabitha St. Germain|Madeline Peters|</Actors>
  <Airs_DayOfWeek>Saturday</Airs_DayOfWeek>
  <Airs_Time>1:00 PM EST</Airs_Time>
  <ContentRating>TV-Y</ContentRating>
  <FirstAired>2010-10-10</FirstAired>
  <Genre>|Animation|Children|</Genre>
  <IMDB_ID>tt1751105</IMDB_ID>
  <Language>en</Language>
  <Network>The Hub</Network>
  <NetworkID></NetworkID>
  <Overview>&quot;Get your muzzle out of those books and make some friends!&quot; That's what Princess Celestia tells Twilight Sparkle. She may be the smartest unicorn in Equestria, but Twilight Sparkle gets an &quot;incomplete&quot; in friendship. There's more to life than learning magic, after all -- so she goes to Ponyville on a mission to make friends. There she meets five special ponies who take her on exciting adventures and teach her the most powerful magic of all ... the magic of friendship!</Overview>
  <Rating>9.1</Rating>
  <RatingCount>17</RatingCount>
  <Runtime>20</Runtime>
  <SeriesID></SeriesID>
  <SeriesName>My Little Pony: Friendship is Magic</SeriesName>
  <Status>Continuing</Status>
  <added>2010-12-11 23:48:00</added>
  <addedBy>273091</addedBy>
  <banner>graphical/212171-g.jpg</banner>
  <fanart>fanart/original/212171-15.jpg</fanart>
  <lastupdated>1334268911</lastupdated>
  <poster>posters/212171-2.jpg</poster>
  <zap2it_id></zap2it_id>
</Series>
<Episode>
  <id>4106279</id>
  <Combined_episodenumber>1</Combined_episodenumber>
  <Combined_season>0</Combined_season>
  <DVD_chapter></DVD_chapter>
  <DVD_discid></DVD_discid>
  <DVD_episodenumber></DVD_episodenumber>
  <DVD_season></DVD_season>
  <Director></Director>
  <EpImgFlag>2</EpImgFlag>
  <EpisodeName>Equestria Girls</EpisodeName>
  <EpisodeNumber>1</EpisodeNumber>
  <FirstAired>2011-05-28</FirstAired>
  <GuestStars></GuestStars>
  <IMDB_ID></IMDB_ID>
  <Language>en</Language>
  <Overview>Official promo spot for My Little Pony: Friendship is Magic.</Overview>
  <ProductionCode></ProductionCode>
  <Rating></Rating>
  <RatingCount>0</RatingCount>
  <SeasonNumber>0</SeasonNumber>
  <Writer></Writer>
  <absolute_number></absolute_number>
  <airsafter_season>1</airsafter_season>
  <airsbefore_episode></airsbefore_episode>
  <airsbefore_season></airsbefore_season>
  <filename>episodes/212171/4106279.jpg</filename>
  <lastupdated>1306516576</lastupdated>
  <seasonid>372001</seasonid>
  <seriesid>212171</seriesid>
</Episode>
<Episode>
  <id>4106280</id>
  <Combined_episodenumber>2</Combined_episodenumber>
  <Combined_season>0</Combined_season>
  <DVD_chapter></DVD_chapter>
  <DVD_discid></DVD_discid>
  <DVD_episodenumber></DVD_episodenumber>
  <DVD_season></DVD_season>
  <Director></Director>
  <EpImgFlag>2</EpImgFlag>
  <EpisodeName>Equestria Girls Extended</EpisodeName>
  <EpisodeNumber>2</EpisodeNumber>
  <FirstAired>2011-05-28</FirstAired>
  <GuestStars></GuestStars>
  <IMDB_ID></IMDB_ID>
  <Language>en</Language>
  <Overview>Extended official promo spot for My Little Pony: Friendship is Magic.</Overview>
  <ProductionCode></ProductionCode>
  <Rating></Rating>
  <RatingCount>0</RatingCount>
  <SeasonNumber>0</SeasonNumber>
  <Writer></Writer>
  <absolute_number></absolute_number>
  <airsafter_season>1</airsafter_season>
  <airsbefore_episode></airsbefore_episode>
  <airsbefore_season></airsbefore_season>
  <filename>episodes/212171/4106280.jpg</filename>
  <lastupdated>1310268362</lastupdated>
  <seasonid>372001</seasonid>
  <seriesid>212171</seriesid>
</Episode>
<Episode>
  <id>4129032</id>
  <Combined_episodenumber>3</Combined_episodenumber>
  <Combined_season>0</Combined_season>
  <DVD_chapter></DVD_chapter>
  <DVD_discid></DVD_discid>
  <DVD_episodenumber></DVD_episodenumber>
  <DVD_season></DVD_season>
  <Director></Director>
  <EpImgFlag>2</EpImgFlag>
  <EpisodeName>There's a Pony For That</EpisodeName>
  <EpisodeNumber>3</EpisodeNumber>
  <FirstAired>2011-07-08</FirstAired>
  <GuestStars></GuestStars>
  <IMDB_ID></IMDB_ID>
  <Language>en</Language>
  <Overview>iPhone parody for My Little Pony: Friendship is Magic.</Overview>
  <ProductionCode></ProductionCode>
  <Rating></Rating>
  <RatingCount>0</RatingCount>
  <SeasonNumber>0</SeasonNumber>
  <Writer></Writer>
  <absolute_number></absolute_number>
  <airsafter_season>1</airsafter_season>
  <airsbefore_episode></airsbefore_episode>
  <airsbefore_season></airsbefore_season>
  <filename>episodes/212171/4129032.jpg</filename>
  <lastupdated>1310268373</lastupdated>
  <seasonid>372001</seasonid>
  <seriesid>212171</seriesid>
</Episode>
<Episode>
  <id>4138160</id>
  <Combined_episodenumber>4</Combined_episodenumber>
  <Combined_season>0</Combined_season>
  <DVD_chapter></DVD_chapter>
  <DVD_discid></DVD_discid>
  <DVD_episodenumber></DVD_episodenumber>
  <DVD_season></DVD_season>
  <Director></Director>
  <EpImgFlag>2</EpImgFlag>
  <EpisodeName>Evolution Of A Scene 1: Episode 23, Scene 148c - Little Fluttershy</EpisodeName>
  <EpisodeNumber>4</EpisodeNumber>
  <FirstAired>2011-07-04</FirstAired>
  <GuestStars></GuestStars>
  <IMDB_ID></IMDB_ID>
  <Language>en</Language>
  <Overview>This video serves as a little (and I do mean a little) peek on how the scenes in animated shows can change throughout the production process. Believe me, this has not even scratched the surface as to just how deep the process can be.

This particular scene is animated by yours truly, with the guidance, of course, from the animation director. But just to be clear, the final version is slightly edited by the post-production crew. So you might notice that the rabbits' slippery feet somehow, I guess, kinda made it into what you all saw on TV.</Overview>
  <ProductionCode></ProductionCode>
  <Rating></Rating>
  <RatingCount>0</RatingCount>
  <SeasonNumber>0</SeasonNumber>
  <Writer></Writer>
  <absolute_number></absolute_number>
  <airsafter_season>1</airsafter_season>
  <airsbefore_episode></airsbefore_episode>
  <airsbefore_season></airsbefore_season>
  <filename>episodes/212171/4138160.jpg</filename>
  <lastupdated>1313982468</lastupdated>
  <seasonid>372001</seasonid>
  <seriesid>212171</seriesid>
</Episode>
<Episode>
  <id>4138161</id>
  <Combined_episodenumber>5</Combined_episodenumber>
  <Combined_season>0</Combined_season>
  <DVD_chapter></DVD_chapter>
  <DVD_discid></DVD_discid>
  <DVD_episodenumber></DVD_episodenumber>
  <DVD_season></DVD_season>
  <Director></Director>
  <EpImgFlag>2</EpImgFlag>
  <EpisodeName>Evolution Of A Scene 2: Episode 11, Scene 148c - Snowpony</EpisodeName>
  <EpisodeNumber>5</EpisodeNumber>
  <FirstAired>2011-07-09</FirstAired>
  <GuestStars></GuestStars>
  <IMDB_ID></IMDB_ID>
  <Language>en</Language>
  <Overview>This video serves as a little (and I do mean a little) peek on how the scenes in animated shows can change throughout the production process. Believe me, this has not even scratched the surface as to just how deep the process can be.

This is one of my favorite scenes that I worked on. I think it took me 2 days to finish this one, cause it's a lenghty and slightly technical scene. I also realized that this scene shares the same scene number with the scene on my first video. Funny coincidence, is all. :)</Overview>
  <ProductionCode></ProductionCode>
  <Rating></Rating>
  <RatingCount>0</RatingCount>
  <SeasonNumber>0</SeasonNumber>
  <Writer></Writer>
  <absolute_number></absolute_number>
  <airsafter_season>1</airsafter_season>
  <airsbefore_episode></airsbefore_episode>
  <airsbefore_season></airsbefore_season>
  <filename>episodes/212171/4138161.jpg</filename>
  <lastupdated>1313982555</lastupdated>
  <seasonid>372001</seasonid>
  <seriesid>212171</seriesid>
</Episode>
<Episode>
  <id>4138163</id>
  <Combined_episodenumber>6</Combined_episodenumber>
  <Combined_season>0</Combined_season>
  <DVD_chapter></DVD_chapter>
  <DVD_discid></DVD_discid>
  <DVD_episodenumber></DVD_episodenumber>
  <DVD_season></DVD_season>
  <Director></Director>
  <EpImgFlag>2</EpImgFlag>
  <EpisodeName>Evolution Of A Scene 3: Episode 5, Scene 173 - Granny Smith</EpisodeName>
  <EpisodeNumber>6</EpisodeNumber>
  <FirstAired>2011-07-24</FirstAired>
  <GuestStars></GuestStars>
  <IMDB_ID></IMDB_ID>
  <Language>en</Language>
  <Overview>This video serves as a little (and I do mean a little) peek on how the scenes in animated shows can change throughout the production process. Believe me, this has not even scratched the surface as to just how deep the process can be.

Yes, I know this scene is a tad short, and you might think that it's not worth discussing at all. But as you can see, even the shortest and seemingly unnoticeable seconds still need some serious checking and correcting.</Overview>
  <ProductionCode></ProductionCode>
  <Rating></Rating>
  <RatingCount>0</RatingCount>
  <SeasonNumber>0</SeasonNumber>
  <Writer></Writer>
  <absolute_number></absolute_number>
  <airsafter_season>1</airsafter_season>
  <airsbefore_episode></airsbefore_episode>
  <airsbefore_season></airsbefore_season>
  <filename>episodes/212171/4138163.jpg</filename>
  <lastupdated>1313982666</lastupdated>
  <seasonid>372001</seasonid>
  <seriesid>212171</seriesid>
</Episode>
<Episode>
  <id>4138168</id>
  <Combined_episodenumber>7</Combined_episodenumber>
  <Combined_season>0</Combined_season>
  <DVD_chapter></DVD_chapter>
  <DVD_discid></DVD_discid>
  <DVD_episodenumber></DVD_episodenumber>
  <DVD_season></DVD_season>
  <Director></Director>
  <EpImgFlag>2</EpImgFlag>
  <EpisodeName>Making of My Little Pony: Friendship is Magic</EpisodeName>
  <EpisodeNumber>7</EpisodeNumber>
  <FirstAired>2011-06-21</FirstAired>
  <GuestStars></GuestStars>
  <IMDB_ID></IMDB_ID>
  <Language>en</Language>
  <Overview>An official, behind-the-scenes look at the making of My Little Pony: Friendship Is Magic!</Overview>
  <ProductionCode></ProductionCode>
  <Rating></Rating>
  <RatingCount>0</RatingCount>
  <SeasonNumber>0</SeasonNumber>
  <Writer></Writer>
  <absolute_number></absolute_number>
  <airsafter_season>1</airsafter_season>
  <airsbefore_episode></airsbefore_episode>
  <airsbefore_season></airsbefore_season>
  <filename>episodes/212171/4138168.jpg</filename>
  <lastupdated>1313982791</lastupdated>
  <seasonid>372001</seasonid>
  <seriesid>212171</seriesid>
</Episode>
<Episode>
  <id>4152089</id>
  <Combined_episodenumber>8</Combined_episodenumber>
  <Combined_season>0</Combined_season>
  <DVD_chapter></DVD_chapter>
  <DVD_discid></DVD_discid>
  <DVD_episodenumber></DVD_episodenumber>
  <DVD_season></DVD_season>
  <Director></Director>
  <EpImgFlag>2</EpImgFlag>
  <EpisodeName>Evolution Of A Scene 4: Episode 14, Scene 199 - Suited for Success</EpisodeName>
  <EpisodeNumber>8</EpisodeNumber>
  <FirstAired>2011-08-13</FirstAired>
  <GuestStars></GuestStars>
  <IMDB_ID></IMDB_ID>
  <Language>en</Language>
  <Overview>This scene is a special one. I did not animate this scene. I'm doing this as a favor to my girlfriend, who's the one that worked on this scene. Unfortunately for her, her name didn't end up in the show's credits. She was a freelancer during that time and only worked on a handful of scenes. Eventually she was assigned full-time to another non-pony-related show.

Ironically, for Season 2, she's the one that started as a full-time in-house artist, while I was initially the freelancer. But eventually I ended up working for MLP full-time again. :)</Overview>
  <ProductionCode></ProductionCode>
  <Rating></Rating>
  <RatingCount>0</RatingCount>
  <SeasonNumber>0</SeasonNumber>
  <Writer></Writer>
  <absolute_number></absolute_number>
  <airsafter_season>1</airsafter_season>
  <airsbefore_episode></airsbefore_episode>
  <airsbefore_season></airsbefore_season>
  <filename>episodes/212171/4152089.jpg</filename>
  <lastupdated>1313982903</lastupdated>
  <seasonid>372001</seasonid>
  <seriesid>212171</seriesid>
</Episode>
<Episode>
  <id>4160659</id>
  <Combined_episodenumber>9</Combined_episodenumber>
  <Combined_season>0</Combined_season>
  <DVD_chapter></DVD_chapter>
  <DVD_discid></DVD_discid>
  <DVD_episodenumber></DVD_episodenumber>
  <DVD_season></DVD_season>
  <Director></Director>
  <EpImgFlag>2</EpImgFlag>
  <EpisodeName>Evolution Of A Scene 5: Episode 5 - Hiccups</EpisodeName>
  <EpisodeNumber>9</EpisodeNumber>
  <FirstAired>2011-08-29</FirstAired>
  <GuestStars></GuestStars>
  <IMDB_ID></IMDB_ID>
  <Language>en</Language>
  <Overview></Overview>
  <ProductionCode></ProductionCode>
  <Rating></Rating>
  <RatingCount>0</RatingCount>
  <SeasonNumber>0</SeasonNumber>
  <Writer></Writer>
  <absolute_number></absolute_number>
  <airsafter_season>1</airsafter_season>
  <airsbefore_episode></airsbefore_episode>
  <airsbefore_season></airsbefore_season>
  <filename>episodes/212171/4160659.jpg</filename>
  <lastupdated>1314668753</lastupdated>
  <seasonid>372001</seasonid>
  <seriesid>212171</seriesid>
</Episode>
<Episode>
  <id>4173769</id>
  <Combined_episodenumber>10</Combined_episodenumber>
  <Combined_season>0</Combined_season>
  <DVD_chapter></DVD_chapter>
  <DVD_discid></DVD_discid>
  <DVD_episodenumber></DVD_episodenumber>
  <DVD_season></DVD_season>
  <Director></Director>
  <EpImgFlag>2</EpImgFlag>
  <EpisodeName>Evolution Of A Scene 6: Episode 14 - Gala Dress Design</EpisodeName>
  <EpisodeNumber>10</EpisodeNumber>
  <FirstAired>2011-09-17</FirstAired>
  <GuestStars></GuestStars>
  <IMDB_ID></IMDB_ID>
  <Language>en</Language>
  <Overview></Overview>
  <ProductionCode></ProductionCode>
  <Rating>8.0</Rating>
  <RatingCount>1</RatingCount>
  <SeasonNumber>0</SeasonNumber>
  <Writer></Writer>
  <absolute_number></absolute_number>
  <airsafter_season></airsafter_season>
  <airsbefore_episode></airsbefore_episode>
  <airsbefore_season></airsbefore_season>
  <filename>episodes/212171/4173769.jpg</filename>
  <lastupdated>1316499697</lastupdated>
  <seasonid>372001</seasonid>
  <seriesid>212171</seriesid>
</Episode>
<Episode>
  <id>3279451</id>
  <Combined_episodenumber>1</Combined_episodenumber>
  <Combined_season>1</Combined_season>
  <DVD_chapter></DVD_chapter>
  <DVD_discid></DVD_discid>
  <DVD_episodenumber></DVD_episodenumber>
  <DVD_season></DVD_season>
  <Director>Jayson Thiessen</Director>
  <EpImgFlag>2</EpImgFlag>
  <EpisodeName>Friendship is Magic (Part 1): Mare in the Moon</EpisodeName>
  <EpisodeNumber>1</EpisodeNumber>
  <FirstAired>2010-10-10</FirstAired>
  <GuestStars></GuestStars>
  <IMDB_ID>tt1763755</IMDB_ID>
  <Language>en</Language>
  <Overview>Twilight Sparkle, a reclusive student of Equestria's ruler, Princess Celestia, is tasked with supervising a special event in Ponyville and to make some friends in the process. There, she meets fellow ponies Pinkie Pie, Applejack, Rainbow Dash, Rarity, and Fluttershy. However, she is too focused on trying to prevent an ancient prophecy involving an evil pony who was banished to the moon 1000 years ago, and would return during the &quot;longest day of the thousandth year&quot;. </Overview>
  <ProductionCode>101</ProductionCode>
  <Rating>7.3</Rating>
  <RatingCount>4</RatingCount>
  <SeasonNumber>1</SeasonNumber>
  <Writer>Lauren Faust</Writer>
  <absolute_number>1</absolute_number>
  <filename>episodes/212171/3279451.jpg</filename>
  <lastupdated>1333271467</lastupdated>
  <seasonid>372011</seasonid>
  <seriesid>212171</seriesid>
</Episode>
<Episode>
  <id>3279461</id>
  <Combined_episodenumber>2</Combined_episodenumber>
  <Combined_season>1</Combined_season>
  <DVD_chapter></DVD_chapter>
  <DVD_discid></DVD_discid>
  <DVD_episodenumber></DVD_episodenumber>
  <DVD_season></DVD_season>
  <Director>Jayson Theissen</Director>
  <EpImgFlag>2</EpImgFlag>
  <EpisodeName>Friendship is Magic (Part 2): The Elements of Harmony</EpisodeName>
  <EpisodeNumber>2</EpisodeNumber>
  <FirstAired>2010-10-22</FirstAired>
  <GuestStars></GuestStars>
  <IMDB_ID>tt1758314</IMDB_ID>
  <Language>en</Language>
  <Overview>The evil Nightmare Moon is free from her imprisonment, vowing to shroud the world in eternal night, and Princess Celestia has gone missing. Twilight and the other ponies must find six magic stones called the Elements of Harmony, hidden in the mysterious Everfree Forest. Through every obstacle they face leading to the artifacts, Twilight discovers a secret that can unlock the Elements' power and relight the world. </Overview>
  <ProductionCode>102</ProductionCode>
  <Rating>7.5</Rating>
  <RatingCount>4</RatingCount>
  <SeasonNumber>1</SeasonNumber>
  <Writer>Lauren Faust</Writer>
  <absolute_number>2</absolute_number>
  <filename>episodes/212171/3279461.jpg</filename>
  <lastupdated>1333271556</lastupdated>
  <seasonid>372011</seasonid>
  <seriesid>212171</seriesid>
</Episode>
<Episode>
  <id>3279471</id>
  <Combined_episodenumber>3</Combined_episodenumber>
  <Combined_season>1</Combined_season>
  <DVD_chapter></DVD_chapter>
  <DVD_discid></DVD_discid>
  <DVD_episodenumber></DVD_episodenumber>
  <DVD_season></DVD_season>
  <Director>Jayson Thiessen</Director>
  <EpImgFlag>2</EpImgFlag>
  <EpisodeName>The Ticket Master</EpisodeName>
  <EpisodeNumber>3</EpisodeNumber>
  <FirstAired>2010-10-29</FirstAired>
  <GuestStars></GuestStars>
  <IMDB_ID>tt1758315</IMDB_ID>
  <Language>en</Language>
  <Overview>Twilight receives two tickets from Princess Celestia to the Grand Galloping Gala, which leads to an argument among her friends who all want to go, each with their own personal reasons. As if things could not get any more complicated for Twilight to make a choice, she notices them doing her favors to get on her good graces. To make matters even worse, the population of Ponyville learn of the spare ticket as well.</Overview>
  <ProductionCode>103</ProductionCode>
  <Rating>6.3</Rating>
  <RatingCount>3</RatingCount>
  <SeasonNumber>1</SeasonNumber>
  <Writer>Amy Keating Rogers and Lauren Faust</Writer>
  <absolute_number>3</absolute_number>
  <filename>episodes/212171/3279471.jpg</filename>
  <lastupdated>1333271578</lastupdated>
  <seasonid>372011</seasonid>
  <seriesid>212171</seriesid>
</Episode>
<Episode>
  <id>3279481</id>
  <Combined_episodenumber>4</Combined_episodenumber>
  <Combined_season>1</Combined_season>
  <DVD_chapter></DVD_chapter>
  <DVD_discid></DVD_discid>
  <DVD_episodenumber></DVD_episodenumber>
  <DVD_season></DVD_season>
  <Director>Jayson Thiessen</Director>
  <EpImgFlag>2</EpImgFlag>
  <EpisodeName>Applebuck Season</EpisodeName>
  <EpisodeNumber>4</EpisodeNumber>
  <FirstAired>2010-11-05</FirstAired>
  <GuestStars></GuestStars>
  <IMDB_ID>tt1758313</IMDB_ID>
  <Language>en</Language>
  <Overview>With her big brother hurt, Applejack volunteers to harvest the apple crop in her family's orchard all by herself. However, she is too prideful and stubborn to accept any help from the other ponies. She gradually works herself to the point of exhaustion, causing problems when she promises to help the others around town.</Overview>
  <ProductionCode>104</ProductionCode>
  <Rating>6.5</Rating>
  <RatingCount>2</RatingCount>
  <SeasonNumber>1</SeasonNumber>
  <Writer>Amy Keating Rogers</Writer>
  <absolute_number>4</absolute_number>
  <filename>episodes/212171/3279481.jpg</filename>
  <lastupdated>1333271598</lastupdated>
  <seasonid>372011</seasonid>
  <seriesid>212171</seriesid>
</Episode>
<Episode>
  <id>3279491</id>
  <Combined_episodenumber>5</Combined_episodenumber>
  <Combined_season>1</Combined_season>
  <DVD_chapter></DVD_chapter>
  <DVD_discid></DVD_discid>
  <DVD_episodenumber></DVD_episodenumber>
  <DVD_season></DVD_season>
  <Director>Jayson Thiessen</Director>
  <EpImgFlag>2</EpImgFlag>
  <EpisodeName>Griffon the Brush-Off</EpisodeName>
  <EpisodeNumber>5</EpisodeNumber>
  <FirstAired>2010-11-12</FirstAired>
  <GuestStars></GuestStars>
  <IMDB_ID>tt1761714</IMDB_ID>
  <Language>en</Language>
  <Overview>Pinkie Pie and Rainbow Dash bond by playing pranks on the other ponies, but when Rainbow's old friend, Gilda the Griffon, shows up for a visit, Pinkie Pie becomes a third wheel. However, she soon notices Gilda displaying a mean streak towards other ponies. A Pinkie Pie-styled party may reveal who exactly is Rainbow Dash's true friend.</Overview>
  <ProductionCode>105</ProductionCode>
  <Rating>7.3</Rating>
  <RatingCount>3</RatingCount>
  <SeasonNumber>1</SeasonNumber>
  <Writer>Cindy Morrow</Writer>
  <absolute_number>5</absolute_number>
  <filename>episodes/212171/3279491.jpg</filename>
  <lastupdated>1333271617</lastupdated>
  <seasonid>372011</seasonid>
  <seriesid>212171</seriesid>
</Episode>
<Episode>
  <id>3279501</id>
  <Combined_episodenumber>6</Combined_episodenumber>
  <Combined_season>1</Combined_season>
  <DVD_chapter></DVD_chapter>
  <DVD_discid></DVD_discid>
  <DVD_episodenumber></DVD_episodenumber>
  <DVD_season></DVD_season>
  <Director>Jayson Thiessen</Director>
  <EpImgFlag>2</EpImgFlag>
  <EpisodeName>Boast Busters</EpisodeName>
  <EpisodeNumber>6</EpisodeNumber>
  <FirstAired>2010-11-19</FirstAired>
  <GuestStars></GuestStars>
  <IMDB_ID>tt1768145</IMDB_ID>
  <Language>en</Language>
  <Overview>A new unicorn called &quot;The Great and Powerful&quot; Trixie arrives in Ponyville, claiming to be the greatest magical pony in Equestria. Spike believes Twilight may be the one unicorn to put the arrogant braggart in her place, but she worries that she will lose the respect of her friends if she shows her true potential. Is Trixie really as &quot;great and powerful&quot; as she constantly claims to be? A monster attack may prove the answer. </Overview>
  <ProductionCode>106</ProductionCode>
  <Rating>7.0</Rating>
  <RatingCount>3</RatingCount>
  <SeasonNumber>1</SeasonNumber>
  <Writer>Chris Savino</Writer>
  <absolute_number>6</absolute_number>
  <filename>episodes/212171/3279501.jpg</filename>
  <lastupdated>1333271642</lastupdated>
  <seasonid>372011</seasonid>
  <seriesid>212171</seriesid>
</Episode>
<Episode>
  <id>3279511</id>
  <Combined_episodenumber>7</Combined_episodenumber>
  <Combined_season>1</Combined_season>
  <DVD_chapter></DVD_chapter>
  <DVD_discid></DVD_discid>
  <DVD_episodenumber></DVD_episodenumber>
  <DVD_season></DVD_season>
  <Director>Jayson Thiessen</Director>
  <EpImgFlag>2</EpImgFlag>
  <EpisodeName>Dragonshy</EpisodeName>
  <EpisodeNumber>7</EpisodeNumber>
  <FirstAired>2010-11-26</FirstAired>
  <GuestStars></GuestStars>
  <IMDB_ID>tt1832714</IMDB_ID>
  <Language>en</Language>
  <Overview>A sleeping dragon's smoke is disrupting the skies of Equestria and Twilight Sparkle is tasked with getting it to leave. All of her friends are set to head to the dragon's lair, with the exception of the fearful Fluttershy, who is not used to the rocky terrain, much less a giant dragon. The timid Pegasus must find the resolve necessary when her friends are in danger. </Overview>
  <ProductionCode>107</ProductionCode>
  <Rating>7.3</Rating>
  <RatingCount>3</RatingCount>
  <SeasonNumber>1</SeasonNumber>
  <Writer>Meghan McCarthy</Writer>
  <absolute_number>7</absolute_number>
  <filename>episodes/212171/3279511.jpg</filename>
  <lastupdated>1333271673</lastupdated>
  <seasonid>372011</seasonid>
  <seriesid>212171</seriesid>
</Episode>
<Episode>
  <id>3279521</id>
  <Combined_episodenumber>8</Combined_episodenumber>
  <Combined_season>1</Combined_season>
  <DVD_chapter></DVD_chapter>
  <DVD_discid></DVD_discid>
  <DVD_episodenumber></DVD_episodenumber>
  <DVD_season></DVD_season>
  <Director>Jayson Thiessen</Director>
  <EpImgFlag>2</EpImgFlag>
  <EpisodeName>Look Before You Sleep</EpisodeName>
  <EpisodeNumber>8</EpisodeNumber>
  <FirstAired>2010-12-03</FirstAired>
  <GuestStars></GuestStars>
  <IMDB_ID>tt1832716</IMDB_ID>
  <Language>en</Language>
  <Overview>During a thunderstorm, Twilight invites Applejack and Rarity to her house for a slumber party. However, the latter two have a hard time getting along after a recent argument, until an accident forces them to reconcile their differences so they can clean up the mess. </Overview>
  <ProductionCode>108</ProductionCode>
  <Rating>6.5</Rating>
  <RatingCount>4</RatingCount>
  <SeasonNumber>1</SeasonNumber>
  <Writer>Charlotte Fullerton</Writer>
  <absolute_number>8</absolute_number>
  <filename>episodes/212171/3279521.jpg</filename>
  <lastupdated>1333271708</lastupdated>
  <seasonid>372011</seasonid>
  <seriesid>212171</seriesid>
</Episode>
<Episode>
  <id>3279531</id>
  <Combined_episodenumber>9</Combined_episodenumber>
  <Combined_season>1</Combined_season>
  <DVD_chapter></DVD_chapter>
  <DVD_discid></DVD_discid>
  <DVD_episodenumber></DVD_episodenumber>
  <DVD_season></DVD_season>
  <Director>Jayson Thiessen</Director>
  <EpImgFlag>2</EpImgFlag>
  <EpisodeName>Bridle Gossip</EpisodeName>
  <EpisodeNumber>9</EpisodeNumber>
  <FirstAired>2010-12-10</FirstAired>
  <GuestStars></GuestStars>
  <IMDB_ID>tt1832712</IMDB_ID>
  <Language>en</Language>
  <Overview>Twilight encounters the mysterious zebra Zecora, who occasionally visits Ponyville and is rumored to be a witch. When she and her friends display a range of bizarre symptoms the next day, they begin to wonder whether Zecora put a curse on them. Applejack's little sister, Apple Bloom, ventures into the Everfree Forest to find the truth. </Overview>
  <ProductionCode>109</ProductionCode>
  <Rating>7.0</Rating>
  <RatingCount>3</RatingCount>
  <SeasonNumber>1</SeasonNumber>
  <Writer>Amy Keating Rogers</Writer>
  <absolute_number>9</absolute_number>
  <filename>episodes/212171/3279531.jpg</filename>
  <lastupdated>1333271727</lastupdated>
  <seasonid>372011</seasonid>
  <seriesid>212171</seriesid>
</Episode>
<Episode>
  <id>3279541</id>
  <Combined_episodenumber>10</Combined_episodenumber>
  <Combined_season>1</Combined_season>
  <DVD_chapter></DVD_chapter>
  <DVD_discid></DVD_discid>
  <DVD_episodenumber></DVD_episodenumber>
  <DVD_season></DVD_season>
  <Director>Jayson Thiessen</Director>
  <EpImgFlag>2</EpImgFlag>
  <EpisodeName>Swarm of the Century</EpisodeName>
  <EpisodeNumber>10</EpisodeNumber>
  <FirstAired>2010-12-17</FirstAired>
  <GuestStars></GuestStars>
  <IMDB_ID>tt1832717</IMDB_ID>
  <Language>en</Language>
  <Overview>Princess Celestia is coming to visit, and everyone in Ponyville is making sure everything is perfect for her arrival, especially Twilight. Unfortunately, trouble arises when a swarm of parasprites, adorable insects with ravenous appetites, invades the town. And they are multiplying by the second! Pinkie Pie claims to have a solution to this problem, but no one really knows why she is gathering various musical instruments to do it. </Overview>
  <ProductionCode>110</ProductionCode>
  <Rating>7.2</Rating>
  <RatingCount>5</RatingCount>
  <SeasonNumber>1</SeasonNumber>
  <Writer>M. A. Larson</Writer>
  <absolute_number>10</absolute_number>
  <filename>episodes/212171/3279541.jpg</filename>
  <lastupdated>1333271753</lastupdated>
  <seasonid>372011</seasonid>
  <seriesid>212171</seriesid>
</Episode>
<Episode>
  <id>3279551</id>
  <Combined_episodenumber>11</Combined_episodenumber>
  <Combined_season>1</Combined_season>
  <DVD_chapter></DVD_chapter>
  <DVD_discid></DVD_discid>
  <DVD_episodenumber></DVD_episodenumber>
  <DVD_season></DVD_season>
  <Director>Jayson Thiessen</Director>
  <EpImgFlag>2</EpImgFlag>
  <EpisodeName>Winter Wrap Up</EpisodeName>
  <EpisodeNumber>11</EpisodeNumber>
  <FirstAired>2010-12-24</FirstAired>
  <GuestStars></GuestStars>
  <IMDB_ID>tt1832718</IMDB_ID>
  <Language>en</Language>
  <Overview>Winter comes to an end, and Ponyville prepares for an annual cleanup to make way for spring. Twilight wants to take part as well, and is willing to do so without the use of her magic in the name of tradition. Everything she tries ends in disaster, but an argument among the disorganized teams inspires her to find her own way to help. </Overview>
  <ProductionCode>111</ProductionCode>
  <Rating>8.3</Rating>
  <RatingCount>6</RatingCount>
  <SeasonNumber>1</SeasonNumber>
  <Writer>Cindy Morrow</Writer>
  <absolute_number>11</absolute_number>
  <filename>episodes/212171/3279551.jpg</filename>
  <lastupdated>1333271773</lastupdated>
  <seasonid>372011</seasonid>
  <seriesid>212171</seriesid>
</Episode>
<Episode>
  <id>3473731</id>
  <Combined_episodenumber>12</Combined_episodenumber>
  <Combined_season>1</Combined_season>
  <DVD_chapter></DVD_chapter>
  <DVD_discid></DVD_discid>
  <DVD_episodenumber></DVD_episodenumber>
  <DVD_season></DVD_season>
  <Director>Jayson Thiessen</Director>
  <EpImgFlag>2</EpImgFlag>
  <EpisodeName>Call of the Cutie</EpisodeName>
  <EpisodeNumber>12</EpisodeNumber>
  <FirstAired>2011-01-14</FirstAired>
  <GuestStars></GuestStars>
  <IMDB_ID>tt1832713</IMDB_ID>
  <Language>en</Language>
  <Overview>A pony earns a cutie mark upon discovering his/her hidden talent or purpose in life. Apple Bloom's concern about her missing cutie mark sparks her to find a way to earn it before an upcoming party. She soon discovers, however, that she may not be the only &quot;Blank Flank&quot; in Ponyville after meeting two other young ponies. </Overview>
  <ProductionCode>112</ProductionCode>
  <Rating>7.3</Rating>
  <RatingCount>6</RatingCount>
  <SeasonNumber>1</SeasonNumber>
  <Writer>Meghan McCarthy</Writer>
  <absolute_number>12</absolute_number>
  <filename>episodes/212171/3473731.jpg</filename>
  <lastupdated>1333271799</lastupdated>
  <seasonid>372011</seasonid>
  <seriesid>212171</seriesid>
</Episode>
<Episode>
  <id>3639091</id>
  <Combined_episodenumber>13</Combined_episodenumber>
  <Combined_season>1</Combined_season>
  <DVD_chapter></DVD_chapter>
  <DVD_discid></DVD_discid>
  <DVD_episodenumber></DVD_episodenumber>
  <DVD_season></DVD_season>
  <Director>Jayson Thiessen</Director>
  <EpImgFlag>2</EpImgFlag>
  <EpisodeName>Fall Weather Friends</EpisodeName>
  <EpisodeNumber>13</EpisodeNumber>
  <FirstAired>2011-01-28</FirstAired>
  <GuestStars></GuestStars>
  <IMDB_ID>tt1832715</IMDB_ID>
  <Language>en</Language>
  <Overview>Applejack and Rainbow Dash put their skills and sportsmanship to the test as they face off in an Iron Pony competition to see who is the better athlete. Who will be crowned the winner, and more importantly, how will the loser handle defeat? Later, they take part in a marathon event known as the Running of the Leaves, in which Dash must compete without the use of her wings. Can they both ensure a clean race without the competition getting the better of them? </Overview>
  <ProductionCode>113</ProductionCode>
  <Rating>7.3</Rating>
  <RatingCount>4</RatingCount>
  <SeasonNumber>1</SeasonNumber>
  <Writer>Amy Keating Rogers</Writer>
  <absolute_number>13</absolute_number>
  <filename>episodes/212171/3639091.jpg</filename>
  <lastupdated>1333271825</lastupdated>
  <seasonid>372011</seasonid>
  <seriesid>212171</seriesid>
</Episode>
<Episode>
  <id>3639101</id>
  <Combined_episodenumber>14</Combined_episodenumber>
  <Combined_season>1</Combined_season>
  <DVD_chapter></DVD_chapter>
  <DVD_discid></DVD_discid>
  <DVD_episodenumber></DVD_episodenumber>
  <DVD_season></DVD_season>
  <Director>Jayson Thiessen</Director>
  <EpImgFlag>2</EpImgFlag>
  <EpisodeName>Suited for Success</EpisodeName>
  <EpisodeNumber>14</EpisodeNumber>
  <FirstAired>2011-02-04</FirstAired>
  <GuestStars></GuestStars>
  <IMDB_ID>tt1836489</IMDB_ID>
  <Language>en</Language>
  <Overview>Rarity wants to make dresses for her friends for the upcoming Grand Galloping Gala, then gets an idea of setting up a fashion show in Ponyville to display her work. The project becomes a stressing problem when she tries to make each dress specific to its wearer's taste. To add to the pressure, a representative of the fashion world has learned of the show and is coming to visit. Will she meet all of their expectations, or will it end in 'total fashion disaster'? </Overview>
  <ProductionCode>114</ProductionCode>
  <Rating>7.3</Rating>
  <RatingCount>4</RatingCount>
  <SeasonNumber>1</SeasonNumber>
  <Writer>Charlotte Fullerton</Writer>
  <absolute_number>14</absolute_number>
  <filename>episodes/212171/3639101.jpg</filename>
  <lastupdated>1333271843</lastupdated>
  <seasonid>372011</seasonid>
  <seriesid>212171</seriesid>
</Episode>
<Episode>
  <id>3703031</id>
  <Combined_episodenumber>15</Combined_episodenumber>
  <Combined_season>1</Combined_season>
  <DVD_chapter></DVD_chapter>
  <DVD_discid></DVD_discid>
  <DVD_episodenumber></DVD_episodenumber>
  <DVD_season></DVD_season>
  <Director>Jayson Thiessen</Director>
  <EpImgFlag>2</EpImgFlag>
  <EpisodeName>Feeling Pinkie Keen</EpisodeName>
  <EpisodeNumber>15</EpisodeNumber>
  <FirstAired>2011-02-11</FirstAired>
  <GuestStars></GuestStars>
  <IMDB_ID>tt1843580</IMDB_ID>
  <Language>en</Language>
  <Overview>Twilight learns that Pinkie Pie has an unusual ability to sense happenings in the immediate future, known around Ponyville as &quot;Pinkie Sense.&quot; Not willing to accept that all of the events her friend had predicted are anything but a mere coincidence, Twilight sets out to find the truth behind Pinkie's power and figure out the &quot;doozy&quot; she says is about to happen. </Overview>
  <ProductionCode>115</ProductionCode>
  <Rating>7.0</Rating>
  <RatingCount>4</RatingCount>
  <SeasonNumber>1</SeasonNumber>
  <Writer>Dave Polsky</Writer>
  <absolute_number>15</absolute_number>
  <filename>episodes/212171/3703031.jpg</filename>
  <lastupdated>1333271862</lastupdated>
  <seasonid>372011</seasonid>
  <seriesid>212171</seriesid>
</Episode>
<Episode>
  <id>3725621</id>
  <Combined_episodenumber>16</Combined_episodenumber>
  <Combined_season>1</Combined_season>
  <DVD_chapter></DVD_chapter>
  <DVD_discid></DVD_discid>
  <DVD_episodenumber></DVD_episodenumber>
  <DVD_season></DVD_season>
  <Director>Jayson Thiessen</Director>
  <EpImgFlag>2</EpImgFlag>
  <EpisodeName>Sonic Rainboom</EpisodeName>
  <EpisodeNumber>16</EpisodeNumber>
  <FirstAired>2011-02-18</FirstAired>
  <GuestStars></GuestStars>
  <IMDB_ID>tt1850770</IMDB_ID>
  <Language>en</Language>
  <Overview>Rainbow Dash is preparing herself for an upcoming contest, with a day with the famous Wonderbolts as the grand prize, and is sure that an old move she claimed to have pulled off long ago will guarantee her a win. However, she becomes increasingly nervous that she won't succeed. Rarity, who has gained beautiful wings by Twilight's magic to join in cheering her on, is recommended to enter the same event. Can Dash gather the confidence to win, or will she be overshadowed by her friend's elegance? </Overview>
  <ProductionCode>116</ProductionCode>
  <Rating>7.5</Rating>
  <RatingCount>4</RatingCount>
  <SeasonNumber>1</SeasonNumber>
  <Writer>M. A. Larson</Writer>
  <absolute_number>16</absolute_number>
  <filename>episodes/212171/3725621.jpg</filename>
  <lastupdated>1333271884</lastupdated>
  <seasonid>372011</seasonid>
  <seriesid>212171</seriesid>
</Episode>
<Episode>
  <id>3770311</id>
  <Combined_episodenumber>17</Combined_episodenumber>
  <Combined_season>1</Combined_season>
  <DVD_chapter></DVD_chapter>
  <DVD_discid></DVD_discid>
  <DVD_episodenumber></DVD_episodenumber>
  <DVD_season></DVD_season>
  <Director>Jayson Thiessen</Director>
  <EpImgFlag>2</EpImgFlag>
  <EpisodeName>Stare Master</EpisodeName>
  <EpisodeNumber>17</EpisodeNumber>
  <FirstAired>2011-02-25</FirstAired>
  <GuestStars></GuestStars>
  <IMDB_ID>tt1850771</IMDB_ID>
  <Language>en</Language>
  <Overview>Fluttershy has great experience with all kinds of animals, but it is an entirely different story when she offers to take care of Apple Bloom, Scootaloo, and Sweetie Belle for the night. Will she be able to keep them out of trouble, and what exactly is &quot;The Stare&quot;? </Overview>
  <ProductionCode>117</ProductionCode>
  <Rating>7.7</Rating>
  <RatingCount>3</RatingCount>
  <SeasonNumber>1</SeasonNumber>
  <Writer>Chris Savino</Writer>
  <absolute_number>17</absolute_number>
  <filename>episodes/212171/3770311.jpg</filename>
  <lastupdated>1333271902</lastupdated>
  <seasonid>372011</seasonid>
  <seriesid>212171</seriesid>
</Episode>
<Episode>
  <id>3770321</id>
  <Combined_episodenumber>18</Combined_episodenumber>
  <Combined_season>1</Combined_season>
  <DVD_chapter></DVD_chapter>
  <DVD_discid></DVD_discid>
  <DVD_episodenumber></DVD_episodenumber>
  <DVD_season></DVD_season>
  <Director>Jayson Thiessen</Director>
  <EpImgFlag>2</EpImgFlag>
  <EpisodeName>Show Stoppers</EpisodeName>
  <EpisodeNumber>18</EpisodeNumber>
  <FirstAired>2011-03-04</FirstAired>
  <GuestStars></GuestStars>
  <IMDB_ID>tt1850769</IMDB_ID>
  <Language>en</Language>
  <Overview>After entering a talent competition, the Cutie Mark Crusaders believe the event will help them discover what they are meant to do in life. They hope that winning the contest will help them get their cutie marks, if they can keep from ruining each other's work. </Overview>
  <ProductionCode>118</ProductionCode>
  <Rating>7.2</Rating>
  <RatingCount>5</RatingCount>
  <SeasonNumber>1</SeasonNumber>
  <Writer>Cindy Morrow</Writer>
  <absolute_number>18</absolute_number>
  <filename>episodes/212171/3770321.jpg</filename>
  <lastupdated>1333271922</lastupdated>
  <seasonid>372011</seasonid>
  <seriesid>212171</seriesid>
</Episode>
<Episode>
  <id>3770331</id>
  <Combined_episodenumber>19</Combined_episodenumber>
  <Combined_season>1</Combined_season>
  <DVD_chapter></DVD_chapter>
  <DVD_discid></DVD_discid>
  <DVD_episodenumber></DVD_episodenumber>
  <DVD_season></DVD_season>
  <Director>Jayson Thiessen</Director>
  <EpImgFlag>2</EpImgFlag>
  <EpisodeName>A Dog and Pony Show</EpisodeName>
  <EpisodeNumber>19</EpisodeNumber>
  <FirstAired>2011-03-11</FirstAired>
  <GuestStars></GuestStars>
  <IMDB_ID>tt1850767</IMDB_ID>
  <Language>en</Language>
  <Overview>To create jewel-encrusted clothing at the request of a famous pony, Rarity decides to find a new lode of gems with Spike's assistance. But when a group of creatures called the Diamond Dogs abduct Rarity and force her to find gems for them, Spike and the other ponies head underground to rescue her. In the end, who will be the one that truly needs saving? </Overview>
  <ProductionCode>119</ProductionCode>
  <Rating>6.4</Rating>
  <RatingCount>5</RatingCount>
  <SeasonNumber>1</SeasonNumber>
  <Writer>Amy Keating Rogers</Writer>
  <absolute_number>19</absolute_number>
  <filename>episodes/212171/3770331.jpg</filename>
  <lastupdated>1333271945</lastupdated>
  <seasonid>372011</seasonid>
  <seriesid>212171</seriesid>
</Episode>
<Episode>
  <id>3770341</id>
  <Combined_episodenumber>20</Combined_episodenumber>
  <Combined_season>1</Combined_season>
  <DVD_chapter></DVD_chapter>
  <DVD_discid></DVD_discid>
  <DVD_episodenumber></DVD_episodenumber>
  <DVD_season></DVD_season>
  <Director>Jayson Thiessen</Director>
  <EpImgFlag>2</EpImgFlag>
  <EpisodeName>Green Isn't Your Color</EpisodeName>
  <EpisodeNumber>20</EpisodeNumber>
  <FirstAired>2011-03-18</FirstAired>
  <GuestStars></GuestStars>
  <IMDB_ID>tt1850768</IMDB_ID>
  <Language>en</Language>
  <Overview>When Rarity gets to meet a famous fashion photographer, she realizes that this is her chance to promote the dresses that she's been designing, but her idea backfires when the pony is more interested in Fluttershy, whom Rarity chose to model her dresses. Can the elegant unicorn maintain her composure without becoming too jealous? Can the meek Pegasus handle the spotlight and the eyes of the adoring public? Meanwhile, Twilight is faced with a dilemma of keeping secrets told to her by Rarity, Fluttershy, and Spike, with the help of Pinkie Pie. </Overview>
  <ProductionCode>120</ProductionCode>
  <Rating>7.0</Rating>
  <RatingCount>5</RatingCount>
  <SeasonNumber>1</SeasonNumber>
  <Writer>Meghan McCarthy</Writer>
  <absolute_number>20</absolute_number>
  <filename>episodes/212171/3770341.jpg</filename>
  <lastupdated>1333271961</lastupdated>
  <seasonid>372011</seasonid>
  <seriesid>212171</seriesid>
</Episode>
<Episode>
  <id>3870351</id>
  <Combined_episodenumber>21</Combined_episodenumber>
  <Combined_season>1</Combined_season>
  <DVD_chapter></DVD_chapter>
  <DVD_discid></DVD_discid>
  <DVD_episodenumber></DVD_episodenumber>
  <DVD_season></DVD_season>
  <Director>Jayson Thiessen</Director>
  <EpImgFlag>2</EpImgFlag>
  <EpisodeName>Over a Barrel</EpisodeName>
  <EpisodeNumber>21</EpisodeNumber>
  <FirstAired>2011-03-25</FirstAired>
  <GuestStars></GuestStars>
  <IMDB_ID>tt1862910</IMDB_ID>
  <Language>en</Language>
  <Overview>The ponies separate and are caught in a dispute between a western town's settler-ponies and the native buffalo herd. Both sides have claimed the land as their own, and neither side is standing down. Can they find a way to prevent the inevitable clash?</Overview>
  <ProductionCode>121</ProductionCode>
  <Rating>6.8</Rating>
  <RatingCount>5</RatingCount>
  <SeasonNumber>1</SeasonNumber>
  <Writer>Dave Polsky</Writer>
  <absolute_number>22</absolute_number>
  <filename>episodes/212171/3870351.jpg</filename>
  <lastupdated>1333271986</lastupdated>
  <seasonid>372011</seasonid>
  <seriesid>212171</seriesid>
</Episode>
<Episode>
  <id>3870361</id>
  <Combined_episodenumber>22</Combined_episodenumber>
  <Combined_season>1</Combined_season>
  <DVD_chapter></DVD_chapter>
  <DVD_discid></DVD_discid>
  <DVD_episodenumber></DVD_episodenumber>
  <DVD_season></DVD_season>
  <Director>Jayson Thiessen</Director>
  <EpImgFlag>2</EpImgFlag>
  <EpisodeName>A Bird in the Hoof</EpisodeName>
  <EpisodeNumber>22</EpisodeNumber>
  <FirstAired>2011-04-08</FirstAired>
  <GuestStars></GuestStars>
  <IMDB_ID>tt1862909</IMDB_ID>
  <Language>en</Language>
  <Overview>During a visit from Princess Celestia, Fluttershy sees the Equestrian royal's seemingly sick bird named Philomena. Without the princess noticing, the pegasus takes the poor creature home and tries to take care of it, only to find that this job is much more difficult than with her other animals. The situation takes a turn for the worse when Twilight gets involved and Celestia and her guards notice the pet missing. </Overview>
  <ProductionCode>122</ProductionCode>
  <Rating>8.2</Rating>
  <RatingCount>5</RatingCount>
  <SeasonNumber>1</SeasonNumber>
  <Writer>Charlotte Fullerton</Writer>
  <absolute_number>22</absolute_number>
  <filename>episodes/212171/3870361.jpg</filename>
  <lastupdated>1333272008</lastupdated>
  <seasonid>372011</seasonid>
  <seriesid>212171</seriesid>
</Episode>
<Episode>
  <id>3870371</id>
  <Combined_episodenumber>23</Combined_episodenumber>
  <Combined_season>1</Combined_season>
  <DVD_chapter></DVD_chapter>
  <DVD_discid></DVD_discid>
  <DVD_episodenumber></DVD_episodenumber>
  <DVD_season></DVD_season>
  <Director>Jayson Thiessen</Director>
  <EpImgFlag>2</EpImgFlag>
  <EpisodeName>The Cutie Mark Chronicles</EpisodeName>
  <EpisodeNumber>23</EpisodeNumber>
  <FirstAired>2011-04-15</FirstAired>
  <GuestStars></GuestStars>
  <IMDB_ID>tt1862911</IMDB_ID>
  <Language>en</Language>
  <Overview>Every pony with a cutie mark has a different story to tell about how he or she earned it. Taking a break from pursuing their hidden talents, the Cutie Mark Crusaders decide to ask Rainbow Dash and the others about their marks. They soon discover that one particular story has a surprising connection to the other five.</Overview>
  <ProductionCode>123</ProductionCode>
  <Rating>8.2</Rating>
  <RatingCount>5</RatingCount>
  <SeasonNumber>1</SeasonNumber>
  <Writer>M. A. Larson</Writer>
  <absolute_number>23</absolute_number>
  <filename>episodes/212171/3870371.jpg</filename>
  <lastupdated>1333272035</lastupdated>
  <seasonid>372011</seasonid>
  <seriesid>212171</seriesid>
</Episode>
<Episode>
  <id>4082321</id>
  <Combined_episodenumber>24</Combined_episodenumber>
  <Combined_season>1</Combined_season>
  <DVD_chapter></DVD_chapter>
  <DVD_discid></DVD_discid>
  <DVD_episodenumber></DVD_episodenumber>
  <DVD_season></DVD_season>
  <Director>Jayson Thiessen</Director>
  <EpImgFlag>2</EpImgFlag>
  <EpisodeName>Owl's Well That Ends Well</EpisodeName>
  <EpisodeNumber>24</EpisodeNumber>
  <FirstAired>2011-04-22</FirstAired>
  <GuestStars></GuestStars>
  <IMDB_ID>tt1872444</IMDB_ID>
  <Language>en</Language>
  <Overview>Spike meets an owl Twilight befriends to help her with their work. He soon begins to feel threatened over the possibility that it will take his spot as the unicorn's trusted assistant. Driven by jealousy, how far will the baby dragon go to make sure it doesn't happen? His friendship with Twilight is at further risk when he hides the fact that he recently destroyed one of her books by accident.</Overview>
  <ProductionCode>124</ProductionCode>
  <Rating>7.8</Rating>
  <RatingCount>4</RatingCount>
  <SeasonNumber>1</SeasonNumber>
  <Writer>Cindy Morrow</Writer>
  <absolute_number>24</absolute_number>
  <filename>episodes/212171/4082321.jpg</filename>
  <lastupdated>1333272055</lastupdated>
  <seasonid>372011</seasonid>
  <seriesid>212171</seriesid>
</Episode>
<Episode>
  <id>4082322</id>
  <Combined_episodenumber>25</Combined_episodenumber>
  <Combined_season>1</Combined_season>
  <DVD_chapter></DVD_chapter>
  <DVD_discid></DVD_discid>
  <DVD_episodenumber></DVD_episodenumber>
  <DVD_season></DVD_season>
  <Director>Jayson Thiessen</Director>
  <EpImgFlag>2</EpImgFlag>
  <EpisodeName>Party of One</EpisodeName>
  <EpisodeNumber>25</EpisodeNumber>
  <FirstAired>2011-04-29</FirstAired>
  <GuestStars></GuestStars>
  <IMDB_ID>tt1880664</IMDB_ID>
  <Language>en</Language>
  <Overview>After a successful party celebrating the first birthday of Gummy, her pet alligator, Pinkie Pie invites her friends for an &quot;After Birthday&quot; party the next day. However, they claim to have other errands to run, declining the invitations. She finds out these so-called &quot;errands&quot; are just an excuse to avoid the party. Have they grown tired of the pink pony's frequent celebrations, or is there something bigger involved?</Overview>
  <ProductionCode>125</ProductionCode>
  <Rating>8.0</Rating>
  <RatingCount>3</RatingCount>
  <SeasonNumber>1</SeasonNumber>
  <Writer>Meghan McCarthy</Writer>
  <absolute_number>25</absolute_number>
  <filename>episodes/212171/4082322.jpg</filename>
  <lastupdated>1333272074</lastupdated>
  <seasonid>372011</seasonid>
  <seriesid>212171</seriesid>
</Episode>
<Episode>
  <id>4082323</id>
  <Combined_episodenumber>26</Combined_episodenumber>
  <Combined_season>1</Combined_season>
  <DVD_chapter></DVD_chapter>
  <DVD_discid></DVD_discid>
  <DVD_episodenumber></DVD_episodenumber>
  <DVD_season></DVD_season>
  <Director>Jayson Thiessen</Director>
  <EpImgFlag>2</EpImgFlag>
  <EpisodeName>The Best Night Ever</EpisodeName>
  <EpisodeNumber>26</EpisodeNumber>
  <FirstAired>2011-05-06</FirstAired>
  <GuestStars></GuestStars>
  <IMDB_ID>tt1880665</IMDB_ID>
  <Language>en</Language>
  <Overview>After much anticipation, Canterlot's Grand Galloping Gala has finally begun. As Twilight and her friends take part in the festivities, only one question remains: Is it everything the ponies imagined it to be?</Overview>
  <ProductionCode>126</ProductionCode>
  <Rating>9.0</Rating>
  <RatingCount>4</RatingCount>
  <SeasonNumber>1</SeasonNumber>
  <Writer>Amy Keating Rogers</Writer>
  <absolute_number>26</absolute_number>
  <filename>episodes/212171/4082323.jpg</filename>
  <lastupdated>1333272093</lastupdated>
  <seasonid>372011</seasonid>
  <seriesid>212171</seriesid>
</Episode>
<Episode>
  <id>4156360</id>
  <Combined_episodenumber>1</Combined_episodenumber>
  <Combined_season>2</Combined_season>
  <DVD_chapter></DVD_chapter>
  <DVD_discid></DVD_discid>
  <DVD_episodenumber></DVD_episodenumber>
  <DVD_season></DVD_season>
  <Director>James Wootton</Director>
  <EpImgFlag>2</EpImgFlag>
  <EpisodeName>The Return of Harmony (1)</EpisodeName>
  <EpisodeNumber>1</EpisodeNumber>
  <FirstAired>2011-09-17</FirstAired>
  <GuestStars>John DeLancie</GuestStars>
  <IMDB_ID></IMDB_ID>
  <Language>en</Language>
  <Overview>Discord escapes from his stone prison and Twilight and her friends act quickly to find the Elements of Harmony to stop him.</Overview>
  <ProductionCode>201</ProductionCode>
  <Rating>9.3</Rating>
  <RatingCount>6</RatingCount>
  <SeasonNumber>2</SeasonNumber>
  <Writer>M.A. Larson</Writer>
  <absolute_number>27</absolute_number>
  <filename>episodes/212171/4156360.jpg</filename>
  <lastupdated>1325929387</lastupdated>
  <seasonid>469385</seasonid>
  <seriesid>212171</seriesid>
</Episode>
<Episode>
  <id>4173760</id>
  <Combined_episodenumber>2</Combined_episodenumber>
  <Combined_season>2</Combined_season>
  <DVD_chapter></DVD_chapter>
  <DVD_discid></DVD_discid>
  <DVD_episodenumber></DVD_episodenumber>
  <DVD_season></DVD_season>
  <Director>James Wootton</Director>
  <EpImgFlag>2</EpImgFlag>
  <EpisodeName>The Return of Harmony (2)</EpisodeName>
  <EpisodeNumber>2</EpisodeNumber>
  <FirstAired>2011-09-24</FirstAired>
  <GuestStars>John DeLancie</GuestStars>
  <IMDB_ID></IMDB_ID>
  <Language>en</Language>
  <Overview>Twilight's friends have been corrupted by Discord, and all of Equestria is about to fall into total chaos. Twilight remembers about the riddle of finding the stolen Elements of Harmony. However, even after obtaining them, can she and her friends defeat their most powerful foe yet with almost all hope lost?</Overview>
  <ProductionCode>202</ProductionCode>
  <Rating>8.8</Rating>
  <RatingCount>4</RatingCount>
  <SeasonNumber>2</SeasonNumber>
  <Writer>M.A. Larson</Writer>
  <absolute_number>28</absolute_number>
  <filename>episodes/212171/4173760.jpg</filename>
  <lastupdated>1325929394</lastupdated>
  <seasonid>469385</seasonid>
  <seriesid>212171</seriesid>
</Episode>
<Episode>
  <id>4178637</id>
  <Combined_episodenumber>3</Combined_episodenumber>
  <Combined_season>2</Combined_season>
  <DVD_chapter></DVD_chapter>
  <DVD_discid></DVD_discid>
  <DVD_episodenumber></DVD_episodenumber>
  <DVD_season></DVD_season>
  <Director>James Wootton</Director>
  <EpImgFlag>2</EpImgFlag>
  <EpisodeName>Lesson Zero</EpisodeName>
  <EpisodeNumber>3</EpisodeNumber>
  <FirstAired>2011-10-15</FirstAired>
  <GuestStars></GuestStars>
  <IMDB_ID></IMDB_ID>
  <Language>en</Language>
  <Overview>Hyper-organized Twilight panics when she can’t find a lesson about friendship for her weekly letter to Princess Celestia.</Overview>
  <ProductionCode>203</ProductionCode>
  <Rating>6.5</Rating>
  <RatingCount>4</RatingCount>
  <SeasonNumber>2</SeasonNumber>
  <Writer>Meghan McCarthy</Writer>
  <absolute_number>29</absolute_number>
  <filename>episodes/212171/4178637.jpg</filename>
  <lastupdated>1325929400</lastupdated>
  <seasonid>469385</seasonid>
  <seriesid>212171</seriesid>
</Episode>
<Episode>
  <id>4180175</id>
  <Combined_episodenumber>4</Combined_episodenumber>
  <Combined_season>2</Combined_season>
  <DVD_chapter></DVD_chapter>
  <DVD_discid></DVD_discid>
  <DVD_episodenumber></DVD_episodenumber>
  <DVD_season></DVD_season>
  <Director>James Wootton</Director>
  <EpImgFlag>2</EpImgFlag>
  <EpisodeName>Luna Eclipsed</EpisodeName>
  <EpisodeNumber>4</EpisodeNumber>
  <FirstAired>2011-10-22</FirstAired>
  <GuestStars></GuestStars>
  <IMDB_ID></IMDB_ID>
  <Language>en</Language>
  <Overview>It's Nightmare Night and the macabre celebrations are in full swing when Luna herself shows up in Ponyville, determined to change her frightening public image.</Overview>
  <ProductionCode>204</ProductionCode>
  <Rating>8.8</Rating>
  <RatingCount>4</RatingCount>
  <SeasonNumber>2</SeasonNumber>
  <Writer>M.A. Larson</Writer>
  <absolute_number>30</absolute_number>
  <filename>episodes/212171/4180175.jpg</filename>
  <lastupdated>1325929405</lastupdated>
  <seasonid>469385</seasonid>
  <seriesid>212171</seriesid>
</Episode>
<Episode>
  <id>4185983</id>
  <Combined_episodenumber>5</Combined_episodenumber>
  <Combined_season>2</Combined_season>
  <DVD_chapter></DVD_chapter>
  <DVD_discid></DVD_discid>
  <DVD_episodenumber></DVD_episodenumber>
  <DVD_season></DVD_season>
  <Director>James Wootton</Director>
  <EpImgFlag>2</EpImgFlag>
  <EpisodeName>Sisterhooves Social</EpisodeName>
  <EpisodeNumber>5</EpisodeNumber>
  <FirstAired>2011-11-05</FirstAired>
  <GuestStars></GuestStars>
  <IMDB_ID></IMDB_ID>
  <Language>en</Language>
  <Overview>Sweetie Belle comes up with an idea to celebrate sisterly unity in an impromptu party with not much planning, and when Rarity decides not to be part of the celebration, Sweetie Belle becomes angry and disowns her as a friend.</Overview>
  <ProductionCode>205</ProductionCode>
  <Rating>8.2</Rating>
  <RatingCount>5</RatingCount>
  <SeasonNumber>2</SeasonNumber>
  <Writer>Cindy Morrow</Writer>
  <absolute_number>31</absolute_number>
  <filename>episodes/212171/4185983.jpg</filename>
  <lastupdated>1325929415</lastupdated>
  <seasonid>469385</seasonid>
  <seriesid>212171</seriesid>
</Episode>
<Episode>
  <id>4189327</id>
  <Combined_episodenumber>6</Combined_episodenumber>
  <Combined_season>2</Combined_season>
  <DVD_chapter></DVD_chapter>
  <DVD_discid></DVD_discid>
  <DVD_episodenumber></DVD_episodenumber>
  <DVD_season></DVD_season>
  <Director>James Wootton</Director>
  <EpImgFlag>2</EpImgFlag>
  <EpisodeName>The Cutie Pox</EpisodeName>
  <EpisodeNumber>6</EpisodeNumber>
  <FirstAired>2011-11-12</FirstAired>
  <GuestStars></GuestStars>
  <IMDB_ID></IMDB_ID>
  <Language>en</Language>
  <Overview>Applebloom finally gets her Cutie Mark! But joy turns to panic as she gets a second, then a third, then a dozen cutie marks.</Overview>
  <ProductionCode>206</ProductionCode>
  <Rating>8.0</Rating>
  <RatingCount>4</RatingCount>
  <SeasonNumber>2</SeasonNumber>
  <Writer>Amy Keating Rogers</Writer>
  <absolute_number>32</absolute_number>
  <filename>episodes/212171/4189327.jpg</filename>
  <lastupdated>1325929420</lastupdated>
  <seasonid>469385</seasonid>
  <seriesid>212171</seriesid>
</Episode>
<Episode>
  <id>4192272</id>
  <Combined_episodenumber>7</Combined_episodenumber>
  <Combined_season>2</Combined_season>
  <DVD_chapter></DVD_chapter>
  <DVD_discid></DVD_discid>
  <DVD_episodenumber></DVD_episodenumber>
  <DVD_season></DVD_season>
  <Director>James Wootton</Director>
  <EpImgFlag>2</EpImgFlag>
  <EpisodeName>May the Best Pet Win!</EpisodeName>
  <EpisodeNumber>7</EpisodeNumber>
  <FirstAired>2011-11-19</FirstAired>
  <GuestStars></GuestStars>
  <IMDB_ID></IMDB_ID>
  <Language>en</Language>
  <Overview>Rainbow Dash hosts a flying race to see who will be her pet.</Overview>
  <ProductionCode>207</ProductionCode>
  <Rating>8.3</Rating>
  <RatingCount>4</RatingCount>
  <SeasonNumber>2</SeasonNumber>
  <Writer>Charlotte Fullerton</Writer>
  <absolute_number>33</absolute_number>
  <filename>episodes/212171/4192272.jpg</filename>
  <lastupdated>1325929431</lastupdated>
  <seasonid>469385</seasonid>
  <seriesid>212171</seriesid>
</Episode>
<Episode>
  <id>4199100</id>
  <Combined_episodenumber>8</Combined_episodenumber>
  <Combined_season>2</Combined_season>
  <DVD_chapter></DVD_chapter>
  <DVD_discid></DVD_discid>
  <DVD_episodenumber></DVD_episodenumber>
  <DVD_season></DVD_season>
  <Director></Director>
  <EpImgFlag>2</EpImgFlag>
  <EpisodeName>The Mysterious Mare Do Well</EpisodeName>
  <EpisodeNumber>8</EpisodeNumber>
  <FirstAired>2011-11-26</FirstAired>
  <GuestStars></GuestStars>
  <IMDB_ID></IMDB_ID>
  <Language>en</Language>
  <Overview>There is a new hero in Ponyville who is masked and stealing Rainbow Dash's thunder.</Overview>
  <ProductionCode>208</ProductionCode>
  <Rating>7.4</Rating>
  <RatingCount>5</RatingCount>
  <SeasonNumber>2</SeasonNumber>
  <Writer></Writer>
  <absolute_number>34</absolute_number>
  <filename>episodes/212171/4199100.jpg</filename>
  <lastupdated>1325929439</lastupdated>
  <seasonid>469385</seasonid>
  <seriesid>212171</seriesid>
</Episode>
<Episode>
  <id>4199106</id>
  <Combined_episodenumber>9</Combined_episodenumber>
  <Combined_season>2</Combined_season>
  <DVD_chapter></DVD_chapter>
  <DVD_discid></DVD_discid>
  <DVD_episodenumber></DVD_episodenumber>
  <DVD_season></DVD_season>
  <Director>James Wootton</Director>
  <EpImgFlag>2</EpImgFlag>
  <EpisodeName>Sweet and Elite</EpisodeName>
  <EpisodeNumber>9</EpisodeNumber>
  <FirstAired>2011-12-03</FirstAired>
  <GuestStars></GuestStars>
  <IMDB_ID></IMDB_ID>
  <Language>en</Language>
  <Overview>Rarity must choose between her friends and important social connections in Canterlot.</Overview>
  <ProductionCode>209</ProductionCode>
  <Rating>8.8</Rating>
  <RatingCount>6</RatingCount>
  <SeasonNumber>2</SeasonNumber>
  <Writer>Meghan McCarthy</Writer>
  <absolute_number>35</absolute_number>
  <filename>episodes/212171/4199106.jpg</filename>
  <lastupdated>1325929451</lastupdated>
  <seasonid>469385</seasonid>
  <seriesid>212171</seriesid>
</Episode>
<Episode>
  <id>4203173</id>
  <Combined_episodenumber>10</Combined_episodenumber>
  <Combined_season>2</Combined_season>
  <DVD_chapter></DVD_chapter>
  <DVD_discid></DVD_discid>
  <DVD_episodenumber></DVD_episodenumber>
  <DVD_season></DVD_season>
  <Director>James Wootton</Director>
  <EpImgFlag>2</EpImgFlag>
  <EpisodeName>Secret of My Excess</EpisodeName>
  <EpisodeNumber>10</EpisodeNumber>
  <FirstAired>2011-12-10</FirstAired>
  <GuestStars></GuestStars>
  <IMDB_ID></IMDB_ID>
  <Language>en</Language>
  <Overview>After Spike's birthday gifts activate his greedy dragon instincts, he undergoes an outrageous growth spirt that threatens to destroy all of Ponyville, so he must find a way to stop growing and save the inhabitants of the city.</Overview>
  <ProductionCode>210</ProductionCode>
  <Rating>6.3</Rating>
  <RatingCount>3</RatingCount>
  <SeasonNumber>2</SeasonNumber>
  <Writer>M. A. Larson</Writer>
  <absolute_number>36</absolute_number>
  <filename>episodes/212171/4203173.jpg</filename>
  <lastupdated>1325929460</lastupdated>
  <seasonid>469385</seasonid>
  <seriesid>212171</seriesid>
</Episode>
<Episode>
  <id>4207106</id>
  <Combined_episodenumber>11</Combined_episodenumber>
  <Combined_season>2</Combined_season>
  <DVD_chapter></DVD_chapter>
  <DVD_discid></DVD_discid>
  <DVD_episodenumber></DVD_episodenumber>
  <DVD_season></DVD_season>
  <Director>James Wootton</Director>
  <EpImgFlag>2</EpImgFlag>
  <EpisodeName>Hearth's Warming Eve</EpisodeName>
  <EpisodeNumber>11</EpisodeNumber>
  <FirstAired>2011-12-17</FirstAired>
  <GuestStars></GuestStars>
  <IMDB_ID></IMDB_ID>
  <Language>en</Language>
  <Overview>The six friends are in a play about the founding of Equestria for the Hearth's Warming Eve's holiday pageant.</Overview>
  <ProductionCode>213</ProductionCode>
  <Rating>7.3</Rating>
  <RatingCount>4</RatingCount>
  <SeasonNumber>2</SeasonNumber>
  <Writer>Merriwether Williams</Writer>
  <absolute_number>37</absolute_number>
  <filename>episodes/212171/4207106.jpg</filename>
  <lastupdated>1325929500</lastupdated>
  <seasonid>469385</seasonid>
  <seriesid>212171</seriesid>
</Episode>
<Episode>
  <id>4219473</id>
  <Combined_episodenumber>12</Combined_episodenumber>
  <Combined_season>2</Combined_season>
  <DVD_chapter></DVD_chapter>
  <DVD_discid></DVD_discid>
  <DVD_episodenumber></DVD_episodenumber>
  <DVD_season></DVD_season>
  <Director>James Wootton</Director>
  <EpImgFlag>2</EpImgFlag>
  <EpisodeName>Family Appreciation Day</EpisodeName>
  <EpisodeNumber>12</EpisodeNumber>
  <FirstAired>2012-01-07</FirstAired>
  <GuestStars></GuestStars>
  <IMDB_ID></IMDB_ID>
  <Language>en</Language>
  <Overview>Apple Bloom doesn't want Granny Smith to embarrass her by speaking in her class.</Overview>
  <ProductionCode>211</ProductionCode>
  <Rating>6.7</Rating>
  <RatingCount>3</RatingCount>
  <SeasonNumber>2</SeasonNumber>
  <Writer>Cindy Morrow</Writer>
  <absolute_number>38</absolute_number>
  <filename>episodes/212171/4219473.jpg</filename>
  <lastupdated>1326235339</lastupdated>
  <seasonid>469385</seasonid>
  <seriesid>212171</seriesid>
</Episode>
<Episode>
  <id>4225332</id>
  <Combined_episodenumber>13</Combined_episodenumber>
  <Combined_season>2</Combined_season>
  <DVD_chapter></DVD_chapter>
  <DVD_discid></DVD_discid>
  <DVD_episodenumber></DVD_episodenumber>
  <DVD_season></DVD_season>
  <Director>James Wootton</Director>
  <EpImgFlag>2</EpImgFlag>
  <EpisodeName>Baby Cakes</EpisodeName>
  <EpisodeNumber>13</EpisodeNumber>
  <FirstAired>2012-01-14</FirstAired>
  <GuestStars></GuestStars>
  <IMDB_ID></IMDB_ID>
  <Language>en</Language>
  <Overview>Pinkie Pie tries babysitting Cake's twin toddlers but finds it harder than she thought.</Overview>
  <ProductionCode></ProductionCode>
  <Rating>6.8</Rating>
  <RatingCount>4</RatingCount>
  <SeasonNumber>2</SeasonNumber>
  <Writer>Charlotte Fullerton</Writer>
  <absolute_number>39</absolute_number>
  <filename>episodes/212171/4225332.jpg</filename>
  <lastupdated>1326800761</lastupdated>
  <seasonid>469385</seasonid>
  <seriesid>212171</seriesid>
</Episode>
<Episode>
  <id>4222386</id>
  <Combined_episodenumber>14</Combined_episodenumber>
  <Combined_season>2</Combined_season>
  <DVD_chapter></DVD_chapter>
  <DVD_discid></DVD_discid>
  <DVD_episodenumber></DVD_episodenumber>
  <DVD_season></DVD_season>
  <Director>James Wootton</Director>
  <EpImgFlag>2</EpImgFlag>
  <EpisodeName>The Last Roundup</EpisodeName>
  <EpisodeNumber>14</EpisodeNumber>
  <FirstAired>2012-01-21</FirstAired>
  <GuestStars></GuestStars>
  <IMDB_ID></IMDB_ID>
  <Language>en</Language>
  <Overview>After reading a note from Applejack stating that she will not return to Ponyville after competing in the Equestria Rodeo, the friends go on a journey to find her.</Overview>
  <ProductionCode></ProductionCode>
  <Rating>7.8</Rating>
  <RatingCount>4</RatingCount>
  <SeasonNumber>2</SeasonNumber>
  <Writer>Amy Keating Rogers</Writer>
  <absolute_number>40</absolute_number>
  <filename>episodes/212171/4222386.jpg</filename>
  <lastupdated>1331452510</lastupdated>
  <seasonid>469385</seasonid>
  <seriesid>212171</seriesid>
</Episode>
<Episode>
  <id>4230972</id>
  <Combined_episodenumber>15</Combined_episodenumber>
  <Combined_season>2</Combined_season>
  <DVD_chapter></DVD_chapter>
  <DVD_discid></DVD_discid>
  <DVD_episodenumber></DVD_episodenumber>
  <DVD_season></DVD_season>
  <Director>James Wootton</Director>
  <EpImgFlag>2</EpImgFlag>
  <EpisodeName>The Super Speedy Cider Squeezy 6000</EpisodeName>
  <EpisodeNumber>15</EpisodeNumber>
  <FirstAired>2012-01-28</FirstAired>
  <GuestStars></GuestStars>
  <IMDB_ID></IMDB_ID>
  <Language>en</Language>
  <Overview>The Flim Flam brothers challenge the Apples to a Cider Making Contest and the winner of the showdown gets to take Sweet Apple Acres, so with the farm in peril, the Apple ponies must come together and muster all their cider making skills.</Overview>
  <ProductionCode></ProductionCode>
  <Rating>8.0</Rating>
  <RatingCount>4</RatingCount>
  <SeasonNumber>2</SeasonNumber>
  <Writer>M. A. Larson</Writer>
  <absolute_number>41</absolute_number>
  <filename>episodes/212171/4230972.jpg</filename>
  <lastupdated>1327893427</lastupdated>
  <seasonid>469385</seasonid>
  <seriesid>212171</seriesid>
</Episode>
<Episode>
  <id>4236102</id>
  <Combined_episodenumber>16</Combined_episodenumber>
  <Combined_season>2</Combined_season>
  <DVD_chapter></DVD_chapter>
  <DVD_discid></DVD_discid>
  <DVD_episodenumber></DVD_episodenumber>
  <DVD_season></DVD_season>
  <Director>James Wootton</Director>
  <EpImgFlag>2</EpImgFlag>
  <EpisodeName>Read It and Weep</EpisodeName>
  <EpisodeNumber>16</EpisodeNumber>
  <FirstAired>2012-02-04</FirstAired>
  <GuestStars></GuestStars>
  <IMDB_ID></IMDB_ID>
  <Language>en</Language>
  <Overview>After mocking it as an 'egghead' pursuit, Rainbow Dash discovers the joys of reading while laid up in Ponyville Hospital. Can she finish her book before her friends discover her secret?</Overview>
  <ProductionCode></ProductionCode>
  <Rating>8.0</Rating>
  <RatingCount>4</RatingCount>
  <SeasonNumber>2</SeasonNumber>
  <Writer>Cindy Morrow</Writer>
  <absolute_number>42</absolute_number>
  <filename>episodes/212171/4236102.jpg</filename>
  <lastupdated>1328681505</lastupdated>
  <seasonid>469385</seasonid>
  <seriesid>212171</seriesid>
</Episode>
<Episode>
  <id>4243762</id>
  <Combined_episodenumber>17</Combined_episodenumber>
  <Combined_season>2</Combined_season>
  <DVD_chapter></DVD_chapter>
  <DVD_discid></DVD_discid>
  <DVD_episodenumber></DVD_episodenumber>
  <DVD_season></DVD_season>
  <Director>James Wootton</Director>
  <EpImgFlag>2</EpImgFlag>
  <EpisodeName>Hearts and Hooves Day</EpisodeName>
  <EpisodeNumber>17</EpisodeNumber>
  <FirstAired>2012-02-11</FirstAired>
  <GuestStars></GuestStars>
  <IMDB_ID></IMDB_ID>
  <Language>en</Language>
  <Overview>The Cutie Mark Crusaders create a strong love potion in the hopes of making Miss Cheerilee and Big Macintosh fall in love, but when they discover the serious side effects of their concoction, they quickly regret their actions.</Overview>
  <ProductionCode></ProductionCode>
  <Rating>7.5</Rating>
  <RatingCount>4</RatingCount>
  <SeasonNumber>2</SeasonNumber>
  <Writer>Meghan McCarthy</Writer>
  <absolute_number>43</absolute_number>
  <filename>episodes/212171/4243762.jpg</filename>
  <lastupdated>1328841539</lastupdated>
  <seasonid>469385</seasonid>
  <seriesid>212171</seriesid>
</Episode>
<Episode>
  <id>4246193</id>
  <Combined_episodenumber>18</Combined_episodenumber>
  <Combined_season>2</Combined_season>
  <DVD_chapter></DVD_chapter>
  <DVD_discid></DVD_discid>
  <DVD_episodenumber></DVD_episodenumber>
  <DVD_season></DVD_season>
  <Director>James Wootton</Director>
  <EpImgFlag>2</EpImgFlag>
  <EpisodeName>A Friend in Deed</EpisodeName>
  <EpisodeNumber>18</EpisodeNumber>
  <FirstAired>2012-02-18</FirstAired>
  <GuestStars></GuestStars>
  <IMDB_ID></IMDB_ID>
  <Language>en</Language>
  <Overview>When Pinkie Pie meets Cranky Doodle Donkey, she becomes flummoxed about what to do when the donkey refuses her usual offer of lifelong friendship, so she must decide what to do next about the first creature ever to do such a thing.</Overview>
  <ProductionCode></ProductionCode>
  <Rating>7.7</Rating>
  <RatingCount>6</RatingCount>
  <SeasonNumber>2</SeasonNumber>
  <Writer>Amy Keating Rogers</Writer>
  <absolute_number>44</absolute_number>
  <filename>episodes/212171/4246193.jpg</filename>
  <lastupdated>1333363339</lastupdated>
  <seasonid>469385</seasonid>
  <seriesid>212171</seriesid>
</Episode>
<Episode>
  <id>4256117</id>
  <Combined_episodenumber>19</Combined_episodenumber>
  <Combined_season>2</Combined_season>
  <DVD_chapter></DVD_chapter>
  <DVD_discid></DVD_discid>
  <DVD_episodenumber></DVD_episodenumber>
  <DVD_season></DVD_season>
  <Director>James Wootton</Director>
  <EpImgFlag>2</EpImgFlag>
  <EpisodeName>Putting Your Hoof Down</EpisodeName>
  <EpisodeNumber>19</EpisodeNumber>
  <FirstAired>2012-03-03</FirstAired>
  <GuestStars></GuestStars>
  <IMDB_ID></IMDB_ID>
  <Language>en</Language>
  <Overview>When Fluttershy becomes tired of being pushed around for too long, she decides to seek some assertiveness training from self-help guru Iron Will.  With the help of her new teacher, she quickly transforms her unsure ways.</Overview>
  <ProductionCode></ProductionCode>
  <Rating>7.7</Rating>
  <RatingCount>3</RatingCount>
  <SeasonNumber>2</SeasonNumber>
  <Writer>Merriwether Williams and Charlotte Fullerton</Writer>
  <absolute_number>45</absolute_number>
  <filename>episodes/212171/4256117.jpg</filename>
  <lastupdated>1331404962</lastupdated>
  <seasonid>469385</seasonid>
  <seriesid>212171</seriesid>
</Episode>
<Episode>
  <id>4261711</id>
  <Combined_episodenumber>20</Combined_episodenumber>
  <Combined_season>2</Combined_season>
  <DVD_chapter></DVD_chapter>
  <DVD_discid></DVD_discid>
  <DVD_episodenumber></DVD_episodenumber>
  <DVD_season></DVD_season>
  <Director>James Wootton</Director>
  <EpImgFlag>2</EpImgFlag>
  <EpisodeName>It's About Time</EpisodeName>
  <EpisodeNumber>20</EpisodeNumber>
  <FirstAired>2012-03-10</FirstAired>
  <GuestStars></GuestStars>
  <IMDB_ID></IMDB_ID>
  <Language>en</Language>
  <Overview>When Twilight Sparkle receives a strange and vague warning about impending doom and disaster from her future self, she drives herself nearly mad in an attempt to stall a cataclysmic event, but her uncertainty makes finding answers difficult.</Overview>
  <ProductionCode></ProductionCode>
  <Rating>8.5</Rating>
  <RatingCount>4</RatingCount>
  <SeasonNumber>2</SeasonNumber>
  <Writer>M.A. Larson</Writer>
  <absolute_number>46</absolute_number>
  <filename>episodes/212171/4261711.jpg</filename>
  <lastupdated>1331486120</lastupdated>
  <seasonid>469385</seasonid>
  <seriesid>212171</seriesid>
</Episode>
<Episode>
  <id>4267569</id>
  <Combined_episodenumber>21</Combined_episodenumber>
  <Combined_season>2</Combined_season>
  <DVD_chapter></DVD_chapter>
  <DVD_discid></DVD_discid>
  <DVD_episodenumber></DVD_episodenumber>
  <DVD_season></DVD_season>
  <Director>James Wootton</Director>
  <EpImgFlag>4</EpImgFlag>
  <EpisodeName>Dragon Quest</EpisodeName>
  <EpisodeNumber>21</EpisodeNumber>
  <FirstAired>2012-03-17</FirstAired>
  <GuestStars></GuestStars>
  <IMDB_ID></IMDB_ID>
  <Language>en</Language>
  <Overview>Spike joins the Great Dragon Migration to discover his true identity, but it might not be what he really needs.</Overview>
  <ProductionCode></ProductionCode>
  <Rating>7.0</Rating>
  <RatingCount>2</RatingCount>
  <SeasonNumber>2</SeasonNumber>
  <Writer>Merriwether Williams</Writer>
  <absolute_number>47</absolute_number>
  <filename>episodes/212171/4267569.jpg</filename>
  <lastupdated>1332022577</lastupdated>
  <seasonid>469385</seasonid>
  <seriesid>212171</seriesid>
</Episode>
<Episode>
  <id>4272830</id>
  <Combined_episodenumber>22</Combined_episodenumber>
  <Combined_season>2</Combined_season>
  <DVD_chapter></DVD_chapter>
  <DVD_discid></DVD_discid>
  <DVD_episodenumber></DVD_episodenumber>
  <DVD_season></DVD_season>
  <Director>James Wootton</Director>
  <EpImgFlag>2</EpImgFlag>
  <EpisodeName>Hurricane Fluttershy</EpisodeName>
  <EpisodeNumber>22</EpisodeNumber>
  <FirstAired>2012-03-24</FirstAired>
  <GuestStars></GuestStars>
  <IMDB_ID></IMDB_ID>
  <Language>en</Language>
  <Overview>Fluttershy struggles to overcome her fear of public humiliation so she can help Rainbow Dash and the other pegasi create a tornado powerful enough to lift the water required for rainy season in the cloud-producing city of Cloudsdale.</Overview>
  <ProductionCode></ProductionCode>
  <Rating>8.0</Rating>
  <RatingCount>1</RatingCount>
  <SeasonNumber>2</SeasonNumber>
  <Writer>Cindy Morrow</Writer>
  <absolute_number>48</absolute_number>
  <filename>episodes/212171/4272830.jpg</filename>
  <lastupdated>1332702669</lastupdated>
  <seasonid>469385</seasonid>
  <seriesid>212171</seriesid>
</Episode>
<Episode>
  <id>4277986</id>
  <Combined_episodenumber>23</Combined_episodenumber>
  <Combined_season>2</Combined_season>
  <DVD_chapter></DVD_chapter>
  <DVD_discid></DVD_discid>
  <DVD_episodenumber></DVD_episodenumber>
  <DVD_season></DVD_season>
  <Director>James Wootton</Director>
  <EpImgFlag>2</EpImgFlag>
  <EpisodeName>Ponyville Confidential</EpisodeName>
  <EpisodeNumber>23</EpisodeNumber>
  <FirstAired>2012-03-31</FirstAired>
  <GuestStars></GuestStars>
  <IMDB_ID></IMDB_ID>
  <Language>en</Language>
  <Overview>In order to become the gossip columnist for their school paper, the Cutie Mark Crusaders adopt the name ‘Gabby Gums,’ but when they land the job, their happiness is cut short by the pain they cause to other ponies with their hurtful stories.</Overview>
  <ProductionCode></ProductionCode>
  <Rating>7.0</Rating>
  <RatingCount>1</RatingCount>
  <SeasonNumber>2</SeasonNumber>
  <Writer>M. A. Larson</Writer>
  <absolute_number>49</absolute_number>
  <filename>episodes/212171/4277986.jpg</filename>
  <lastupdated>1333404553</lastupdated>
  <seasonid>469385</seasonid>
  <seriesid>212171</seriesid>
</Episode>
<Episode>
  <id>4283105</id>
  <Combined_episodenumber>24</Combined_episodenumber>
  <Combined_season>2</Combined_season>
  <DVD_chapter></DVD_chapter>
  <DVD_discid></DVD_discid>
  <DVD_episodenumber></DVD_episodenumber>
  <DVD_season></DVD_season>
  <Director>James Wootton</Director>
  <EpImgFlag>2</EpImgFlag>
  <EpisodeName>MMMystery on the Friendship Express</EpisodeName>
  <EpisodeNumber>24</EpisodeNumber>
  <FirstAired>2012-04-07</FirstAired>
  <GuestStars></GuestStars>
  <IMDB_ID></IMDB_ID>
  <Language>en</Language>
  <Overview>A cake Pinkie Pie is guarding for a contest is ruined on the way to Canterlot and an investigation begins.</Overview>
  <ProductionCode></ProductionCode>
  <Rating>7.0</Rating>
  <RatingCount>2</RatingCount>
  <SeasonNumber>2</SeasonNumber>
  <Writer>Amy Keating Rogers</Writer>
  <absolute_number>50</absolute_number>
  <filename>episodes/212171/4283105.jpg</filename>
  <lastupdated>1333933401</lastupdated>
  <seasonid>469385</seasonid>
  <seriesid>212171</seriesid>
</Episode>
<Episode>
  <id>4284384</id>
  <Combined_episodenumber>25</Combined_episodenumber>
  <Combined_season>2</Combined_season>
  <DVD_chapter></DVD_chapter>
  <DVD_discid></DVD_discid>
  <DVD_episodenumber></DVD_episodenumber>
  <DVD_season></DVD_season>
  <Director></Director>
  <EpImgFlag></EpImgFlag>
  <EpisodeName>A Canterlot Wedding (1)</EpisodeName>
  <EpisodeNumber>25</EpisodeNumber>
  <FirstAired>2012-04-21</FirstAired>
  <GuestStars></GuestStars>
  <IMDB_ID></IMDB_ID>
  <Language>en</Language>
  <Overview>Twilight Sparkle is confused by her conflicting feelings when she finds out her brother, Shining Armor, is marrying Princess Celestia's niece, Cadance.</Overview>
  <ProductionCode></ProductionCode>
  <Rating></Rating>
  <RatingCount>0</RatingCount>
  <SeasonNumber>2</SeasonNumber>
  <Writer></Writer>
  <absolute_number></absolute_number>
  <filename></filename>
  <lastupdated>1334268904</lastupdated>
  <seasonid>469385</seasonid>
  <seriesid>212171</seriesid>
</Episode>
<Episode>
  <id>4284385</id>
  <Combined_episodenumber>26</Combined_episodenumber>
  <Combined_season>2</Combined_season>
  <DVD_chapter></DVD_chapter>
  <DVD_discid></DVD_discid>
  <DVD_episodenumber></DVD_episodenumber>
  <DVD_season></DVD_season>
  <Director></Director>
  <EpImgFlag></EpImgFlag>
  <EpisodeName>A Canterlot Wedding (2)</EpisodeName>
  <EpisodeNumber>26</EpisodeNumber>
  <FirstAired>2012-04-21</FirstAired>
  <GuestStars></GuestStars>
  <IMDB_ID></IMDB_ID>
  <Language>en</Language>
  <Overview>Shining Armor and Princess Cadance are set to be married, but Twilight Sparkle has just discovered a dark secret about the bride-to-be.</Overview>
  <ProductionCode></ProductionCode>
  <Rating></Rating>
  <RatingCount>0</RatingCount>
  <SeasonNumber>2</SeasonNumber>
  <Writer></Writer>
  <absolute_number></absolute_number>
  <filename></filename>
  <lastupdated>1334268991</lastupdated>
  <seasonid>469385</seasonid>
  <seriesid>212171</seriesid>
</Episode>
</Data>