<?xml version="1.0" encoding="UTF-8" ?>
<Actors>
<Actor>
  <id>176791</id>
  <Image>actors/176791.jpg</Image>
  <Name>Casey Wilson</Name>
  <Role>Penny Hartz</Role>
  <SortOrder>0</SortOrder>
</Actor>
<Actor>
  <id>176771</id>
  <Image>actors/176771.jpg</Image>
  <Name>Eliza Coupe</Name>
  <Role>Jane Williams</Role>
  <SortOrder>0</SortOrder>
</Actor>
<Actor>
  <id>176761</id>
  <Image>actors/176761.jpg</Image>
  <Name>Elisha Cuthbert</Name>
  <Role>Alex Kerkovich</Role>
  <SortOrder>0</SortOrder>
</Actor>
<Actor>
  <id>176781</id>
  <Image>actors/176781.jpg</Image>
  <Name>Adam Pally</Name>
  <Role>Max Blum</Role>
  <SortOrder>1</SortOrder>
</Actor>
<Actor>
  <id>176751</id>
  <Image>actors/176751.jpg</Image>
  <Name>Zachary Knighton</Name>
  <Role>Dave Rose</Role>
  <SortOrder>1</SortOrder>
</Actor>
<Actor>
  <id>176801</id>
  <Image>actors/176801.jpg</Image>
  <Name>Damon Wayans Jr.</Name>
  <Role>Brad Williams</Role>
  <SortOrder>3</SortOrder>
</Actor>
</Actors>