<?xml version="1.0" encoding="UTF-8" ?>
<Data><Series>
  <id>167571</id>
  <Actors>|Casey Wilson|Eliza Coupe|Elisha Cuthbert|Adam Pally|Zachary Knighton|Damon Wayans Jr.|</Actors>
  <Airs_DayOfWeek>Wednesday</Airs_DayOfWeek>
  <Airs_Time>9:30 PM</Airs_Time>
  <ContentRating>TV-14</ContentRating>
  <FirstAired>2011-04-13</FirstAired>
  <Genre>|Comedy|</Genre>
  <IMDB_ID>tt1587678</IMDB_ID>
  <Language>en</Language>
  <Network>ABC</Network>
  <NetworkID></NetworkID>
  <Overview>Happy Endings revolves around six friends, living in Chicago, whose group is rocked when the couple that brought them together, Alex and Dave, break up. This leaves the rest of the group (Max, Brad, Jane, and Penny) in an awkward position of either trying to stay together as friends or having to choose sides.
Alex and Dave decide to stay friends, but there are many more complications down the road.</Overview>
  <Rating>8.5</Rating>
  <RatingCount>30</RatingCount>
  <Runtime>30</Runtime>
  <SeriesID>78574</SeriesID>
  <SeriesName>Happy Endings</SeriesName>
  <Status>Continuing</Status>
  <added>2010-06-04 12:49:31</added>
  <addedBy>235</addedBy>
  <banner>graphical/167571-g.jpg</banner>
  <fanart>fanart/original/167571-4.jpg</fanart>
  <lastupdated>1334153988</lastupdated>
  <poster>posters/167571-1.jpg</poster>
  <zap2it_id>SH01279666</zap2it_id>
</Series>
<Episode>
  <id>4286438</id>
  <Combined_episodenumber>1</Combined_episodenumber>
  <Combined_season>0</Combined_season>
  <DVD_chapter></DVD_chapter>
  <DVD_discid></DVD_discid>
  <DVD_episodenumber></DVD_episodenumber>
  <DVD_season></DVD_season>
  <Director>Steven Mesner</Director>
  <EpImgFlag>2</EpImgFlag>
  <EpisodeName>Happy Rides Webisode 1</EpisodeName>
  <EpisodeNumber>1</EpisodeNumber>
  <FirstAired>2012-02-29</FirstAired>
  <GuestStars></GuestStars>
  <IMDB_ID></IMDB_ID>
  <Language>en</Language>
  <Overview>Penny announces that she's getting rid of her first car. </Overview>
  <ProductionCode></ProductionCode>
  <Rating></Rating>
  <RatingCount>0</RatingCount>
  <SeasonNumber>0</SeasonNumber>
  <Writer>Jason Berger</Writer>
  <absolute_number></absolute_number>
  <airsafter_season></airsafter_season>
  <airsbefore_episode></airsbefore_episode>
  <airsbefore_season></airsbefore_season>
  <filename>episodes/167571/4286438.jpg</filename>
  <lastupdated>1333711653</lastupdated>
  <seasonid>257911</seasonid>
  <seriesid>167571</seriesid>
</Episode>
<Episode>
  <id>4286439</id>
  <Combined_episodenumber>2</Combined_episodenumber>
  <Combined_season>0</Combined_season>
  <DVD_chapter></DVD_chapter>
  <DVD_discid></DVD_discid>
  <DVD_episodenumber></DVD_episodenumber>
  <DVD_season></DVD_season>
  <Director>Steven Mesner</Director>
  <EpImgFlag>2</EpImgFlag>
  <EpisodeName>Happy Rides Webisode 2</EpisodeName>
  <EpisodeNumber>2</EpisodeNumber>
  <FirstAired>2012-03-07</FirstAired>
  <GuestStars></GuestStars>
  <IMDB_ID></IMDB_ID>
  <Language>en</Language>
  <Overview>Jane and Brad hear about Penny selling her car. </Overview>
  <ProductionCode></ProductionCode>
  <Rating></Rating>
  <RatingCount>0</RatingCount>
  <SeasonNumber>0</SeasonNumber>
  <Writer>Jen Regan</Writer>
  <absolute_number></absolute_number>
  <airsafter_season></airsafter_season>
  <airsbefore_episode></airsbefore_episode>
  <airsbefore_season></airsbefore_season>
  <filename>episodes/167571/4286439.jpg</filename>
  <lastupdated>1333711773</lastupdated>
  <seasonid>257911</seasonid>
  <seriesid>167571</seriesid>
</Episode>
<Episode>
  <id>4286440</id>
  <Combined_episodenumber>3</Combined_episodenumber>
  <Combined_season>0</Combined_season>
  <DVD_chapter></DVD_chapter>
  <DVD_discid></DVD_discid>
  <DVD_episodenumber></DVD_episodenumber>
  <DVD_season></DVD_season>
  <Director>Zachary Knighton</Director>
  <EpImgFlag>2</EpImgFlag>
  <EpisodeName>Happy Rides Webisode 3</EpisodeName>
  <EpisodeNumber>3</EpisodeNumber>
  <FirstAired>2012-03-14</FirstAired>
  <GuestStars></GuestStars>
  <IMDB_ID></IMDB_ID>
  <Language>en</Language>
  <Overview>Dave and Max discuss their opposing viewpoints on the theory of evolution... in the Kevin Costner film 'Waterworld.'</Overview>
  <ProductionCode></ProductionCode>
  <Rating></Rating>
  <RatingCount>0</RatingCount>
  <SeasonNumber>0</SeasonNumber>
  <Writer>Jason Berger</Writer>
  <absolute_number></absolute_number>
  <airsafter_season></airsafter_season>
  <airsbefore_episode></airsbefore_episode>
  <airsbefore_season></airsbefore_season>
  <filename>episodes/167571/4286440.jpg</filename>
  <lastupdated>1333711947</lastupdated>
  <seasonid>257911</seasonid>
  <seriesid>167571</seriesid>
</Episode>
<Episode>
  <id>4291445</id>
  <Combined_episodenumber>4</Combined_episodenumber>
  <Combined_season>0</Combined_season>
  <DVD_chapter></DVD_chapter>
  <DVD_discid></DVD_discid>
  <DVD_episodenumber></DVD_episodenumber>
  <DVD_season></DVD_season>
  <Director>Elisha Cuthbert</Director>
  <EpImgFlag>2</EpImgFlag>
  <EpisodeName>Happy Rides Webisode 4</EpisodeName>
  <EpisodeNumber>4</EpisodeNumber>
  <FirstAired>2012-03-21</FirstAired>
  <GuestStars></GuestStars>
  <IMDB_ID></IMDB_ID>
  <Language>en</Language>
  <Overview>Penny goes through her keychain collection attached to the car keys and reminisces.</Overview>
  <ProductionCode></ProductionCode>
  <Rating></Rating>
  <RatingCount>0</RatingCount>
  <SeasonNumber>0</SeasonNumber>
  <Writer>Jason Berger</Writer>
  <absolute_number></absolute_number>
  <airsafter_season></airsafter_season>
  <airsbefore_episode></airsbefore_episode>
  <airsbefore_season></airsbefore_season>
  <filename>episodes/167571/4291445.jpg</filename>
  <lastupdated>1333715958</lastupdated>
  <seasonid>257911</seasonid>
  <seriesid>167571</seriesid>
</Episode>
<Episode>
  <id>4296294</id>
  <Combined_episodenumber>5</Combined_episodenumber>
  <Combined_season>0</Combined_season>
  <DVD_chapter></DVD_chapter>
  <DVD_discid></DVD_discid>
  <DVD_episodenumber></DVD_episodenumber>
  <DVD_season></DVD_season>
  <Director></Director>
  <EpImgFlag>2</EpImgFlag>
  <EpisodeName>Happy Rides Webisode 5</EpisodeName>
  <EpisodeNumber>5</EpisodeNumber>
  <FirstAired>2012-03-28</FirstAired>
  <GuestStars></GuestStars>
  <IMDB_ID></IMDB_ID>
  <Language>en</Language>
  <Overview>Max brings out a box of all the stuff in Penny's car and Alex has a fantastic idea about her old pager.</Overview>
  <ProductionCode></ProductionCode>
  <Rating></Rating>
  <RatingCount>0</RatingCount>
  <SeasonNumber>0</SeasonNumber>
  <Writer></Writer>
  <absolute_number></absolute_number>
  <airsafter_season></airsafter_season>
  <airsbefore_episode></airsbefore_episode>
  <airsbefore_season></airsbefore_season>
  <filename>episodes/167571/4296294.jpg</filename>
  <lastupdated>1333716131</lastupdated>
  <seasonid>257911</seasonid>
  <seriesid>167571</seriesid>
</Episode>
<Episode>
  <id>4296305</id>
  <Combined_episodenumber>6</Combined_episodenumber>
  <Combined_season>0</Combined_season>
  <DVD_chapter></DVD_chapter>
  <DVD_discid></DVD_discid>
  <DVD_episodenumber></DVD_episodenumber>
  <DVD_season></DVD_season>
  <Director></Director>
  <EpImgFlag>2</EpImgFlag>
  <EpisodeName>Happy Rides Webisode 6</EpisodeName>
  <EpisodeNumber>6</EpisodeNumber>
  <FirstAired>2012-04-04</FirstAired>
  <GuestStars></GuestStars>
  <IMDB_ID></IMDB_ID>
  <Language>en</Language>
  <Overview>The guys meet the truck's new owner.</Overview>
  <ProductionCode></ProductionCode>
  <Rating></Rating>
  <RatingCount>0</RatingCount>
  <SeasonNumber>0</SeasonNumber>
  <Writer></Writer>
  <absolute_number></absolute_number>
  <airsafter_season></airsafter_season>
  <airsbefore_episode></airsbefore_episode>
  <airsbefore_season></airsbefore_season>
  <filename>episodes/167571/4296305.jpg</filename>
  <lastupdated>1333716143</lastupdated>
  <seasonid>257911</seasonid>
  <seriesid>167571</seriesid>
</Episode>
<Episode>
  <id>2922681</id>
  <Combined_episodenumber>1.0</Combined_episodenumber>
  <Combined_season>1</Combined_season>
  <DVD_chapter></DVD_chapter>
  <DVD_discid></DVD_discid>
  <DVD_episodenumber>1.0</DVD_episodenumber>
  <DVD_season>1</DVD_season>
  <Director>|Anthony Russo|Joe Russo|</Director>
  <EpImgFlag>2</EpImgFlag>
  <EpisodeName>Pilot</EpisodeName>
  <EpisodeNumber>1</EpisodeNumber>
  <FirstAired>2011-04-13</FirstAired>
  <GuestStars></GuestStars>
  <IMDB_ID>tt1664241</IMDB_ID>
  <Language>en</Language>
  <Overview>After Alex leaves her fiance, Dave, at the altar, they struggle to maintain relationships with their mutual friends.</Overview>
  <ProductionCode></ProductionCode>
  <Rating>7.8</Rating>
  <RatingCount>37</RatingCount>
  <SeasonNumber>1</SeasonNumber>
  <Writer>David Caspe</Writer>
  <absolute_number></absolute_number>
  <filename>episodes/167571/2922681.jpg</filename>
  <lastupdated>1332023566</lastupdated>
  <seasonid>329101</seasonid>
  <seriesid>167571</seriesid>
</Episode>
<Episode>
  <id>2922691</id>
  <Combined_episodenumber>5.0</Combined_episodenumber>
  <Combined_season>1</Combined_season>
  <DVD_chapter></DVD_chapter>
  <DVD_discid></DVD_discid>
  <DVD_episodenumber>5.0</DVD_episodenumber>
  <DVD_season>1</DVD_season>
  <Director>Jeff Melman</Director>
  <EpImgFlag>2</EpImgFlag>
  <EpisodeName>The Quicksand Girlfriend</EpisodeName>
  <EpisodeNumber>2</EpisodeNumber>
  <FirstAired>2011-04-13</FirstAired>
  <GuestStars></GuestStars>
  <IMDB_ID>tt1686359</IMDB_ID>
  <Language>en</Language>
  <Overview>Dave's fling begins turning into a relationship he doesn't want; Jane tries to help Alex find a roommate.</Overview>
  <ProductionCode></ProductionCode>
  <Rating>7.7</Rating>
  <RatingCount>33</RatingCount>
  <SeasonNumber>1</SeasonNumber>
  <Writer>Josh Bycel</Writer>
  <absolute_number></absolute_number>
  <filename>episodes/167571/2922691.jpg</filename>
  <lastupdated>1332023583</lastupdated>
  <seasonid>329101</seasonid>
  <seriesid>167571</seriesid>
</Episode>
<Episode>
  <id>2922701</id>
  <Combined_episodenumber>9.0</Combined_episodenumber>
  <Combined_season>1</Combined_season>
  <DVD_chapter></DVD_chapter>
  <DVD_discid></DVD_discid>
  <DVD_episodenumber>9.0</DVD_episodenumber>
  <DVD_season>1</DVD_season>
  <Director>Fred Savage</Director>
  <EpImgFlag>2</EpImgFlag>
  <EpisodeName>Your Couples Friends &amp; Neighbors</EpisodeName>
  <EpisodeNumber>3</EpisodeNumber>
  <FirstAired>2011-04-20</FirstAired>
  <GuestStars></GuestStars>
  <IMDB_ID>tt1744094</IMDB_ID>
  <Language>en</Language>
  <Overview>Jane thinks she and Brad should befriend a sophisticated couple; Max and Dave notice that things are disappearing from their apartment; Alex starts dating an artist.
</Overview>
  <ProductionCode></ProductionCode>
  <Rating>7.6</Rating>
  <RatingCount>37</RatingCount>
  <SeasonNumber>1</SeasonNumber>
  <Writer>Josh Bycel</Writer>
  <absolute_number></absolute_number>
  <filename>episodes/167571/2922701.jpg</filename>
  <lastupdated>1332023602</lastupdated>
  <seasonid>329101</seasonid>
  <seriesid>167571</seriesid>
</Episode>
<Episode>
  <id>2922711</id>
  <Combined_episodenumber>8.0</Combined_episodenumber>
  <Combined_season>1</Combined_season>
  <DVD_chapter></DVD_chapter>
  <DVD_discid></DVD_discid>
  <DVD_episodenumber>8.0</DVD_episodenumber>
  <DVD_season>1</DVD_season>
  <Director>Jeffrey Melman</Director>
  <EpImgFlag>2</EpImgFlag>
  <EpisodeName>Mein Coming Out</EpisodeName>
  <EpisodeNumber>4</EpisodeNumber>
  <FirstAired>2011-04-20</FirstAired>
  <GuestStars></GuestStars>
  <IMDB_ID>tt1686360</IMDB_ID>
  <Language>en</Language>
  <Overview>Max's friends encourage him to tell his parents he is gay; Penny meets her perfect man.</Overview>
  <ProductionCode></ProductionCode>
  <Rating>7.5</Rating>
  <RatingCount>34</RatingCount>
  <SeasonNumber>1</SeasonNumber>
  <Writer>Gail Lerner</Writer>
  <absolute_number></absolute_number>
  <filename>episodes/167571/2922711.jpg</filename>
  <lastupdated>1332023629</lastupdated>
  <seasonid>329101</seasonid>
  <seriesid>167571</seriesid>
</Episode>
<Episode>
  <id>2922721</id>
  <Combined_episodenumber>12.0</Combined_episodenumber>
  <Combined_season>1</Combined_season>
  <DVD_chapter></DVD_chapter>
  <DVD_discid></DVD_discid>
  <DVD_episodenumber>12.0</DVD_episodenumber>
  <DVD_season>1</DVD_season>
  <Director>Tristram Shapeero</Director>
  <EpImgFlag>2</EpImgFlag>
  <EpisodeName>Like Father, Like Gun</EpisodeName>
  <EpisodeNumber>5</EpisodeNumber>
  <FirstAired>2011-04-27</FirstAired>
  <GuestStars></GuestStars>
  <IMDB_ID>tt1744096</IMDB_ID>
  <Language>en</Language>
  <Overview>When Brad's dad receives good news on some medical tests, his new view on life is difficult for Brad to accept; Penny meets an attractive Italian, but she can only speak to him when she's drunk.
</Overview>
  <ProductionCode></ProductionCode>
  <Rating>7.6</Rating>
  <RatingCount>28</RatingCount>
  <SeasonNumber>1</SeasonNumber>
  <Writer>|Daniel Libman|Matthew Libman|</Writer>
  <absolute_number></absolute_number>
  <filename>episodes/167571/2922721.jpg</filename>
  <lastupdated>1332023650</lastupdated>
  <seasonid>329101</seasonid>
  <seriesid>167571</seriesid>
</Episode>
<Episode>
  <id>4078024</id>
  <Combined_episodenumber>7.0</Combined_episodenumber>
  <Combined_season>1</Combined_season>
  <DVD_chapter></DVD_chapter>
  <DVD_discid></DVD_discid>
  <DVD_episodenumber>7.0</DVD_episodenumber>
  <DVD_season>1</DVD_season>
  <Director>Troy Miller</Director>
  <EpImgFlag>2</EpImgFlag>
  <EpisodeName>Of Mice &amp; Jazz-Kwon-Do</EpisodeName>
  <EpisodeNumber>6</EpisodeNumber>
  <FirstAired>2011-05-04</FirstAired>
  <GuestStars></GuestStars>
  <IMDB_ID>tt1735595</IMDB_ID>
  <Language>en</Language>
  <Overview>Brad plays matchmaker to a co-worker; Penny regrets inviting Jane to her martial-arts class; Dave helps Alex with odd jobs, leading his friends to think </Overview>
  <ProductionCode></ProductionCode>
  <Rating>7.9</Rating>
  <RatingCount>26</RatingCount>
  <SeasonNumber>1</SeasonNumber>
  <Writer>|Rob Kerkovich|Todd Waldman|</Writer>
  <absolute_number></absolute_number>
  <filename>episodes/167571/4078024.jpg</filename>
  <lastupdated>1332023670</lastupdated>
  <seasonid>329101</seasonid>
  <seriesid>167571</seriesid>
</Episode>
<Episode>
  <id>4078025</id>
  <Combined_episodenumber>4.0</Combined_episodenumber>
  <Combined_season>1</Combined_season>
  <DVD_chapter></DVD_chapter>
  <DVD_discid></DVD_discid>
  <DVD_episodenumber>4.0</DVD_episodenumber>
  <DVD_season>1</DVD_season>
  <Director>Randall Einhorn</Director>
  <EpImgFlag>2</EpImgFlag>
  <EpisodeName>Dave of the Dead</EpisodeName>
  <EpisodeNumber>7</EpisodeNumber>
  <FirstAired>2011-05-04</FirstAired>
  <GuestStars></GuestStars>
  <IMDB_ID>tt1749873</IMDB_ID>
  <Language>en</Language>
  <Overview>Dave shocks everyone by quitting his job and plans to open a restaurant; Jane and Max face off in silly challenges; Penny is exhausted by trying to keep up with her new boyfriend's friends.</Overview>
  <ProductionCode></ProductionCode>
  <Rating>7.7</Rating>
  <RatingCount>23</RatingCount>
  <SeasonNumber>1</SeasonNumber>
  <Writer>Leila Strachan</Writer>
  <absolute_number></absolute_number>
  <filename>episodes/167571/4078025.jpg</filename>
  <lastupdated>1332023689</lastupdated>
  <seasonid>329101</seasonid>
  <seriesid>167571</seriesid>
</Episode>
<Episode>
  <id>4093026</id>
  <Combined_episodenumber>11.0</Combined_episodenumber>
  <Combined_season>1</Combined_season>
  <DVD_chapter></DVD_chapter>
  <DVD_discid></DVD_discid>
  <DVD_episodenumber>11.0</DVD_episodenumber>
  <DVD_season>1</DVD_season>
  <Director>Jay Chandrasekhar</Director>
  <EpImgFlag>2</EpImgFlag>
  <EpisodeName>The Girl With the David Tattoo</EpisodeName>
  <EpisodeNumber>8</EpisodeNumber>
  <FirstAired>2011-05-11</FirstAired>
  <GuestStars></GuestStars>
  <IMDB_ID>tt1771318</IMDB_ID>
  <Language>en</Language>
  <Overview>Former couple Dave and Alex regret their couples tattoos; Jane feels Max is missing Mr. Right. </Overview>
  <ProductionCode></ProductionCode>
  <Rating>7.5</Rating>
  <RatingCount>26</RatingCount>
  <SeasonNumber>1</SeasonNumber>
  <Writer>Prentice Penny</Writer>
  <absolute_number></absolute_number>
  <filename>episodes/167571/4093026.jpg</filename>
  <lastupdated>1332023711</lastupdated>
  <seasonid>329101</seasonid>
  <seriesid>167571</seriesid>
</Episode>
<Episode>
  <id>4093027</id>
  <Combined_episodenumber>10.0</Combined_episodenumber>
  <Combined_season>1</Combined_season>
  <DVD_chapter></DVD_chapter>
  <DVD_discid></DVD_discid>
  <DVD_episodenumber>10.0</DVD_episodenumber>
  <DVD_season>1</DVD_season>
  <Director>Matt Shakman</Director>
  <EpImgFlag>2</EpImgFlag>
  <EpisodeName>You've Got Male</EpisodeName>
  <EpisodeNumber>9</EpisodeNumber>
  <FirstAired>2011-05-11</FirstAired>
  <GuestStars></GuestStars>
  <IMDB_ID>tt1771319</IMDB_ID>
  <Language>en</Language>
  <Overview>A big chain coffee store becomes Alex's competition; Dave runs into his high school teacher. </Overview>
  <ProductionCode></ProductionCode>
  <Rating>7.2</Rating>
  <RatingCount>29</RatingCount>
  <SeasonNumber>1</SeasonNumber>
  <Writer>Leila Strachan</Writer>
  <absolute_number></absolute_number>
  <filename>episodes/167571/4093027.jpg</filename>
  <lastupdated>1332023726</lastupdated>
  <seasonid>329101</seasonid>
  <seriesid>167571</seriesid>
</Episode>
<Episode>
  <id>4093028</id>
  <Combined_episodenumber>2.0</Combined_episodenumber>
  <Combined_season>1</Combined_season>
  <DVD_chapter></DVD_chapter>
  <DVD_discid></DVD_discid>
  <DVD_episodenumber>2.0</DVD_episodenumber>
  <DVD_season>1</DVD_season>
  <Director>Joe Russo</Director>
  <EpImgFlag>2</EpImgFlag>
  <EpisodeName>Bo Fight</EpisodeName>
  <EpisodeNumber>10</EpisodeNumber>
  <FirstAired>2011-05-18</FirstAired>
  <GuestStars></GuestStars>
  <IMDB_ID>tt1788664</IMDB_ID>
  <Language>en</Language>
  <Overview>Alex's string of &quot;girls' nights out&quot; doesn't sit well with Penny; Max pushes Dave to get even.</Overview>
  <ProductionCode></ProductionCode>
  <Rating>7.8</Rating>
  <RatingCount>21</RatingCount>
  <SeasonNumber>1</SeasonNumber>
  <Writer>David Caspe</Writer>
  <absolute_number></absolute_number>
  <filename>episodes/167571/4093028.jpg</filename>
  <lastupdated>1332023757</lastupdated>
  <seasonid>329101</seasonid>
  <seriesid>167571</seriesid>
</Episode>
<Episode>
  <id>4093029</id>
  <Combined_episodenumber>3.0</Combined_episodenumber>
  <Combined_season>1</Combined_season>
  <DVD_chapter></DVD_chapter>
  <DVD_discid></DVD_discid>
  <DVD_episodenumber>3.0</DVD_episodenumber>
  <DVD_season>1</DVD_season>
  <Director>Anthony Russo</Director>
  <EpImgFlag>2</EpImgFlag>
  <EpisodeName>Barefoot Pedaler</EpisodeName>
  <EpisodeNumber>11</EpisodeNumber>
  <FirstAired>2011-05-18</FirstAired>
  <GuestStars></GuestStars>
  <IMDB_ID>tt1771320</IMDB_ID>
  <Language>en</Language>
  <Overview>A concert outing goes awry. </Overview>
  <ProductionCode></ProductionCode>
  <Rating>7.6</Rating>
  <RatingCount>22</RatingCount>
  <SeasonNumber>1</SeasonNumber>
  <Writer>Gail Lerner</Writer>
  <absolute_number></absolute_number>
  <filename>episodes/167571/4093029.jpg</filename>
  <lastupdated>1332023778</lastupdated>
  <seasonid>329101</seasonid>
  <seriesid>167571</seriesid>
</Episode>
<Episode>
  <id>4083930</id>
  <Combined_episodenumber>13.0</Combined_episodenumber>
  <Combined_season>1</Combined_season>
  <DVD_chapter></DVD_chapter>
  <DVD_discid></DVD_discid>
  <DVD_episodenumber>13.0</DVD_episodenumber>
  <DVD_season>1</DVD_season>
  <Director>Lee Shallat Chemel</Director>
  <EpImgFlag>2</EpImgFlag>
  <EpisodeName>The Shershow Redemption</EpisodeName>
  <EpisodeNumber>12</EpisodeNumber>
  <FirstAired>2011-05-25</FirstAired>
  <GuestStars></GuestStars>
  <IMDB_ID>tt1744095</IMDB_ID>
  <Language>en</Language>
  <Overview>An old friend gets married, and the bride thinks Alex is a jinx; Penny and Derrick pretend to be engaged. </Overview>
  <ProductionCode></ProductionCode>
  <Rating>7.8</Rating>
  <RatingCount>25</RatingCount>
  <SeasonNumber>1</SeasonNumber>
  <Writer>|Todd Linden|Sierra Teller Ornelas|Stephen Basilone|Annie Mebane|</Writer>
  <absolute_number></absolute_number>
  <filename>episodes/167571/4083930.jpg</filename>
  <lastupdated>1332023791</lastupdated>
  <seasonid>329101</seasonid>
  <seriesid>167571</seriesid>
</Episode>
<Episode>
  <id>4135046</id>
  <Combined_episodenumber>6.0</Combined_episodenumber>
  <Combined_season>1</Combined_season>
  <DVD_chapter></DVD_chapter>
  <DVD_discid></DVD_discid>
  <DVD_episodenumber>6.0</DVD_episodenumber>
  <DVD_season>1</DVD_season>
  <Director>Lee Shallat Chemel</Director>
  <EpImgFlag>2</EpImgFlag>
  <EpisodeName>Why Can't You Read Me?</EpisodeName>
  <EpisodeNumber>13</EpisodeNumber>
  <FirstAired>2011-08-24</FirstAired>
  <GuestStars></GuestStars>
  <IMDB_ID>tt1788665</IMDB_ID>
  <Language>en</Language>
  <Overview>Alex and Jane's sibling rivalry heats up; Dave dates an attractive woman (Bre Blair) with an unusual quirk; Penny gets an assistant</Overview>
  <ProductionCode></ProductionCode>
  <Rating>7.9</Rating>
  <RatingCount>16</RatingCount>
  <SeasonNumber>1</SeasonNumber>
  <Writer>Prentice Penny</Writer>
  <absolute_number></absolute_number>
  <filename>episodes/167571/4135046.jpg</filename>
  <lastupdated>1332023803</lastupdated>
  <seasonid>329101</seasonid>
  <seriesid>167571</seriesid>
</Episode>
<Episode>
  <id>4122131</id>
  <Combined_episodenumber>1</Combined_episodenumber>
  <Combined_season>2</Combined_season>
  <DVD_chapter></DVD_chapter>
  <DVD_discid></DVD_discid>
  <DVD_episodenumber></DVD_episodenumber>
  <DVD_season></DVD_season>
  <Director></Director>
  <EpImgFlag>2</EpImgFlag>
  <EpisodeName>Blax, Snake, Home</EpisodeName>
  <EpisodeNumber>1</EpisodeNumber>
  <FirstAired>2011-09-28</FirstAired>
  <GuestStars></GuestStars>
  <IMDB_ID></IMDB_ID>
  <Language>en</Language>
  <Overview>Penny buys her first home, an &quot;amah-zing&quot; condo complete with a wine fridge and Italian marble. But will the new digs really signal &quot;the year of Penny&quot; and turn her life around? And, on the year anniversary of their almost-marriage, Jane encourages Alex and Dave to finally be honest with each other -- not the best of ideas.</Overview>
  <ProductionCode></ProductionCode>
  <Rating>7.3</Rating>
  <RatingCount>24</RatingCount>
  <SeasonNumber>2</SeasonNumber>
  <Writer></Writer>
  <absolute_number>14</absolute_number>
  <filename>episodes/167571/4122131.jpg</filename>
  <lastupdated>1332884099</lastupdated>
  <seasonid>468648</seasonid>
  <seriesid>167571</seriesid>
</Episode>
<Episode>
  <id>4179579</id>
  <Combined_episodenumber>2</Combined_episodenumber>
  <Combined_season>2</Combined_season>
  <DVD_chapter></DVD_chapter>
  <DVD_discid></DVD_discid>
  <DVD_episodenumber></DVD_episodenumber>
  <DVD_season></DVD_season>
  <Director></Director>
  <EpImgFlag>2</EpImgFlag>
  <EpisodeName>Baby Steps</EpisodeName>
  <EpisodeNumber>2</EpisodeNumber>
  <FirstAired>2011-10-05</FirstAired>
  <GuestStars></GuestStars>
  <IMDB_ID></IMDB_ID>
  <Language>en</Language>
  <Overview>Alex's new T-shirts intended for children end up being a hit with with teenagers; Jane searches for the child she believes was conceived from an egg she donated years ago</Overview>
  <ProductionCode></ProductionCode>
  <Rating>7.4</Rating>
  <RatingCount>21</RatingCount>
  <SeasonNumber>2</SeasonNumber>
  <Writer></Writer>
  <absolute_number></absolute_number>
  <filename>episodes/167571/4179579.jpg</filename>
  <lastupdated>1332884139</lastupdated>
  <seasonid>468648</seasonid>
  <seriesid>167571</seriesid>
</Episode>
<Episode>
  <id>4183541</id>
  <Combined_episodenumber>3</Combined_episodenumber>
  <Combined_season>2</Combined_season>
  <DVD_chapter></DVD_chapter>
  <DVD_discid></DVD_discid>
  <DVD_episodenumber></DVD_episodenumber>
  <DVD_season></DVD_season>
  <Director></Director>
  <EpImgFlag>2</EpImgFlag>
  <EpisodeName>Yesandwitch</EpisodeName>
  <EpisodeNumber>3</EpisodeNumber>
  <FirstAired>2011-10-12</FirstAired>
  <GuestStars></GuestStars>
  <IMDB_ID></IMDB_ID>
  <Language>en</Language>
  <Overview>Penny's mom who's always enthusiastic and confident about the future is in town. The gang finds her high spirits contagious but Penny finds out things aren't as rosy as mom is making them out to be.</Overview>
  <ProductionCode></ProductionCode>
  <Rating>7.1</Rating>
  <RatingCount>25</RatingCount>
  <SeasonNumber>2</SeasonNumber>
  <Writer></Writer>
  <absolute_number></absolute_number>
  <filename>episodes/167571/4183541.jpg</filename>
  <lastupdated>1332884153</lastupdated>
  <seasonid>468648</seasonid>
  <seriesid>167571</seriesid>
</Episode>
<Episode>
  <id>4183543</id>
  <Combined_episodenumber>4</Combined_episodenumber>
  <Combined_season>2</Combined_season>
  <DVD_chapter></DVD_chapter>
  <DVD_discid></DVD_discid>
  <DVD_episodenumber></DVD_episodenumber>
  <DVD_season></DVD_season>
  <Director></Director>
  <EpImgFlag>2</EpImgFlag>
  <EpisodeName>Secrets and Limos</EpisodeName>
  <EpisodeNumber>4</EpisodeNumber>
  <FirstAired>2011-10-19</FirstAired>
  <GuestStars></GuestStars>
  <IMDB_ID></IMDB_ID>
  <Language>en</Language>
  <Overview>Jane decides everyone should make a vision board so they can all achieve their dreams. Brad finds it hard to relate to his stern boss until the guy sees Max's limo. Dave is hesitant for the gang to meet his new girlfriend. </Overview>
  <ProductionCode></ProductionCode>
  <Rating>7.6</Rating>
  <RatingCount>26</RatingCount>
  <SeasonNumber>2</SeasonNumber>
  <Writer></Writer>
  <absolute_number></absolute_number>
  <filename>episodes/167571/4183543.jpg</filename>
  <lastupdated>1332884166</lastupdated>
  <seasonid>468648</seasonid>
  <seriesid>167571</seriesid>
</Episode>
<Episode>
  <id>4191342</id>
  <Combined_episodenumber>5</Combined_episodenumber>
  <Combined_season>2</Combined_season>
  <DVD_chapter></DVD_chapter>
  <DVD_discid></DVD_discid>
  <DVD_episodenumber></DVD_episodenumber>
  <DVD_season></DVD_season>
  <Director></Director>
  <EpImgFlag>2</EpImgFlag>
  <EpisodeName>Spooky Endings</EpisodeName>
  <EpisodeNumber>5</EpisodeNumber>
  <FirstAired>2011-10-26</FirstAired>
  <GuestStars></GuestStars>
  <IMDB_ID></IMDB_ID>
  <Language>en</Language>
  <Overview>While Brad and Jane are house-sitting in the suburbs, the rest of the gang attends a warehouse party.</Overview>
  <ProductionCode></ProductionCode>
  <Rating>7.9</Rating>
  <RatingCount>20</RatingCount>
  <SeasonNumber>2</SeasonNumber>
  <Writer></Writer>
  <absolute_number></absolute_number>
  <filename>episodes/167571/4191342.jpg</filename>
  <lastupdated>1332884177</lastupdated>
  <seasonid>468648</seasonid>
  <seriesid>167571</seriesid>
</Episode>
<Episode>
  <id>4191343</id>
  <Combined_episodenumber>6</Combined_episodenumber>
  <Combined_season>2</Combined_season>
  <DVD_chapter></DVD_chapter>
  <DVD_discid></DVD_discid>
  <DVD_episodenumber></DVD_episodenumber>
  <DVD_season></DVD_season>
  <Director>Fred Savage</Director>
  <EpImgFlag>2</EpImgFlag>
  <EpisodeName>Lying Around</EpisodeName>
  <EpisodeNumber>6</EpisodeNumber>
  <FirstAired>2011-11-02</FirstAired>
  <GuestStars>Josh Casaubon</GuestStars>
  <IMDB_ID></IMDB_ID>
  <Language>en</Language>
  <Overview>Brad discovers that Jane's old sorority sister is coming for a visit, so he lies and says he has a work retreat out of town, when he's actually on &quot;staycation&quot; in a fancy hotel in the city; Alex meets a new guy, Liam, but the dates he takes her on are a bit over-the-top; and Max and Dave make a commercial to promote the &quot;Steak Me Home Tonight&quot; food truck. </Overview>
  <ProductionCode>206</ProductionCode>
  <Rating>7.5</Rating>
  <RatingCount>21</RatingCount>
  <SeasonNumber>2</SeasonNumber>
  <Writer>Prentice Penny</Writer>
  <absolute_number></absolute_number>
  <filename>episodes/167571/4191343.jpg</filename>
  <lastupdated>1332884187</lastupdated>
  <seasonid>468648</seasonid>
  <seriesid>167571</seriesid>
</Episode>
<Episode>
  <id>4197896</id>
  <Combined_episodenumber>7</Combined_episodenumber>
  <Combined_season>2</Combined_season>
  <DVD_chapter></DVD_chapter>
  <DVD_discid></DVD_discid>
  <DVD_episodenumber></DVD_episodenumber>
  <DVD_season></DVD_season>
  <Director></Director>
  <EpImgFlag>2</EpImgFlag>
  <EpisodeName>The Code War</EpisodeName>
  <EpisodeNumber>7</EpisodeNumber>
  <FirstAired>2011-11-16</FirstAired>
  <GuestStars></GuestStars>
  <IMDB_ID></IMDB_ID>
  <Language>en</Language>
  <Overview>Angie, Max’s high school girlfriend whom he dated before he figured out he was gay, moves back to town, and her arrival affects everyone: Penny is jealous of her (and then goes overboard befriending her); Alex develops her odd crush on Max; but the strangest reaction of all is from Max, who declares a “code war” when Dave and Angie date. Meanwhile, when Jane finds out Brad has a “work wife,” she decides to get herself a “work husband” and sets her sights on the slightly unhinged head of Human Resources.</Overview>
  <ProductionCode></ProductionCode>
  <Rating>7.8</Rating>
  <RatingCount>21</RatingCount>
  <SeasonNumber>2</SeasonNumber>
  <Writer></Writer>
  <absolute_number></absolute_number>
  <filename>episodes/167571/4197896.jpg</filename>
  <lastupdated>1332884198</lastupdated>
  <seasonid>468648</seasonid>
  <seriesid>167571</seriesid>
</Episode>
<Episode>
  <id>4197897</id>
  <Combined_episodenumber>8</Combined_episodenumber>
  <Combined_season>2</Combined_season>
  <DVD_chapter></DVD_chapter>
  <DVD_discid></DVD_discid>
  <DVD_episodenumber></DVD_episodenumber>
  <DVD_season></DVD_season>
  <Director></Director>
  <EpImgFlag>2</EpImgFlag>
  <EpisodeName>Full Court Dress</EpisodeName>
  <EpisodeNumber>8</EpisodeNumber>
  <FirstAired>2011-11-23</FirstAired>
  <GuestStars></GuestStars>
  <IMDB_ID></IMDB_ID>
  <Language>en</Language>
  <Overview>Jane needs a dress to wear to her charity event, but she's a little leery when Alex offers to design one for her; Penny helps a panicked Max babysit his niece and nephew; and Dave and Brad's new friendship with their oddball mailman, Drew, isn't quite what they had hoped for.</Overview>
  <ProductionCode></ProductionCode>
  <Rating>7.6</Rating>
  <RatingCount>22</RatingCount>
  <SeasonNumber>2</SeasonNumber>
  <Writer></Writer>
  <absolute_number></absolute_number>
  <filename>episodes/167571/4197897.jpg</filename>
  <lastupdated>1332884208</lastupdated>
  <seasonid>468648</seasonid>
  <seriesid>167571</seriesid>
</Episode>
<Episode>
  <id>4204807</id>
  <Combined_episodenumber>9</Combined_episodenumber>
  <Combined_season>2</Combined_season>
  <DVD_chapter></DVD_chapter>
  <DVD_discid></DVD_discid>
  <DVD_episodenumber></DVD_episodenumber>
  <DVD_season></DVD_season>
  <Director></Director>
  <EpImgFlag>2</EpImgFlag>
  <EpisodeName>Grinches Be Crazy</EpisodeName>
  <EpisodeNumber>9</EpisodeNumber>
  <FirstAired>2011-12-07</FirstAired>
  <GuestStars></GuestStars>
  <IMDB_ID></IMDB_ID>
  <Language>en</Language>
  <Overview>Max, desperate for cash, agrees to dress up as Santa for Penny's charity event; Jane accidently gives housekeeper Gita the envelope stuffed with money for their big Xmas getaway to Turks &amp; Caicos, instead of the $200 Christmas tip she had planned -- and she schemes to get the cash back.</Overview>
  <ProductionCode></ProductionCode>
  <Rating>7.8</Rating>
  <RatingCount>20</RatingCount>
  <SeasonNumber>2</SeasonNumber>
  <Writer></Writer>
  <absolute_number></absolute_number>
  <filename>episodes/167571/4204807.jpg</filename>
  <lastupdated>1332884218</lastupdated>
  <seasonid>468648</seasonid>
  <seriesid>167571</seriesid>
</Episode>
<Episode>
  <id>4204808</id>
  <Combined_episodenumber>10</Combined_episodenumber>
  <Combined_season>2</Combined_season>
  <DVD_chapter></DVD_chapter>
  <DVD_discid></DVD_discid>
  <DVD_episodenumber></DVD_episodenumber>
  <DVD_season></DVD_season>
  <Director></Director>
  <EpImgFlag>2</EpImgFlag>
  <EpisodeName>The Shrink, the Dare, Her Date and Her Brother</EpisodeName>
  <EpisodeNumber>10</EpisodeNumber>
  <FirstAired>2012-01-04</FirstAired>
  <GuestStars></GuestStars>
  <IMDB_ID></IMDB_ID>
  <Language>en</Language>
  <Overview>Dave has a surprising reaction when his shrink (Ken Marino) starts dating Penny; Max and Jane's fight over a sweater leads to a strange competition; Alex and Brad bond when they discover a shared interest.  </Overview>
  <ProductionCode></ProductionCode>
  <Rating>7.4</Rating>
  <RatingCount>22</RatingCount>
  <SeasonNumber>2</SeasonNumber>
  <Writer></Writer>
  <absolute_number></absolute_number>
  <filename>episodes/167571/4204808.jpg</filename>
  <lastupdated>1332884227</lastupdated>
  <seasonid>468648</seasonid>
  <seriesid>167571</seriesid>
</Episode>
<Episode>
  <id>4204809</id>
  <Combined_episodenumber>11</Combined_episodenumber>
  <Combined_season>2</Combined_season>
  <DVD_chapter></DVD_chapter>
  <DVD_discid></DVD_discid>
  <DVD_episodenumber></DVD_episodenumber>
  <DVD_season></DVD_season>
  <Director></Director>
  <EpImgFlag>2</EpImgFlag>
  <EpisodeName>Meet the Parrots</EpisodeName>
  <EpisodeNumber>11</EpisodeNumber>
  <FirstAired>2012-01-11</FirstAired>
  <GuestStars>Michael McKean | Megan Mullally</GuestStars>
  <IMDB_ID></IMDB_ID>
  <Language>en</Language>
  <Overview>Dave's father, &quot;Big&quot; Dave, comes to town to introduce his new girlfriend, who shockingly happens to be Penny's mother, Dana. Penny couldn't be more thrilled that her thrice divorced mother has a new man in her life, but Dave on the other hand reacts childishly to the news. Meanwhile Alex, who is feeling lonely at the shop, decides to adopt an adorable parrot that turns out to be not so charming, spewing nonstop racist and homophobic rhetoric. And Alex enlists Brad and Max's help, as she is convinced the Chinese restaurant next door is a front for a brothel.</Overview>
  <ProductionCode></ProductionCode>
  <Rating>7.2</Rating>
  <RatingCount>21</RatingCount>
  <SeasonNumber>2</SeasonNumber>
  <Writer></Writer>
  <absolute_number></absolute_number>
  <filename>episodes/167571/4204809.jpg</filename>
  <lastupdated>1332884238</lastupdated>
  <seasonid>468648</seasonid>
  <seriesid>167571</seriesid>
</Episode>
<Episode>
  <id>4204810</id>
  <Combined_episodenumber>12</Combined_episodenumber>
  <Combined_season>2</Combined_season>
  <DVD_chapter></DVD_chapter>
  <DVD_discid></DVD_discid>
  <DVD_episodenumber></DVD_episodenumber>
  <DVD_season></DVD_season>
  <Director></Director>
  <EpImgFlag>2</EpImgFlag>
  <EpisodeName>Makin' Changes</EpisodeName>
  <EpisodeNumber>12</EpisodeNumber>
  <FirstAired>2012-01-18</FirstAired>
  <GuestStars></GuestStars>
  <IMDB_ID></IMDB_ID>
  <Language>en</Language>
  <Overview>Jane encourages Penny to find a man and then change him to suit her expectations.
Alex stages an intervention after accusing Dave of being addicted to wearing V-neck shirts. </Overview>
  <ProductionCode></ProductionCode>
  <Rating>7.7</Rating>
  <RatingCount>20</RatingCount>
  <SeasonNumber>2</SeasonNumber>
  <Writer></Writer>
  <absolute_number></absolute_number>
  <filename>episodes/167571/4204810.jpg</filename>
  <lastupdated>1332884248</lastupdated>
  <seasonid>468648</seasonid>
  <seriesid>167571</seriesid>
</Episode>
<Episode>
  <id>4255376</id>
  <Combined_episodenumber>13</Combined_episodenumber>
  <Combined_season>2</Combined_season>
  <DVD_chapter></DVD_chapter>
  <DVD_discid></DVD_discid>
  <DVD_episodenumber></DVD_episodenumber>
  <DVD_season></DVD_season>
  <Director>Joe Russo</Director>
  <EpImgFlag>2</EpImgFlag>
  <EpisodeName>The St. Valentine's Day Maxssacre</EpisodeName>
  <EpisodeNumber>13</EpisodeNumber>
  <FirstAired>2012-02-08</FirstAired>
  <GuestStars>James Wolk</GuestStars>
  <IMDB_ID></IMDB_ID>
  <Language>en</Language>
  <Overview>The road to romance is rocky for the gang, as Penny has a new boyfriend she wants to dump; Dave is afraid his new girlfriend is about to dump him; Alex, an expert on all things Valentine's, goes looking for a party in the sketchy part of town; and Brad's hopes for a perfect night out for Jane are dashed when a dental appointment goes terribly wrong. But they don't have anything on Max, who picks up a couple with his limo only to find that one of the passengers is Grant (guest star James Wolk), the boyfriend he broke up with a year ago — on Valentine's Day.</Overview>
  <ProductionCode>213</ProductionCode>
  <Rating>7.2</Rating>
  <RatingCount>18</RatingCount>
  <SeasonNumber>2</SeasonNumber>
  <Writer>|Daniel Libman|Matthew Libman|</Writer>
  <absolute_number></absolute_number>
  <filename>episodes/167571/4255376.jpg</filename>
  <lastupdated>1332884258</lastupdated>
  <seasonid>468648</seasonid>
  <seriesid>167571</seriesid>
</Episode>
<Episode>
  <id>4255378</id>
  <Combined_episodenumber>14</Combined_episodenumber>
  <Combined_season>2</Combined_season>
  <DVD_chapter></DVD_chapter>
  <DVD_discid></DVD_discid>
  <DVD_episodenumber></DVD_episodenumber>
  <DVD_season></DVD_season>
  <Director>Kyle Newacheck</Director>
  <EpImgFlag>2</EpImgFlag>
  <EpisodeName>Everybody Loves Grant</EpisodeName>
  <EpisodeNumber>14</EpisodeNumber>
  <FirstAired>2012-02-15</FirstAired>
  <GuestStars>James Wolk</GuestStars>
  <IMDB_ID></IMDB_ID>
  <Language>en</Language>
  <Overview>When the whole gang, with the exception of Dave, falls in love with Grant (guest star James Wolk), Max wonders if he really is good enough to date the &quot;perfect&quot; guy. Meanwhile, Dave sets out to prove he's way cooler than Max's new boyfriend.</Overview>
  <ProductionCode>214</ProductionCode>
  <Rating>7.4</Rating>
  <RatingCount>16</RatingCount>
  <SeasonNumber>2</SeasonNumber>
  <Writer>Leila Strachan</Writer>
  <absolute_number></absolute_number>
  <filename>episodes/167571/4255378.jpg</filename>
  <lastupdated>1332884268</lastupdated>
  <seasonid>468648</seasonid>
  <seriesid>167571</seriesid>
</Episode>
<Episode>
  <id>4257281</id>
  <Combined_episodenumber>15</Combined_episodenumber>
  <Combined_season>2</Combined_season>
  <DVD_chapter></DVD_chapter>
  <DVD_discid></DVD_discid>
  <DVD_episodenumber></DVD_episodenumber>
  <DVD_season></DVD_season>
  <Director>Victor Nelli</Director>
  <EpImgFlag>2</EpImgFlag>
  <EpisodeName>The Butterfly Effect Effect</EpisodeName>
  <EpisodeNumber>15</EpisodeNumber>
  <FirstAired>2012-02-22</FirstAired>
  <GuestStars></GuestStars>
  <IMDB_ID></IMDB_ID>
  <Language>en</Language>
  <Overview>Some people wait for the groundhog to signal the end of winter. Instead, the friends wait for Brad and Jane's annual &quot;spring smackdown,&quot; their yearly blowout of a domestic squabble, to let them know when Max will come out of hibernation and when winter will end.</Overview>
  <ProductionCode>215</ProductionCode>
  <Rating>7.5</Rating>
  <RatingCount>17</RatingCount>
  <SeasonNumber>2</SeasonNumber>
  <Writer>|Jonathan Groff|Sierra Teller Ornelas|</Writer>
  <absolute_number></absolute_number>
  <filename>episodes/167571/4257281.jpg</filename>
  <lastupdated>1332884279</lastupdated>
  <seasonid>468648</seasonid>
  <seriesid>167571</seriesid>
</Episode>
<Episode>
  <id>4258915</id>
  <Combined_episodenumber>16</Combined_episodenumber>
  <Combined_season>2</Combined_season>
  <DVD_chapter></DVD_chapter>
  <DVD_discid></DVD_discid>
  <DVD_episodenumber></DVD_episodenumber>
  <DVD_season></DVD_season>
  <Director></Director>
  <EpImgFlag>2</EpImgFlag>
  <EpisodeName>Cocktails &amp; Dreams</EpisodeName>
  <EpisodeNumber>16</EpisodeNumber>
  <FirstAired>2012-02-29</FirstAired>
  <GuestStars>|Colin Hanks|Paul Scheer|</GuestStars>
  <IMDB_ID></IMDB_ID>
  <Language>en</Language>
  <Overview>Dave gets a liquor license for his food truck, making it a new hot spot; the gang avoids Dave because his signature drink gives them sex dreams about him.</Overview>
  <ProductionCode>216</ProductionCode>
  <Rating>7.7</Rating>
  <RatingCount>16</RatingCount>
  <SeasonNumber>2</SeasonNumber>
  <Writer></Writer>
  <absolute_number></absolute_number>
  <filename>episodes/167571/4258915.jpg</filename>
  <lastupdated>1332884289</lastupdated>
  <seasonid>468648</seasonid>
  <seriesid>167571</seriesid>
</Episode>
<Episode>
  <id>4278340</id>
  <Combined_episodenumber>17</Combined_episodenumber>
  <Combined_season>2</Combined_season>
  <DVD_chapter></DVD_chapter>
  <DVD_discid></DVD_discid>
  <DVD_episodenumber></DVD_episodenumber>
  <DVD_season></DVD_season>
  <Director>Steven Sprung</Director>
  <EpImgFlag>2</EpImgFlag>
  <EpisodeName>The Kerkovich Way</EpisodeName>
  <EpisodeNumber>17</EpisodeNumber>
  <FirstAired>2012-03-07</FirstAired>
  <GuestStars>|Morgan Walsh|Brice Williams|</GuestStars>
  <IMDB_ID></IMDB_ID>
  <Language>en</Language>
  <Overview>A panicked Alex enlists Jane's help in convincing Dave that something he's certain happened never did using &quot;The Kerkovich Way,&quot; an ancient Serbian memory-wiping technique passed down through the Kerkovich clan. Meanwhile, Penny and Max are determined to finally beat an annoyingly perfect couple (Morgan Walsh and Brice Williams) in the annual Rosalita's Run and Scavenger Hunt.</Overview>
  <ProductionCode></ProductionCode>
  <Rating>7.7</Rating>
  <RatingCount>15</RatingCount>
  <SeasonNumber>2</SeasonNumber>
  <Writer>Todd Linden</Writer>
  <absolute_number></absolute_number>
  <filename>episodes/167571/4278340.jpg</filename>
  <lastupdated>1332884299</lastupdated>
  <seasonid>468648</seasonid>
  <seriesid>167571</seriesid>
</Episode>
<Episode>
  <id>4278341</id>
  <Combined_episodenumber>18</Combined_episodenumber>
  <Combined_season>2</Combined_season>
  <DVD_chapter></DVD_chapter>
  <DVD_discid></DVD_discid>
  <DVD_episodenumber></DVD_episodenumber>
  <DVD_season></DVD_season>
  <Director>Fred Goss</Director>
  <EpImgFlag>2</EpImgFlag>
  <EpisodeName>Party of Six</EpisodeName>
  <EpisodeNumber>18</EpisodeNumber>
  <FirstAired>2012-03-14</FirstAired>
  <GuestStars>Mikaela Hoover</GuestStars>
  <IMDB_ID></IMDB_ID>
  <Language>en</Language>
  <Overview>So many bad things have happened every time the friends celebrate Penny's birthday, they're wondering if her special day might be cursed. They set out to find a restaurant where they can celebrate, where one of them hasn't been banned or where someone won't run into an ex -- something that's almost impossible. Mikaela Hoover reprises the role of Jackie, Dave's underage girlfriend, from the &quot;Happy Endings&quot; pilot.</Overview>
  <ProductionCode>219</ProductionCode>
  <Rating>7.1</Rating>
  <RatingCount>13</RatingCount>
  <SeasonNumber>2</SeasonNumber>
  <Writer>|Lon Zimmet|Dan Rubin|</Writer>
  <absolute_number></absolute_number>
  <filename>episodes/167571/4278341.jpg</filename>
  <lastupdated>1332884314</lastupdated>
  <seasonid>468648</seasonid>
  <seriesid>167571</seriesid>
</Episode>
<Episode>
  <id>4278342</id>
  <Combined_episodenumber>19</Combined_episodenumber>
  <Combined_season>2</Combined_season>
  <DVD_chapter></DVD_chapter>
  <DVD_discid></DVD_discid>
  <DVD_episodenumber></DVD_episodenumber>
  <DVD_season></DVD_season>
  <Director>Jay Chandrasekhar</Director>
  <EpImgFlag>2</EpImgFlag>
  <EpisodeName>You Snooze, You Bruise</EpisodeName>
  <EpisodeNumber>19</EpisodeNumber>
  <FirstAired>2012-03-21</FirstAired>
  <GuestStars>Bobby Moynihan</GuestStars>
  <IMDB_ID></IMDB_ID>
  <Language>en</Language>
  <Overview>Dave finds himself bullied at the gym by Corey (Bobby Moynihan), and former bully Alex coaches him on how to fight back. Meanwhile, the residents at Brad and Jane's condo are fed up with Jane being too controlling as president of their home owners' association, and rise up to challenge her for the job. But when Penny tells Jane to &quot;sleep on it&quot; before she does anything rash, her advice results in an all-new, suddenly chill Jane.</Overview>
  <ProductionCode>218</ProductionCode>
  <Rating>7.7</Rating>
  <RatingCount>12</RatingCount>
  <SeasonNumber>2</SeasonNumber>
  <Writer>Leila Strachan</Writer>
  <absolute_number></absolute_number>
  <filename>episodes/167571/4278342.jpg</filename>
  <lastupdated>1332884323</lastupdated>
  <seasonid>468648</seasonid>
  <seriesid>167571</seriesid>
</Episode>
<Episode>
  <id>4292475</id>
  <Combined_episodenumber>20</Combined_episodenumber>
  <Combined_season>2</Combined_season>
  <DVD_chapter></DVD_chapter>
  <DVD_discid></DVD_discid>
  <DVD_episodenumber></DVD_episodenumber>
  <DVD_season></DVD_season>
  <Director></Director>
  <EpImgFlag>2</EpImgFlag>
  <EpisodeName>Big White Lies</EpisodeName>
  <EpisodeNumber>20</EpisodeNumber>
  <FirstAired>2012-03-28</FirstAired>
  <GuestStars></GuestStars>
  <IMDB_ID></IMDB_ID>
  <Language>en</Language>
  <Overview>What starts out a white lie on Penny's part to avoid an annoying childhood friend snowballs out of control as the whole gang is caught up: Jane fakes a pregnancy, Dave pretends he's terminally ill and Alex fakes a change in sexual orientation. Meanwhile, Max and Dave's lonely landlord, jealous of their active love lives, looks for ways to evict them -- until he takes a shine to Alex.</Overview>
  <ProductionCode></ProductionCode>
  <Rating>7.5</Rating>
  <RatingCount>10</RatingCount>
  <SeasonNumber>2</SeasonNumber>
  <Writer></Writer>
  <absolute_number></absolute_number>
  <filename>episodes/167571/4292475.jpg</filename>
  <lastupdated>1332988552</lastupdated>
  <seasonid>468648</seasonid>
  <seriesid>167571</seriesid>
</Episode>
<Episode>
  <id>4293739</id>
  <Combined_episodenumber>21</Combined_episodenumber>
  <Combined_season>2</Combined_season>
  <DVD_chapter></DVD_chapter>
  <DVD_discid></DVD_discid>
  <DVD_episodenumber></DVD_episodenumber>
  <DVD_season></DVD_season>
  <Director></Director>
  <EpImgFlag>2</EpImgFlag>
  <EpisodeName>Four Weddings and a Funeral (Minus Three Weddings and One Funeral)</EpisodeName>
  <EpisodeNumber>21</EpisodeNumber>
  <FirstAired>2012-04-04</FirstAired>
  <GuestStars></GuestStars>
  <IMDB_ID></IMDB_ID>
  <Language>en</Language>
  <Overview>The gang find themselves at yet another wedding, this time the nuptials of Derrick and Eric. Will there be &quot;DRAMA,&quot; to quote Derrick? Of course, as Brad struggles to tell Jane something important; Jane tries to find a way to help Eric hide the fact that the pricey reception must be downscaled; and Max tries to find the courage to perform with his old all-male Madonna cover band. Meanwhile, a dateless Penny is sad that she's at another wedding, alone, until she meets cute guy Chris via Skype.</Overview>
  <ProductionCode></ProductionCode>
  <Rating>7.8</Rating>
  <RatingCount>8</RatingCount>
  <SeasonNumber>2</SeasonNumber>
  <Writer></Writer>
  <absolute_number></absolute_number>
  <filename>episodes/167571/4293739.jpg</filename>
  <lastupdated>1333596225</lastupdated>
  <seasonid>468648</seasonid>
  <seriesid>167571</seriesid>
</Episode>
</Data>