<?xml version="1.0" encoding="UTF-8" ?>
<Data><Series>
  <id>248682</id>
  <Actors>|Zooey Deschanel|Jake Johnson|Hannah Simone|Max Greenfield|Lamorne Morris|</Actors>
  <Airs_DayOfWeek>Tuesday</Airs_DayOfWeek>
  <Airs_Time>9:00 PM</Airs_Time>
  <ContentRating>TV-14</ContentRating>
  <FirstAired>2011-09-20</FirstAired>
  <Genre>|Comedy|</Genre>
  <IMDB_ID>tt1826940</IMDB_ID>
  <Language>en</Language>
  <Network>FOX</Network>
  <NetworkID></NetworkID>
  <Overview>Jessica Day is an offbeat and adorable girl in her late 20s who, after a bad breakup, moves in with three single guys. Goofy, positive, vulnerable and honest to a fault, Jess has faith in people, even when she shouldn't. Although she's dorky and awkward, she's comfortable in her own skin. More prone to friendships with women, she's not used to hanging with the boys--especially at home.</Overview>
  <Rating>7.9</Rating>
  <RatingCount>37</RatingCount>
  <Runtime>30</Runtime>
  <SeriesID>81468</SeriesID>
  <SeriesName>New Girl</SeriesName>
  <Status>Continuing</Status>
  <added>2011-05-12 05:22:46</added>
  <addedBy>235881</addedBy>
  <banner>graphical/248682-g8.jpg</banner>
  <fanart>fanart/original/248682-6.jpg</fanart>
  <lastupdated>1334170115</lastupdated>
  <poster>posters/248682-8.jpg</poster>
  <zap2it_id>EP01419203</zap2it_id>
</Series>
<Episode>
  <id>4099229</id>
  <Combined_episodenumber>1</Combined_episodenumber>
  <Combined_season>1</Combined_season>
  <DVD_chapter></DVD_chapter>
  <DVD_discid></DVD_discid>
  <DVD_episodenumber></DVD_episodenumber>
  <DVD_season></DVD_season>
  <Director>Jake Kasdan</Director>
  <EpImgFlag>2</EpImgFlag>
  <EpisodeName>Pilot</EpisodeName>
  <EpisodeNumber>1</EpisodeNumber>
  <FirstAired>2011-09-20</FirstAired>
  <GuestStars>|Damon Wayans Jr.|Mary Elizabeth Ellis|Ian Wolterstorff|Gillian Vigman|Joey Wagner Luthman|David Neher|Jack Yang|</GuestStars>
  <IMDB_ID>tt1941258</IMDB_ID>
  <Language>en</Language>
  <Overview>After leaving her long-time boyfriend, Jess moves into an apartment with three men, and tries to re-enter the dating world. </Overview>
  <ProductionCode>1ATM79</ProductionCode>
  <Rating>7.6</Rating>
  <RatingCount>105</RatingCount>
  <SeasonNumber>1</SeasonNumber>
  <Writer>Liz Meriwether</Writer>
  <absolute_number></absolute_number>
  <filename>episodes/248682/4099229.jpg</filename>
  <lastupdated>1330860705</lastupdated>
  <seasonid>465899</seasonid>
  <seriesid>248682</seriesid>
</Episode>
<Episode>
  <id>4161303</id>
  <Combined_episodenumber>2</Combined_episodenumber>
  <Combined_season>1</Combined_season>
  <DVD_chapter></DVD_chapter>
  <DVD_discid></DVD_discid>
  <DVD_episodenumber></DVD_episodenumber>
  <DVD_season></DVD_season>
  <Director>Jake Kasdan</Director>
  <EpImgFlag>2</EpImgFlag>
  <EpisodeName>Kryptonite</EpisodeName>
  <EpisodeNumber>2</EpisodeNumber>
  <FirstAired>2011-09-27</FirstAired>
  <GuestStars>|Ian Wolterstorff|Ashton Swinford|</GuestStars>
  <IMDB_ID>tt2043470</IMDB_ID>
  <Language>en</Language>
  <Overview>Nick and Schmidt convince Jess to get her stuff out of her ex-boyfriend Spencer's apartment; Jess meets new roommate Winston, who has returned from playing basketball in Latvia. Winston tries to get his old room back from Schmidt.</Overview>
  <ProductionCode>1ATM01</ProductionCode>
  <Rating>7.3</Rating>
  <RatingCount>87</RatingCount>
  <SeasonNumber>1</SeasonNumber>
  <Writer>Elizabeth Meriwether</Writer>
  <absolute_number></absolute_number>
  <filename>episodes/248682/4161303.jpg</filename>
  <lastupdated>1328079738</lastupdated>
  <seasonid>465899</seasonid>
  <seriesid>248682</seriesid>
</Episode>
<Episode>
  <id>4161304</id>
  <Combined_episodenumber>3</Combined_episodenumber>
  <Combined_season>1</Combined_season>
  <DVD_chapter></DVD_chapter>
  <DVD_discid></DVD_discid>
  <DVD_episodenumber></DVD_episodenumber>
  <DVD_season></DVD_season>
  <Director>Jason Winer</Director>
  <EpImgFlag>2</EpImgFlag>
  <EpisodeName>Wedding</EpisodeName>
  <EpisodeNumber>3</EpisodeNumber>
  <FirstAired>2011-10-04</FirstAired>
  <GuestStars>|Mary Elizabeth Ellis|Katie Cassidy|Natasha Lyonne|</GuestStars>
  <IMDB_ID>tt2043471</IMDB_ID>
  <Language>en</Language>
  <Overview>The guys are invited to a wedding, and Nick is fearful that he'll run into his ex, so he asks Jess to be his date. Meanwhile, Winston takes his role as usher very seriously, and Schmidt catches the eye of two women.</Overview>
  <ProductionCode>1ATM04</ProductionCode>
  <Rating>7.4</Rating>
  <RatingCount>80</RatingCount>
  <SeasonNumber>1</SeasonNumber>
  <Writer>Donick Cary</Writer>
  <absolute_number></absolute_number>
  <filename>episodes/248682/4161304.jpg</filename>
  <lastupdated>1327534225</lastupdated>
  <seasonid>465899</seasonid>
  <seriesid>248682</seriesid>
</Episode>
<Episode>
  <id>4161305</id>
  <Combined_episodenumber>4</Combined_episodenumber>
  <Combined_season>1</Combined_season>
  <DVD_chapter></DVD_chapter>
  <DVD_discid></DVD_discid>
  <DVD_episodenumber></DVD_episodenumber>
  <DVD_season></DVD_season>
  <Director>Jake Kasdan</Director>
  <EpImgFlag>2</EpImgFlag>
  <EpisodeName>Naked</EpisodeName>
  <EpisodeNumber>4</EpisodeNumber>
  <FirstAired>2011-11-01</FirstAired>
  <GuestStars>Lake Bell</GuestStars>
  <IMDB_ID>tt2065492</IMDB_ID>
  <Language>en</Language>
  <Overview>Jess accidentally sees Nick naked, shattering his self-confidence. Winston becomes overly obsessed with learning new pop culture references. Lake Bell guest stars as Amanda, a co-worker that Nick begins dating.</Overview>
  <ProductionCode>103</ProductionCode>
  <Rating>7.6</Rating>
  <RatingCount>76</RatingCount>
  <SeasonNumber>1</SeasonNumber>
  <Writer>J. J. Philbin</Writer>
  <absolute_number></absolute_number>
  <filename>episodes/248682/4161305.jpg</filename>
  <lastupdated>1327534239</lastupdated>
  <seasonid>465899</seasonid>
  <seriesid>248682</seriesid>
</Episode>
<Episode>
  <id>4180224</id>
  <Combined_episodenumber>5</Combined_episodenumber>
  <Combined_season>1</Combined_season>
  <DVD_chapter></DVD_chapter>
  <DVD_discid></DVD_discid>
  <DVD_episodenumber></DVD_episodenumber>
  <DVD_season></DVD_season>
  <Director>John Hamburg</Director>
  <EpImgFlag>2</EpImgFlag>
  <EpisodeName>Cece Crashes</EpisodeName>
  <EpisodeNumber>5</EpisodeNumber>
  <FirstAired>2011-11-08</FirstAired>
  <GuestStars></GuestStars>
  <IMDB_ID>tt2043472</IMDB_ID>
  <Language>en</Language>
  <Overview>Jess is convinced by Cece that Nick may like her as more than a friend, while Schmidt tries to finally get together with Cece.</Overview>
  <ProductionCode></ProductionCode>
  <Rating>7.6</Rating>
  <RatingCount>74</RatingCount>
  <SeasonNumber>1</SeasonNumber>
  <Writer>Rachel Axler</Writer>
  <absolute_number></absolute_number>
  <filename>episodes/248682/4180224.jpg</filename>
  <lastupdated>1327534253</lastupdated>
  <seasonid>465899</seasonid>
  <seriesid>248682</seriesid>
</Episode>
<Episode>
  <id>4187793</id>
  <Combined_episodenumber>6</Combined_episodenumber>
  <Combined_season>1</Combined_season>
  <DVD_chapter></DVD_chapter>
  <DVD_discid></DVD_discid>
  <DVD_episodenumber></DVD_episodenumber>
  <DVD_season></DVD_season>
  <Director>Miguel Arteta</Director>
  <EpImgFlag>2</EpImgFlag>
  <EpisodeName>Thanksgiving</EpisodeName>
  <EpisodeNumber>6</EpisodeNumber>
  <FirstAired>2011-11-15</FirstAired>
  <GuestStars>Justin Long</GuestStars>
  <IMDB_ID></IMDB_ID>
  <Language>en</Language>
  <Overview>Jess invites Paul, a music teacher at her school on whom she always has had a crush, to the gang’s big Thanksgiving dinner at the loft, which naturally goes horribly awry.</Overview>
  <ProductionCode></ProductionCode>
  <Rating>7.4</Rating>
  <RatingCount>71</RatingCount>
  <SeasonNumber>1</SeasonNumber>
  <Writer>Berkley Johnson</Writer>
  <absolute_number></absolute_number>
  <filename>episodes/248682/4187793.jpg</filename>
  <lastupdated>1327534271</lastupdated>
  <seasonid>465899</seasonid>
  <seriesid>248682</seriesid>
</Episode>
<Episode>
  <id>4187794</id>
  <Combined_episodenumber>7</Combined_episodenumber>
  <Combined_season>1</Combined_season>
  <DVD_chapter></DVD_chapter>
  <DVD_discid></DVD_discid>
  <DVD_episodenumber></DVD_episodenumber>
  <DVD_season></DVD_season>
  <Director>Peyton Reed</Director>
  <EpImgFlag>2</EpImgFlag>
  <EpisodeName>Bells</EpisodeName>
  <EpisodeNumber>7</EpisodeNumber>
  <FirstAired>2011-11-29</FirstAired>
  <GuestStars>Raven Goodwin|Ki Hong Lee|Tiffany Ariany|Esther Povitsky</GuestStars>
  <IMDB_ID>tt2043473</IMDB_ID>
  <Language>en</Language>
  <Overview>Jess gets jealous when Winston joins her troubled-youth handbell quartet and instantly becomes a natural. Meanwhile Nick and Schmidt engage in class warfare when the toilet breaks and they each have their own idea of how to get it fixed.</Overview>
  <ProductionCode></ProductionCode>
  <Rating>7.3</Rating>
  <RatingCount>72</RatingCount>
  <SeasonNumber>1</SeasonNumber>
  <Writer>Luvh Rakhe</Writer>
  <absolute_number></absolute_number>
  <filename>episodes/248682/4187794.jpg</filename>
  <lastupdated>1331197811</lastupdated>
  <seasonid>465899</seasonid>
  <seriesid>248682</seriesid>
</Episode>
<Episode>
  <id>4187795</id>
  <Combined_episodenumber>8</Combined_episodenumber>
  <Combined_season>1</Combined_season>
  <DVD_chapter></DVD_chapter>
  <DVD_discid></DVD_discid>
  <DVD_episodenumber></DVD_episodenumber>
  <DVD_season></DVD_season>
  <Director>Jesse Peretz</Director>
  <EpImgFlag>2</EpImgFlag>
  <EpisodeName>Bad In Bed</EpisodeName>
  <EpisodeNumber>8</EpisodeNumber>
  <FirstAired>2011-12-06</FirstAired>
  <GuestStars>Justin Long|Lauren Dair Owens|Eva Amurri|Michaela Watkins</GuestStars>
  <IMDB_ID></IMDB_ID>
  <Language>en</Language>
  <Overview>When Jess decides to take her relationship with Paul to the next level, she consults with the guys for some sex advice. Meanwhile, Schmidt worms his way into his boss' baby shower to compete with his office female counterpart.</Overview>
  <ProductionCode></ProductionCode>
  <Rating>7.6</Rating>
  <RatingCount>72</RatingCount>
  <SeasonNumber>1</SeasonNumber>
  <Writer>Josh Malmuth</Writer>
  <absolute_number></absolute_number>
  <filename>episodes/248682/4187795.jpg</filename>
  <lastupdated>1331197842</lastupdated>
  <seasonid>465899</seasonid>
  <seriesid>248682</seriesid>
</Episode>
<Episode>
  <id>4199251</id>
  <Combined_episodenumber>9</Combined_episodenumber>
  <Combined_season>1</Combined_season>
  <DVD_chapter></DVD_chapter>
  <DVD_discid></DVD_discid>
  <DVD_episodenumber></DVD_episodenumber>
  <DVD_season></DVD_season>
  <Director>Jason Winer</Director>
  <EpImgFlag>2</EpImgFlag>
  <EpisodeName>The 23rd</EpisodeName>
  <EpisodeNumber>9</EpisodeNumber>
  <FirstAired>2011-12-13</FirstAired>
  <GuestStars>Justin Long|Michaela Watkins|Gillian Vigman|Stephen Amell</GuestStars>
  <IMDB_ID></IMDB_ID>
  <Language>en</Language>
  <Overview>The roommates attend Schmidt's holiday office party; Jess frets when she receives an extravagant gift from Paul.</Overview>
  <ProductionCode></ProductionCode>
  <Rating>7.7</Rating>
  <RatingCount>66</RatingCount>
  <SeasonNumber>1</SeasonNumber>
  <Writer>Donick Cary</Writer>
  <absolute_number></absolute_number>
  <filename>episodes/248682/4199251.jpg</filename>
  <lastupdated>1331197881</lastupdated>
  <seasonid>465899</seasonid>
  <seriesid>248682</seriesid>
</Episode>
<Episode>
  <id>4199254</id>
  <Combined_episodenumber>10</Combined_episodenumber>
  <Combined_season>1</Combined_season>
  <DVD_chapter></DVD_chapter>
  <DVD_discid></DVD_discid>
  <DVD_episodenumber></DVD_episodenumber>
  <DVD_season></DVD_season>
  <Director>Troy Miller</Director>
  <EpImgFlag>2</EpImgFlag>
  <EpisodeName>The Story of the 50</EpisodeName>
  <EpisodeNumber>10</EpisodeNumber>
  <FirstAired>2012-01-17</FirstAired>
  <GuestStars>Lizzy Caplan|David Neher|Rachael Harris|Matt Besser|E-Kan Soong</GuestStars>
  <IMDB_ID></IMDB_ID>
  <Language>en</Language>
  <Overview>When Schmidt's plans for his 29th birthday fall apart, Jess takes charge and enlists the help of her school's party hungry vice-principal. Meanwhile, Nick begrudgingly has his first date at Schmidt's party with a beautiful lawyer who harbors a secret, and the gang wonders who placed a 50 dollar bill in the douchebag jar.</Overview>
  <ProductionCode></ProductionCode>
  <Rating>7.5</Rating>
  <RatingCount>67</RatingCount>
  <SeasonNumber>1</SeasonNumber>
  <Writer>Luvh Rakhe</Writer>
  <absolute_number></absolute_number>
  <filename>episodes/248682/4199254.jpg</filename>
  <lastupdated>1332455507</lastupdated>
  <seasonid>465899</seasonid>
  <seriesid>248682</seriesid>
</Episode>
<Episode>
  <id>4221770</id>
  <Combined_episodenumber>11</Combined_episodenumber>
  <Combined_season>1</Combined_season>
  <DVD_chapter></DVD_chapter>
  <DVD_discid></DVD_discid>
  <DVD_episodenumber></DVD_episodenumber>
  <DVD_season></DVD_season>
  <Director>Jake Kasdan</Director>
  <EpImgFlag>2</EpImgFlag>
  <EpisodeName>Jess and Julia</EpisodeName>
  <EpisodeNumber>11</EpisodeNumber>
  <FirstAired>2012-01-31</FirstAired>
  <GuestStars>Lizzy Caplan|June Diane Raphael|Kali Hawk</GuestStars>
  <IMDB_ID></IMDB_ID>
  <Language>en</Language>
  <Overview>Nick panics when Julia doesn't want to put a label on their relationship. Meanwhile, Jess enlists Julia to help her get out of a traffic ticket, Winston reconnects with a former booty call and Schmidt is baffled as to why his shower towel is always damp.</Overview>
  <ProductionCode></ProductionCode>
  <Rating>7.8</Rating>
  <RatingCount>60</RatingCount>
  <SeasonNumber>1</SeasonNumber>
  <Writer>|Elizabeth Meriwether|Luvh Rakhe|</Writer>
  <absolute_number></absolute_number>
  <filename>episodes/248682/4221770.jpg</filename>
  <lastupdated>1332455526</lastupdated>
  <seasonid>465899</seasonid>
  <seriesid>248682</seriesid>
</Episode>
<Episode>
  <id>4221769</id>
  <Combined_episodenumber>12</Combined_episodenumber>
  <Combined_season>1</Combined_season>
  <DVD_chapter></DVD_chapter>
  <DVD_discid></DVD_discid>
  <DVD_episodenumber></DVD_episodenumber>
  <DVD_season></DVD_season>
  <Director>Peyton Reed</Director>
  <EpImgFlag>2</EpImgFlag>
  <EpisodeName>The Landlord</EpisodeName>
  <EpisodeNumber>12</EpisodeNumber>
  <FirstAired>2012-02-07</FirstAired>
  <GuestStars>Jeff Kober|Gillian Vigma</GuestStars>
  <IMDB_ID>tt2043467</IMDB_ID>
  <Language>en</Language>
  <Overview>Against Nick's wishes, Jess makes it her mission to get the loft's cantankerous landlord to like her. In doing so, she inadvertently jeopardizes their living situation and the guys are forced to admit they've made some &quot;unofficial&quot; changes to the apartment. Meanwhile Schmidt tries to decipher what he thinks are mixed signals from his boss Kim.</Overview>
  <ProductionCode></ProductionCode>
  <Rating>7.8</Rating>
  <RatingCount>61</RatingCount>
  <SeasonNumber>1</SeasonNumber>
  <Writer>Berkley Johnson|Josh Malmuth|Joe Port|Joe Wiseman</Writer>
  <absolute_number></absolute_number>
  <filename>episodes/248682/4221769.jpg</filename>
  <lastupdated>1333609879</lastupdated>
  <seasonid>465899</seasonid>
  <seriesid>248682</seriesid>
</Episode>
<Episode>
  <id>4250577</id>
  <Combined_episodenumber>13</Combined_episodenumber>
  <Combined_season>1</Combined_season>
  <DVD_chapter></DVD_chapter>
  <DVD_discid></DVD_discid>
  <DVD_episodenumber></DVD_episodenumber>
  <DVD_season></DVD_season>
  <Director>Tucker Gates</Director>
  <EpImgFlag>2</EpImgFlag>
  <EpisodeName>Valentine's Day</EpisodeName>
  <EpisodeNumber>13</EpisodeNumber>
  <FirstAired>2012-02-14</FirstAired>
  <GuestStars>Lizzy Caplan|Clark Duke|Ryan Kwanten|Stephen Amell|Kali Hawk|Vanessa Ragland</GuestStars>
  <IMDB_ID></IMDB_ID>
  <Language>en</Language>
  <Overview>Jess convinces Schmidt to help her land a stranger on her first Valentine's day without a date. Nick spends more time with Julie's Assistant than Julie, ruining his special day plans.</Overview>
  <ProductionCode></ProductionCode>
  <Rating>7.6</Rating>
  <RatingCount>59</RatingCount>
  <SeasonNumber>1</SeasonNumber>
  <Writer>Lesley Wake Webster</Writer>
  <absolute_number></absolute_number>
  <filename>episodes/248682/4250577.jpg</filename>
  <lastupdated>1331682849</lastupdated>
  <seasonid>465899</seasonid>
  <seriesid>248682</seriesid>
</Episode>
<Episode>
  <id>4258489</id>
  <Combined_episodenumber>14</Combined_episodenumber>
  <Combined_season>1</Combined_season>
  <DVD_chapter></DVD_chapter>
  <DVD_discid></DVD_discid>
  <DVD_episodenumber></DVD_episodenumber>
  <DVD_season></DVD_season>
  <Director>Dan Attias</Director>
  <EpImgFlag>2</EpImgFlag>
  <EpisodeName>Bully</EpisodeName>
  <EpisodeNumber>14</EpisodeNumber>
  <FirstAired>2012-02-21</FirstAired>
  <GuestStars>Lizzy Caplan|Rachael Harris|Joey King|Roxana Ortega|Tressa DiFiglia</GuestStars>
  <IMDB_ID>tt2201825</IMDB_ID>
  <Language>en</Language>
  <Overview>When Jess tries to stop a bully at school, she ends up as her new target; the woman Schmidt has been seeing wants to keep their relationship secret.</Overview>
  <ProductionCode></ProductionCode>
  <Rating>7.5</Rating>
  <RatingCount>52</RatingCount>
  <SeasonNumber>1</SeasonNumber>
  <Writer>David Walpert</Writer>
  <absolute_number></absolute_number>
  <filename>episodes/248682/4258489.jpg</filename>
  <lastupdated>1333609760</lastupdated>
  <seasonid>465899</seasonid>
  <seriesid>248682</seriesid>
</Episode>
<Episode>
  <id>4259359</id>
  <Combined_episodenumber>15</Combined_episodenumber>
  <Combined_season>1</Combined_season>
  <DVD_chapter></DVD_chapter>
  <DVD_discid></DVD_discid>
  <DVD_episodenumber></DVD_episodenumber>
  <DVD_season></DVD_season>
  <Director>Lynn Shelton</Director>
  <EpImgFlag>2</EpImgFlag>
  <EpisodeName>Injured</EpisodeName>
  <EpisodeNumber>15</EpisodeNumber>
  <FirstAired>2012-03-06</FirstAired>
  <GuestStars>June Diane Raphael</GuestStars>
  <IMDB_ID>tt2043477</IMDB_ID>
  <Language>en</Language>
  <Overview>When Nick is hurt playing a game of touch football and Jess discovers he doesn't have insurance, she takes him to her doctor friend -- an OB-GYN. The gang rallies together and Nick evaluates his life when his seemingly innocuous back injury may prove to be more serious than thought.</Overview>
  <ProductionCode></ProductionCode>
  <Rating>7.4</Rating>
  <RatingCount>51</RatingCount>
  <SeasonNumber>1</SeasonNumber>
  <Writer>J.J. Philbin|Joe Port|Joe Wiseman</Writer>
  <absolute_number></absolute_number>
  <filename>episodes/248682/4259359.jpg</filename>
  <lastupdated>1333609749</lastupdated>
  <seasonid>465899</seasonid>
  <seriesid>248682</seriesid>
</Episode>
<Episode>
  <id>4273546</id>
  <Combined_episodenumber>16</Combined_episodenumber>
  <Combined_season>1</Combined_season>
  <DVD_chapter></DVD_chapter>
  <DVD_discid></DVD_discid>
  <DVD_episodenumber></DVD_episodenumber>
  <DVD_season></DVD_season>
  <Director>Jesse Peretz</Director>
  <EpImgFlag>2</EpImgFlag>
  <EpisodeName>Control</EpisodeName>
  <EpisodeNumber>16</EpisodeNumber>
  <FirstAired>2012-03-13</FirstAired>
  <GuestStars></GuestStars>
  <IMDB_ID>tt2196901</IMDB_ID>
  <Language>en</Language>
  <Overview>After Jess realizes that Schmidt is unfairly doing all of the housework, she pushes him to &quot;go on strike,&quot; and the entire ecosystem of the loft is thrown off balance. Meanwhile, Nick scrambles when he must pay up to Winston after losing a poker game.</Overview>
  <ProductionCode></ProductionCode>
  <Rating>7.3</Rating>
  <RatingCount>50</RatingCount>
  <SeasonNumber>1</SeasonNumber>
  <Writer>Brett Baer|Dave Finkel</Writer>
  <absolute_number></absolute_number>
  <filename>episodes/248682/4273546.jpg</filename>
  <lastupdated>1333609736</lastupdated>
  <seasonid>465899</seasonid>
  <seriesid>248682</seriesid>
</Episode>
<Episode>
  <id>4282961</id>
  <Combined_episodenumber>17</Combined_episodenumber>
  <Combined_season>1</Combined_season>
  <DVD_chapter></DVD_chapter>
  <DVD_discid></DVD_discid>
  <DVD_episodenumber></DVD_episodenumber>
  <DVD_season></DVD_season>
  <Director>Peyton Reed</Director>
  <EpImgFlag>2</EpImgFlag>
  <EpisodeName>Fancyman (1)</EpisodeName>
  <EpisodeNumber>17</EpisodeNumber>
  <FirstAired>2012-03-20</FirstAired>
  <GuestStars>Dermot Mulroney|Julie Brister|Beth Crosby|Blake Garrett|Rachael Harris|Kali Hawk|Randall Park|Claire Titelman|Ajay Vidure</GuestStars>
  <IMDB_ID>tt2289125</IMDB_ID>
  <Language>en</Language>
  <Overview>A student's wealthy father asks Jess out on a date. Nick tried to buy a new cell phone. Winston and Schmidt get competitive during a game of trivia.</Overview>
  <ProductionCode></ProductionCode>
  <Rating>7.7</Rating>
  <RatingCount>42</RatingCount>
  <SeasonNumber>1</SeasonNumber>
  <Writer>J.J. Philbin|Nick Adams</Writer>
  <absolute_number></absolute_number>
  <filename>episodes/248682/4282961.jpg</filename>
  <lastupdated>1333927137</lastupdated>
  <seasonid>465899</seasonid>
  <seriesid>248682</seriesid>
</Episode>
<Episode>
  <id>4283862</id>
  <Combined_episodenumber>18</Combined_episodenumber>
  <Combined_season>1</Combined_season>
  <DVD_chapter></DVD_chapter>
  <DVD_discid></DVD_discid>
  <DVD_episodenumber></DVD_episodenumber>
  <DVD_season></DVD_season>
  <Director>Matt Shakman</Director>
  <EpImgFlag>2</EpImgFlag>
  <EpisodeName>Fancyman (2)</EpisodeName>
  <EpisodeNumber>18</EpisodeNumber>
  <FirstAired>2012-03-27</FirstAired>
  <GuestStars>Dermot Mulroney</GuestStars>
  <IMDB_ID>tt2324699</IMDB_ID>
  <Language>en</Language>
  <Overview>Jess' sophisticated date with Russell doesn't go as planned. Meanwhile, Nick's college friend visits and brings out Nick's inner frat boy to help him get over his break-up with Julia. Also, Winston panics when Shelby goes on a &quot;girls&quot; vacation and Schmidt and Cece try to keep their relationship under the covers, but one of the friends finds out their secret.</Overview>
  <ProductionCode></ProductionCode>
  <Rating>7.8</Rating>
  <RatingCount>35</RatingCount>
  <SeasonNumber>1</SeasonNumber>
  <Writer>Berkley Johnson|Kim Rosenstock</Writer>
  <absolute_number></absolute_number>
  <filename>episodes/248682/4283862.jpg</filename>
  <lastupdated>1333927459</lastupdated>
  <seasonid>465899</seasonid>
  <seriesid>248682</seriesid>
</Episode>
<Episode>
  <id>4289811</id>
  <Combined_episodenumber>19</Combined_episodenumber>
  <Combined_season>1</Combined_season>
  <DVD_chapter></DVD_chapter>
  <DVD_discid></DVD_discid>
  <DVD_episodenumber></DVD_episodenumber>
  <DVD_season></DVD_season>
  <Director>David Wain</Director>
  <EpImgFlag>2</EpImgFlag>
  <EpisodeName>Secrets</EpisodeName>
  <EpisodeNumber>19</EpisodeNumber>
  <FirstAired>2012-04-03</FirstAired>
  <GuestStars>Katrina Bowden</GuestStars>
  <IMDB_ID>tt2274825</IMDB_ID>
  <Language>en</Language>
  <Overview>While training for a marathon, Jess discovers that Cece has been keeping a secret from her, and their friendship is put to the test. Meanwhile, Winston can't handle being the only one who knows about Cece and Schmidt, and Nick reluctantly asks for Schmidt's help as he tries to juggle dating two women at once.</Overview>
  <ProductionCode></ProductionCode>
  <Rating>7.9</Rating>
  <RatingCount>29</RatingCount>
  <SeasonNumber>1</SeasonNumber>
  <Writer>Matt Shakman</Writer>
  <absolute_number></absolute_number>
  <filename>episodes/248682/4289811.jpg</filename>
  <lastupdated>1333927564</lastupdated>
  <seasonid>465899</seasonid>
  <seriesid>248682</seriesid>
</Episode>
<Episode>
  <id>4289812</id>
  <Combined_episodenumber>20</Combined_episodenumber>
  <Combined_season>1</Combined_season>
  <DVD_chapter></DVD_chapter>
  <DVD_discid></DVD_discid>
  <DVD_episodenumber></DVD_episodenumber>
  <DVD_season></DVD_season>
  <Director></Director>
  <EpImgFlag>2</EpImgFlag>
  <EpisodeName>Normal</EpisodeName>
  <EpisodeNumber>20</EpisodeNumber>
  <FirstAired>2012-04-10</FirstAired>
  <GuestStars></GuestStars>
  <IMDB_ID></IMDB_ID>
  <Language>en</Language>
  <Overview>Jess nervously invites Russell to spend the weekend at the loft; Winston gets a job at a sports radio station.</Overview>
  <ProductionCode></ProductionCode>
  <Rating>8.0</Rating>
  <RatingCount>5</RatingCount>
  <SeasonNumber>1</SeasonNumber>
  <Writer></Writer>
  <absolute_number></absolute_number>
  <filename>episodes/248682/4289812.jpg</filename>
  <lastupdated>1334095323</lastupdated>
  <seasonid>465899</seasonid>
  <seriesid>248682</seriesid>
</Episode>
<Episode>
  <id>4289813</id>
  <Combined_episodenumber>21</Combined_episodenumber>
  <Combined_season>1</Combined_season>
  <DVD_chapter></DVD_chapter>
  <DVD_discid></DVD_discid>
  <DVD_episodenumber></DVD_episodenumber>
  <DVD_season></DVD_season>
  <Director></Director>
  <EpImgFlag>2</EpImgFlag>
  <EpisodeName>Kids</EpisodeName>
  <EpisodeNumber>21</EpisodeNumber>
  <FirstAired>2012-04-17</FirstAired>
  <GuestStars></GuestStars>
  <IMDB_ID></IMDB_ID>
  <Language>en</Language>
  <Overview></Overview>
  <ProductionCode></ProductionCode>
  <Rating></Rating>
  <RatingCount>0</RatingCount>
  <SeasonNumber>1</SeasonNumber>
  <Writer></Writer>
  <absolute_number></absolute_number>
  <filename>episodes/248682/4289813.jpg</filename>
  <lastupdated>1334095448</lastupdated>
  <seasonid>465899</seasonid>
  <seriesid>248682</seriesid>
</Episode>
<Episode>
  <id>4289814</id>
  <Combined_episodenumber>22</Combined_episodenumber>
  <Combined_season>1</Combined_season>
  <DVD_chapter></DVD_chapter>
  <DVD_discid></DVD_discid>
  <DVD_episodenumber></DVD_episodenumber>
  <DVD_season></DVD_season>
  <Director></Director>
  <EpImgFlag></EpImgFlag>
  <EpisodeName>TBA</EpisodeName>
  <EpisodeNumber>22</EpisodeNumber>
  <FirstAired>2012-04-24</FirstAired>
  <GuestStars></GuestStars>
  <IMDB_ID></IMDB_ID>
  <Language>en</Language>
  <Overview></Overview>
  <ProductionCode></ProductionCode>
  <Rating></Rating>
  <RatingCount>0</RatingCount>
  <SeasonNumber>1</SeasonNumber>
  <Writer></Writer>
  <absolute_number></absolute_number>
  <filename></filename>
  <lastupdated>1332285139</lastupdated>
  <seasonid>465899</seasonid>
  <seriesid>248682</seriesid>
</Episode>
<Episode>
  <id>4290489</id>
  <Combined_episodenumber>23</Combined_episodenumber>
  <Combined_season>1</Combined_season>
  <DVD_chapter></DVD_chapter>
  <DVD_discid></DVD_discid>
  <DVD_episodenumber></DVD_episodenumber>
  <DVD_season></DVD_season>
  <Director></Director>
  <EpImgFlag></EpImgFlag>
  <EpisodeName>TBA</EpisodeName>
  <EpisodeNumber>23</EpisodeNumber>
  <FirstAired>2012-05-01</FirstAired>
  <GuestStars></GuestStars>
  <IMDB_ID></IMDB_ID>
  <Language>en</Language>
  <Overview></Overview>
  <ProductionCode></ProductionCode>
  <Rating></Rating>
  <RatingCount>0</RatingCount>
  <SeasonNumber>1</SeasonNumber>
  <Writer></Writer>
  <absolute_number></absolute_number>
  <filename></filename>
  <lastupdated>1332285073</lastupdated>
  <seasonid>465899</seasonid>
  <seriesid>248682</seriesid>
</Episode>
<Episode>
  <id>4290490</id>
  <Combined_episodenumber>24</Combined_episodenumber>
  <Combined_season>1</Combined_season>
  <DVD_chapter></DVD_chapter>
  <DVD_discid></DVD_discid>
  <DVD_episodenumber></DVD_episodenumber>
  <DVD_season></DVD_season>
  <Director></Director>
  <EpImgFlag></EpImgFlag>
  <EpisodeName>TBA - Season Finale</EpisodeName>
  <EpisodeNumber>24</EpisodeNumber>
  <FirstAired>2012-05-08</FirstAired>
  <GuestStars></GuestStars>
  <IMDB_ID></IMDB_ID>
  <Language>en</Language>
  <Overview></Overview>
  <ProductionCode></ProductionCode>
  <Rating></Rating>
  <RatingCount>0</RatingCount>
  <SeasonNumber>1</SeasonNumber>
  <Writer></Writer>
  <absolute_number></absolute_number>
  <filename></filename>
  <lastupdated>1332284996</lastupdated>
  <seasonid>465899</seasonid>
  <seriesid>248682</seriesid>
</Episode>
</Data>