<?xml version="1.0" encoding="UTF-8" ?>
<Actors>
<Actor>
  <id>114181</id>
  <Image>actors/114181.jpg</Image>
  <Name>Joel McHale</Name>
  <Role>Jeff Winger</Role>
  <SortOrder>0</SortOrder>
</Actor>
<Actor>
  <id>114221</id>
  <Image>actors/114221.jpg</Image>
  <Name>Danny Pudi</Name>
  <Role>Abed Nadir</Role>
  <SortOrder>1</SortOrder>
</Actor>
<Actor>
  <id>116881</id>
  <Image>actors/116881.jpg</Image>
  <Name>Donald Glover</Name>
  <Role>Troy Barnes</Role>
  <SortOrder>2</SortOrder>
</Actor>
<Actor>
  <id>211011</id>
  <Image>actors/211011.jpg</Image>
  <Name>Jim Rash</Name>
  <Role>Dean Pelton</Role>
  <SortOrder>3</SortOrder>
</Actor>
<Actor>
  <id>116901</id>
  <Image>actors/116901.jpg</Image>
  <Name>John Oliver</Name>
  <Role>Dr. Ian Duncan</Role>
  <SortOrder>3</SortOrder>
</Actor>
<Actor>
  <id>116891</id>
  <Image>actors/116891.jpg</Image>
  <Name>Ken Jeong</Name>
  <Role>Señor Chang</Role>
  <SortOrder>3</SortOrder>
</Actor>
<Actor>
  <id>114231</id>
  <Image>actors/114231.jpg</Image>
  <Name>Alison Brie</Name>
  <Role>Annie Edison</Role>
  <SortOrder>3</SortOrder>
</Actor>
<Actor>
  <id>114211</id>
  <Image>actors/114211.jpg</Image>
  <Name>Yvette Nicole Brown</Name>
  <Role>Shirley Bennett</Role>
  <SortOrder>3</SortOrder>
</Actor>
<Actor>
  <id>114201</id>
  <Image>actors/114201.jpg</Image>
  <Name>Chevy Chase</Name>
  <Role>Pierce Hawthorne</Role>
  <SortOrder>3</SortOrder>
</Actor>
<Actor>
  <id>114191</id>
  <Image>actors/114191.jpg</Image>
  <Name>Gillian Jacobs</Name>
  <Role>Britta Perry</Role>
  <SortOrder>3</SortOrder>
</Actor>
</Actors>