<?xml version="1.0" encoding="UTF-8" ?>
<Banners>
<Banner>
  <id>662991</id>
  <BannerPath>fanart/original/94571-8.jpg</BannerPath>
  <BannerType>fanart</BannerType>
  <BannerType2>1920x1080</BannerType2>
  <Colors></Colors>
  <Language>en</Language>
  <Rating>8.4444</Rating>
  <RatingCount>9</RatingCount>
  <SeriesName>false</SeriesName>
  <ThumbnailPath>_cache/fanart/original/94571-8.jpg</ThumbnailPath>
  <VignettePath>fanart/vignette/94571-8.jpg</VignettePath>
</Banner>
<Banner>
  <id>336641</id>
  <BannerPath>fanart/original/94571-3.jpg</BannerPath>
  <BannerType>fanart</BannerType>
  <BannerType2>1280x720</BannerType2>
  <Colors></Colors>
  <Language>en</Language>
  <Rating>7.9286</Rating>
  <RatingCount>14</RatingCount>
  <SeriesName>false</SeriesName>
  <ThumbnailPath>_cache/fanart/original/94571-3.jpg</ThumbnailPath>
  <VignettePath>fanart/vignette/94571-3.jpg</VignettePath>
</Banner>
<Banner>
  <id>662981</id>
  <BannerPath>fanart/original/94571-7.jpg</BannerPath>
  <BannerType>fanart</BannerType>
  <BannerType2>1920x1080</BannerType2>
  <Colors></Colors>
  <Language>en</Language>
  <Rating>7.6000</Rating>
  <RatingCount>5</RatingCount>
  <SeriesName>false</SeriesName>
  <ThumbnailPath>_cache/fanart/original/94571-7.jpg</ThumbnailPath>
  <VignettePath>fanart/vignette/94571-7.jpg</VignettePath>
</Banner>
<Banner>
  <id>639911</id>
  <BannerPath>fanart/original/94571-5.jpg</BannerPath>
  <BannerType>fanart</BannerType>
  <BannerType2>1280x720</BannerType2>
  <Colors></Colors>
  <Language>en</Language>
  <Rating>7.6000</Rating>
  <RatingCount>5</RatingCount>
  <SeriesName>false</SeriesName>
  <ThumbnailPath>_cache/fanart/original/94571-5.jpg</ThumbnailPath>
  <VignettePath>fanart/vignette/94571-5.jpg</VignettePath>
</Banner>
<Banner>
  <id>706201</id>
  <BannerPath>fanart/original/94571-6.jpg</BannerPath>
  <BannerType>fanart</BannerType>
  <BannerType2>1920x1080</BannerType2>
  <Colors></Colors>
  <Language>en</Language>
  <Rating>7.0000</Rating>
  <RatingCount>1</RatingCount>
  <SeriesName>false</SeriesName>
  <ThumbnailPath>_cache/fanart/original/94571-6.jpg</ThumbnailPath>
  <VignettePath>fanart/vignette/94571-6.jpg</VignettePath>
</Banner>
<Banner>
  <id>117081</id>
  <BannerPath>fanart/original/94571-1.jpg</BannerPath>
  <BannerType>fanart</BannerType>
  <BannerType2>1920x1080</BannerType2>
  <Colors>|186,141,86|27,27,35|40,40,40|</Colors>
  <Language>en</Language>
  <Rating>6.9000</Rating>
  <RatingCount>10</RatingCount>
  <SeriesName>false</SeriesName>
  <ThumbnailPath>_cache/fanart/original/94571-1.jpg</ThumbnailPath>
  <VignettePath>fanart/vignette/94571-1.jpg</VignettePath>
</Banner>
<Banner>
  <id>227371</id>
  <BannerPath>fanart/original/94571-2.jpg</BannerPath>
  <BannerType>fanart</BannerType>
  <BannerType2>1280x720</BannerType2>
  <Colors>|252,238,212|44,43,38|202,91,45|</Colors>
  <Language>en</Language>
  <Rating>5.4286</Rating>
  <RatingCount>7</RatingCount>
  <SeriesName>true</SeriesName>
  <ThumbnailPath>_cache/fanart/original/94571-2.jpg</ThumbnailPath>
  <VignettePath>fanart/vignette/94571-2.jpg</VignettePath>
</Banner>
<Banner>
  <id>358081</id>
  <BannerPath>fanart/original/94571-4.jpg</BannerPath>
  <BannerType>fanart</BannerType>
  <BannerType2>1280x720</BannerType2>
  <Colors></Colors>
  <Language>en</Language>
  <Rating>5.2000</Rating>
  <RatingCount>5</RatingCount>
  <SeriesName>true</SeriesName>
  <ThumbnailPath>_cache/fanart/original/94571-4.jpg</ThumbnailPath>
  <VignettePath>fanart/vignette/94571-4.jpg</VignettePath>
</Banner>
<Banner>
  <id>870003</id>
  <BannerPath>fanart/original/94571-9.jpg</BannerPath>
  <BannerType>fanart</BannerType>
  <BannerType2>1920x1080</BannerType2>
  <Colors></Colors>
  <Language>en</Language>
  <Rating>4.1667</Rating>
  <RatingCount>6</RatingCount>
  <SeriesName>false</SeriesName>
  <ThumbnailPath>_cache/fanart/original/94571-9.jpg</ThumbnailPath>
  <VignettePath>fanart/vignette/94571-9.jpg</VignettePath>
</Banner>
<Banner>
  <id>706211</id>
  <BannerPath>fanart/original/94571-10.jpg</BannerPath>
  <BannerType>fanart</BannerType>
  <BannerType2>1920x1080</BannerType2>
  <Colors>|42,29,23|165,108,89|36,37,42|</Colors>
  <Language>en</Language>
  <Rating>2.5000</Rating>
  <RatingCount>2</RatingCount>
  <SeriesName>true</SeriesName>
  <ThumbnailPath>_cache/fanart/original/94571-10.jpg</ThumbnailPath>
  <VignettePath>fanart/vignette/94571-10.jpg</VignettePath>
</Banner>
<Banner>
  <id>893368</id>
  <BannerPath>posters/94571-7.jpg</BannerPath>
  <BannerType>poster</BannerType>
  <BannerType2>680x1000</BannerType2>
  <Language>en</Language>
  <Rating>8.2857</Rating>
  <RatingCount>7</RatingCount>
</Banner>
<Banner>
  <id>625311</id>
  <BannerPath>posters/94571-2.jpg</BannerPath>
  <BannerType>poster</BannerType>
  <BannerType2>680x1000</BannerType2>
  <Language>en</Language>
  <Rating>7.5556</Rating>
  <RatingCount>9</RatingCount>
</Banner>
<Banner>
  <id>721961</id>
  <BannerPath>posters/94571-3.jpg</BannerPath>
  <BannerType>poster</BannerType>
  <BannerType2>680x1000</BannerType2>
  <Language>en</Language>
  <Rating>6.8333</Rating>
  <RatingCount>6</RatingCount>
</Banner>
<Banner>
  <id>884803</id>
  <BannerPath>posters/94571-5.jpg</BannerPath>
  <BannerType>poster</BannerType>
  <BannerType2>680x1000</BannerType2>
  <Language>en</Language>
  <Rating>6.0000</Rating>
  <RatingCount>5</RatingCount>
</Banner>
<Banner>
  <id>227351</id>
  <BannerPath>posters/94571-1.jpg</BannerPath>
  <BannerType>poster</BannerType>
  <BannerType2>680x1000</BannerType2>
  <Language>en</Language>
  <Rating>4.0000</Rating>
  <RatingCount>2</RatingCount>
</Banner>
<Banner>
  <id>891744</id>
  <BannerPath>posters/94571-6.jpg</BannerPath>
  <BannerType>poster</BannerType>
  <BannerType2>680x1000</BannerType2>
  <Language>en</Language>
  <Rating>1.0000</Rating>
  <RatingCount>2</RatingCount>
</Banner>
<Banner>
  <id>876917</id>
  <BannerPath>posters/94571-4.jpg</BannerPath>
  <BannerType>poster</BannerType>
  <BannerType2>680x1000</BannerType2>
  <Language>en</Language>
  <Rating></Rating>
  <RatingCount>0</RatingCount>
</Banner>
<Banner>
  <id>613711</id>
  <BannerPath>seasons/94571-1-4.jpg</BannerPath>
  <BannerType>season</BannerType>
  <BannerType2>season</BannerType2>
  <Language>en</Language>
  <Rating>10.0000</Rating>
  <RatingCount>4</RatingCount>
  <Season>1</Season>
</Banner>
<Banner>
  <id>870261</id>
  <BannerPath>seasons/94571-2-4.jpg</BannerPath>
  <BannerType>season</BannerType>
  <BannerType2>season</BannerType2>
  <Language>en</Language>
  <Rating>10.0000</Rating>
  <RatingCount>2</RatingCount>
  <Season>2</Season>
</Banner>
<Banner>
  <id>877689</id>
  <BannerPath>seasons/94571-3.jpg</BannerPath>
  <BannerType>season</BannerType>
  <BannerType2>season</BannerType2>
  <Language>en</Language>
  <Rating>9.0000</Rating>
  <RatingCount>2</RatingCount>
  <Season>3</Season>
</Banner>
<Banner>
  <id>636701</id>
  <BannerPath>seasons/94571-2-2.jpg</BannerPath>
  <BannerType>season</BannerType>
  <BannerType2>season</BannerType2>
  <Language>en</Language>
  <Rating>7.8000</Rating>
  <RatingCount>5</RatingCount>
  <Season>2</Season>
</Banner>
<Banner>
  <id>613751</id>
  <BannerPath>seasons/94571-2.jpg</BannerPath>
  <BannerType>season</BannerType>
  <BannerType2>season</BannerType2>
  <Language>en</Language>
  <Rating>6.3333</Rating>
  <RatingCount>3</RatingCount>
  <Season>2</Season>
</Banner>
<Banner>
  <id>798651</id>
  <BannerPath>seasons/94571-2-3.jpg</BannerPath>
  <BannerType>season</BannerType>
  <BannerType2>season</BannerType2>
  <Language>ru</Language>
  <Rating>4.0000</Rating>
  <RatingCount>3</RatingCount>
  <Season>2</Season>
</Banner>
<Banner>
  <id>361411</id>
  <BannerPath>seasons/94571-1-2.jpg</BannerPath>
  <BannerType>season</BannerType>
  <BannerType2>season</BannerType2>
  <Language>en</Language>
  <Rating>1.0000</Rating>
  <RatingCount>3</RatingCount>
  <Season>1</Season>
</Banner>
<Banner>
  <id>899511</id>
  <BannerPath>seasons/94571-0.jpg</BannerPath>
  <BannerType>season</BannerType>
  <BannerType2>season</BannerType2>
  <Language>en</Language>
  <Rating></Rating>
  <RatingCount>0</RatingCount>
  <Season>0</Season>
</Banner>
<Banner>
  <id>240561</id>
  <BannerPath>seasonswide/94571-1.jpg</BannerPath>
  <BannerType>season</BannerType>
  <BannerType2>seasonwide</BannerType2>
  <Language>en</Language>
  <Rating></Rating>
  <RatingCount>0</RatingCount>
  <Season>1</Season>
</Banner>
<Banner>
  <id>230441</id>
  <BannerPath>graphical/94571-g.jpg</BannerPath>
  <BannerType>series</BannerType>
  <BannerType2>graphical</BannerType2>
  <Language>en</Language>
  <Rating>8.1538</Rating>
  <RatingCount>13</RatingCount>
</Banner>
<Banner>
  <id>903618</id>
  <BannerPath>graphical/94571-g2.jpg</BannerPath>
  <BannerType>series</BannerType>
  <BannerType2>graphical</BannerType2>
  <Language>en</Language>
  <Rating></Rating>
  <RatingCount>0</RatingCount>
</Banner>
<Banner>
  <id>903617</id>
  <BannerPath>graphical/94571-g3.jpg</BannerPath>
  <BannerType>series</BannerType>
  <BannerType2>graphical</BannerType2>
  <Language>en</Language>
  <Rating></Rating>
  <RatingCount>0</RatingCount>
</Banner>
</Banners>