<?xml version="1.0" encoding="UTF-8" ?>
<Data><Series>
  <id>94571</id>
  <Actors>|Joel McHale|Danny Pudi|Donald Glover|Jim Rash|John Oliver|Ken Jeong|Alison Brie|Yvette Nicole Brown|Chevy Chase|Gillian Jacobs|</Actors>
  <Airs_DayOfWeek>Thursday</Airs_DayOfWeek>
  <Airs_Time>8:00 PM</Airs_Time>
  <ContentRating>TV-PG</ContentRating>
  <FirstAired>2009-09-17</FirstAired>
  <Genre>|Comedy|</Genre>
  <IMDB_ID>tt1439629</IMDB_ID>
  <Language>en</Language>
  <Network>NBC</Network>
  <NetworkID></NetworkID>
  <Overview>From Emmy Award-winning directors Joe and Anthony Russo (Arrested Development) comes Community, a smart comedy series about higher education -- and lower expectations. The student body at Greendale Community College is made up of high-school losers, newly divorced housewives, and old people who want to keep their minds active. Within these not-so-hallowed halls, Community focuses on a band of misfits, at the center of which is a fast-talkin' lawyer whose degree has been revoked (Joel McHale), who form a study group and end up learning a lot more about themselves than they do about their course work.</Overview>
  <Rating>8.9</Rating>
  <RatingCount>135</RatingCount>
  <Runtime>30</Runtime>
  <SeriesID>76841</SeriesID>
  <SeriesName>Community</SeriesName>
  <Status>Continuing</Status>
  <added>2009-05-16 12:45:54</added>
  <addedBy>5664</addedBy>
  <banner>graphical/94571-g.jpg</banner>
  <fanart>fanart/original/94571-8.jpg</fanart>
  <lastupdated>1334117319</lastupdated>
  <poster>posters/94571-7.jpg</poster>
  <zap2it_id>SH01154162</zap2it_id>
</Series>
<Episode>
  <id>4225695</id>
  <Combined_episodenumber>1</Combined_episodenumber>
  <Combined_season>0</Combined_season>
  <DVD_chapter></DVD_chapter>
  <DVD_discid></DVD_discid>
  <DVD_episodenumber></DVD_episodenumber>
  <DVD_season></DVD_season>
  <Director></Director>
  <EpImgFlag></EpImgFlag>
  <EpisodeName>Save Greendale</EpisodeName>
  <EpisodeNumber>1</EpisodeNumber>
  <FirstAired>2011-07-12</FirstAired>
  <GuestStars></GuestStars>
  <IMDB_ID></IMDB_ID>
  <Language>en</Language>
  <Overview>The cast of NBC's Community address their involuntary hiatus with a hilarious, raccoon-free College Humor commercial for Greendale.</Overview>
  <ProductionCode></ProductionCode>
  <Rating></Rating>
  <RatingCount>0</RatingCount>
  <SeasonNumber>0</SeasonNumber>
  <Writer></Writer>
  <absolute_number></absolute_number>
  <airsafter_season></airsafter_season>
  <airsbefore_episode></airsbefore_episode>
  <airsbefore_season></airsbefore_season>
  <filename></filename>
  <lastupdated>1324535199</lastupdated>
  <seasonid>66191</seasonid>
  <seriesid>94571</seriesid>
</Episode>
<Episode>
  <id>4287477</id>
  <Combined_episodenumber>2</Combined_episodenumber>
  <Combined_season>0</Combined_season>
  <DVD_chapter></DVD_chapter>
  <DVD_discid></DVD_discid>
  <DVD_episodenumber></DVD_episodenumber>
  <DVD_season></DVD_season>
  <Director></Director>
  <EpImgFlag>2</EpImgFlag>
  <EpisodeName>Spanish Video (1)</EpisodeName>
  <EpisodeNumber>2</EpisodeNumber>
  <FirstAired>2010-05-03</FirstAired>
  <GuestStars></GuestStars>
  <IMDB_ID></IMDB_ID>
  <Language>en</Language>
  <Overview>NBC webisode. Abed and Starburns present their video assignment to the Spanish class.</Overview>
  <ProductionCode></ProductionCode>
  <Rating></Rating>
  <RatingCount>0</RatingCount>
  <SeasonNumber>0</SeasonNumber>
  <Writer></Writer>
  <absolute_number></absolute_number>
  <airsafter_season></airsafter_season>
  <airsbefore_episode></airsbefore_episode>
  <airsbefore_season></airsbefore_season>
  <filename>episodes/94571/4287477.jpg</filename>
  <lastupdated>1331938019</lastupdated>
  <seasonid>66191</seasonid>
  <seriesid>94571</seriesid>
</Episode>
<Episode>
  <id>4287478</id>
  <Combined_episodenumber>3</Combined_episodenumber>
  <Combined_season>0</Combined_season>
  <DVD_chapter></DVD_chapter>
  <DVD_discid></DVD_discid>
  <DVD_episodenumber></DVD_episodenumber>
  <DVD_season></DVD_season>
  <Director></Director>
  <EpImgFlag>2</EpImgFlag>
  <EpisodeName>Spanish Video (2)</EpisodeName>
  <EpisodeNumber>3</EpisodeNumber>
  <FirstAired>2010-05-03</FirstAired>
  <GuestStars></GuestStars>
  <IMDB_ID></IMDB_ID>
  <Language>en</Language>
  <Overview>NBC webisode. After a second chance and a new executive producer attached, Abed and Starburns present their video assignment to the Spanish class... again.</Overview>
  <ProductionCode></ProductionCode>
  <Rating></Rating>
  <RatingCount>0</RatingCount>
  <SeasonNumber>0</SeasonNumber>
  <Writer></Writer>
  <absolute_number></absolute_number>
  <airsafter_season></airsafter_season>
  <airsbefore_episode></airsbefore_episode>
  <airsbefore_season></airsbefore_season>
  <filename>episodes/94571/4287478.jpg</filename>
  <lastupdated>1331938031</lastupdated>
  <seasonid>66191</seasonid>
  <seriesid>94571</seriesid>
</Episode>
<Episode>
  <id>4287479</id>
  <Combined_episodenumber>4</Combined_episodenumber>
  <Combined_season>0</Combined_season>
  <DVD_chapter></DVD_chapter>
  <DVD_discid></DVD_discid>
  <DVD_episodenumber></DVD_episodenumber>
  <DVD_season></DVD_season>
  <Director></Director>
  <EpImgFlag>2</EpImgFlag>
  <EpisodeName>Study Break (1)</EpisodeName>
  <EpisodeNumber>4</EpisodeNumber>
  <FirstAired></FirstAired>
  <GuestStars></GuestStars>
  <IMDB_ID></IMDB_ID>
  <Language>en</Language>
  <Overview>Xfinity TV mini episode.</Overview>
  <ProductionCode></ProductionCode>
  <Rating></Rating>
  <RatingCount>0</RatingCount>
  <SeasonNumber>0</SeasonNumber>
  <Writer></Writer>
  <absolute_number></absolute_number>
  <airsafter_season></airsafter_season>
  <airsbefore_episode></airsbefore_episode>
  <airsbefore_season></airsbefore_season>
  <filename>episodes/94571/4287479.jpg</filename>
  <lastupdated>1331937649</lastupdated>
  <seasonid>66191</seasonid>
  <seriesid>94571</seriesid>
</Episode>
<Episode>
  <id>4287480</id>
  <Combined_episodenumber>5</Combined_episodenumber>
  <Combined_season>0</Combined_season>
  <DVD_chapter></DVD_chapter>
  <DVD_discid></DVD_discid>
  <DVD_episodenumber></DVD_episodenumber>
  <DVD_season></DVD_season>
  <Director></Director>
  <EpImgFlag>2</EpImgFlag>
  <EpisodeName>Study Break (2)</EpisodeName>
  <EpisodeNumber>5</EpisodeNumber>
  <FirstAired></FirstAired>
  <GuestStars></GuestStars>
  <IMDB_ID></IMDB_ID>
  <Language>en</Language>
  <Overview>Xfinity TV mini episode.</Overview>
  <ProductionCode></ProductionCode>
  <Rating></Rating>
  <RatingCount>0</RatingCount>
  <SeasonNumber>0</SeasonNumber>
  <Writer></Writer>
  <absolute_number></absolute_number>
  <airsafter_season></airsafter_season>
  <airsbefore_episode></airsbefore_episode>
  <airsbefore_season></airsbefore_season>
  <filename>episodes/94571/4287480.jpg</filename>
  <lastupdated>1331937825</lastupdated>
  <seasonid>66191</seasonid>
  <seriesid>94571</seriesid>
</Episode>
<Episode>
  <id>4287481</id>
  <Combined_episodenumber>6</Combined_episodenumber>
  <Combined_season>0</Combined_season>
  <DVD_chapter></DVD_chapter>
  <DVD_discid></DVD_discid>
  <DVD_episodenumber></DVD_episodenumber>
  <DVD_season></DVD_season>
  <Director></Director>
  <EpImgFlag>2</EpImgFlag>
  <EpisodeName>Study Break (3)</EpisodeName>
  <EpisodeNumber>6</EpisodeNumber>
  <FirstAired></FirstAired>
  <GuestStars></GuestStars>
  <IMDB_ID></IMDB_ID>
  <Language>en</Language>
  <Overview>Xfinity TV mini episode.</Overview>
  <ProductionCode></ProductionCode>
  <Rating></Rating>
  <RatingCount>0</RatingCount>
  <SeasonNumber>0</SeasonNumber>
  <Writer></Writer>
  <absolute_number></absolute_number>
  <airsafter_season></airsafter_season>
  <airsbefore_episode></airsbefore_episode>
  <airsbefore_season></airsbefore_season>
  <filename>episodes/94571/4287481.jpg</filename>
  <lastupdated>1331937929</lastupdated>
  <seasonid>66191</seasonid>
  <seriesid>94571</seriesid>
</Episode>
<Episode>
  <id>4287482</id>
  <Combined_episodenumber>7</Combined_episodenumber>
  <Combined_season>0</Combined_season>
  <DVD_chapter></DVD_chapter>
  <DVD_discid></DVD_discid>
  <DVD_episodenumber></DVD_episodenumber>
  <DVD_season></DVD_season>
  <Director></Director>
  <EpImgFlag>2</EpImgFlag>
  <EpisodeName>Dean Pelton's Office Hours -  Pamphlet Serious</EpisodeName>
  <EpisodeNumber>7</EpisodeNumber>
  <FirstAired>2010-04-11</FirstAired>
  <GuestStars></GuestStars>
  <IMDB_ID></IMDB_ID>
  <Language>en</Language>
  <Overview>NBC webisode. Dean Pelton mediates an exchange between the Human Being and a GCC cheerleader.</Overview>
  <ProductionCode></ProductionCode>
  <Rating></Rating>
  <RatingCount>0</RatingCount>
  <SeasonNumber>0</SeasonNumber>
  <Writer></Writer>
  <absolute_number></absolute_number>
  <airsafter_season></airsafter_season>
  <airsbefore_episode></airsbefore_episode>
  <airsbefore_season></airsbefore_season>
  <filename>episodes/94571/4287482.jpg</filename>
  <lastupdated>1331937337</lastupdated>
  <seasonid>66191</seasonid>
  <seriesid>94571</seriesid>
</Episode>
<Episode>
  <id>4287483</id>
  <Combined_episodenumber>8</Combined_episodenumber>
  <Combined_season>0</Combined_season>
  <DVD_chapter></DVD_chapter>
  <DVD_discid></DVD_discid>
  <DVD_episodenumber></DVD_episodenumber>
  <DVD_season></DVD_season>
  <Director></Director>
  <EpImgFlag>2</EpImgFlag>
  <EpisodeName>Dean Pelton's Office Hours -  Hair Piece</EpisodeName>
  <EpisodeNumber>8</EpisodeNumber>
  <FirstAired>2010-04-11</FirstAired>
  <GuestStars></GuestStars>
  <IMDB_ID></IMDB_ID>
  <Language>en</Language>
  <Overview>NBC webisode. Dean Pelton seeks Leonard's advice.</Overview>
  <ProductionCode></ProductionCode>
  <Rating></Rating>
  <RatingCount>0</RatingCount>
  <SeasonNumber>0</SeasonNumber>
  <Writer></Writer>
  <absolute_number></absolute_number>
  <airsafter_season></airsafter_season>
  <airsbefore_episode></airsbefore_episode>
  <airsbefore_season></airsbefore_season>
  <filename>episodes/94571/4287483.jpg</filename>
  <lastupdated>1331937421</lastupdated>
  <seasonid>66191</seasonid>
  <seriesid>94571</seriesid>
</Episode>
<Episode>
  <id>4287484</id>
  <Combined_episodenumber>9</Combined_episodenumber>
  <Combined_season>0</Combined_season>
  <DVD_chapter></DVD_chapter>
  <DVD_discid></DVD_discid>
  <DVD_episodenumber></DVD_episodenumber>
  <DVD_season></DVD_season>
  <Director></Director>
  <EpImgFlag>2</EpImgFlag>
  <EpisodeName>Dean Pelton's Office Hours -  Independant Study Assistant</EpisodeName>
  <EpisodeNumber>9</EpisodeNumber>
  <FirstAired>2010-04-11</FirstAired>
  <GuestStars></GuestStars>
  <IMDB_ID></IMDB_ID>
  <Language>en</Language>
  <Overview>NBC webisode. Dean Pelton's consoles his assistant after a misunderstanding.</Overview>
  <ProductionCode></ProductionCode>
  <Rating></Rating>
  <RatingCount>0</RatingCount>
  <SeasonNumber>0</SeasonNumber>
  <Writer></Writer>
  <absolute_number></absolute_number>
  <airsafter_season></airsafter_season>
  <airsbefore_episode></airsbefore_episode>
  <airsbefore_season></airsbefore_season>
  <filename>episodes/94571/4287484.jpg</filename>
  <lastupdated>1331937511</lastupdated>
  <seasonid>66191</seasonid>
  <seriesid>94571</seriesid>
</Episode>
<Episode>
  <id>4287485</id>
  <Combined_episodenumber>10</Combined_episodenumber>
  <Combined_season>0</Combined_season>
  <DVD_chapter></DVD_chapter>
  <DVD_discid></DVD_discid>
  <DVD_episodenumber></DVD_episodenumber>
  <DVD_season></DVD_season>
  <Director></Director>
  <EpImgFlag>2</EpImgFlag>
  <EpisodeName>Abed's Master Key (1)</EpisodeName>
  <EpisodeNumber>10</EpisodeNumber>
  <FirstAired>2012-03-07</FirstAired>
  <GuestStars></GuestStars>
  <IMDB_ID></IMDB_ID>
  <Language>en</Language>
  <Overview>NBC animated webisode. Dean Pelton hires Abed as his temporary assistant, entrusting him with the Greendale master key.</Overview>
  <ProductionCode></ProductionCode>
  <Rating></Rating>
  <RatingCount>0</RatingCount>
  <SeasonNumber>0</SeasonNumber>
  <Writer></Writer>
  <absolute_number></absolute_number>
  <airsafter_season></airsafter_season>
  <airsbefore_episode></airsbefore_episode>
  <airsbefore_season></airsbefore_season>
  <filename>episodes/94571/4287485.jpg</filename>
  <lastupdated>1331979325</lastupdated>
  <seasonid>66191</seasonid>
  <seriesid>94571</seriesid>
</Episode>
<Episode>
  <id>4287486</id>
  <Combined_episodenumber>11</Combined_episodenumber>
  <Combined_season>0</Combined_season>
  <DVD_chapter></DVD_chapter>
  <DVD_discid></DVD_discid>
  <DVD_episodenumber></DVD_episodenumber>
  <DVD_season></DVD_season>
  <Director></Director>
  <EpImgFlag>2</EpImgFlag>
  <EpisodeName>Abed's Master Key (2)</EpisodeName>
  <EpisodeNumber>11</EpisodeNumber>
  <FirstAired>2012-03-07</FirstAired>
  <GuestStars></GuestStars>
  <IMDB_ID></IMDB_ID>
  <Language>en</Language>
  <Overview>NBC Animated Webisode. The power of the key may be too much for Abed to handle!</Overview>
  <ProductionCode></ProductionCode>
  <Rating></Rating>
  <RatingCount>0</RatingCount>
  <SeasonNumber>0</SeasonNumber>
  <Writer></Writer>
  <absolute_number></absolute_number>
  <airsafter_season></airsafter_season>
  <airsbefore_episode></airsbefore_episode>
  <airsbefore_season></airsbefore_season>
  <filename>episodes/94571/4287486.jpg</filename>
  <lastupdated>1331979334</lastupdated>
  <seasonid>66191</seasonid>
  <seriesid>94571</seriesid>
</Episode>
<Episode>
  <id>4287487</id>
  <Combined_episodenumber>12</Combined_episodenumber>
  <Combined_season>0</Combined_season>
  <DVD_chapter></DVD_chapter>
  <DVD_discid></DVD_discid>
  <DVD_episodenumber></DVD_episodenumber>
  <DVD_season></DVD_season>
  <Director></Director>
  <EpImgFlag>2</EpImgFlag>
  <EpisodeName>Abed's Master Key (3)</EpisodeName>
  <EpisodeNumber>12</EpisodeNumber>
  <FirstAired>2012-03-07</FirstAired>
  <GuestStars></GuestStars>
  <IMDB_ID></IMDB_ID>
  <Language>en</Language>
  <Overview>NBC Animated Webisode. Can Britta handle the power of the key?</Overview>
  <ProductionCode></ProductionCode>
  <Rating></Rating>
  <RatingCount>0</RatingCount>
  <SeasonNumber>0</SeasonNumber>
  <Writer></Writer>
  <absolute_number></absolute_number>
  <airsafter_season></airsafter_season>
  <airsbefore_episode></airsbefore_episode>
  <airsbefore_season></airsbefore_season>
  <filename>episodes/94571/4287487.jpg</filename>
  <lastupdated>1331979342</lastupdated>
  <seasonid>66191</seasonid>
  <seriesid>94571</seriesid>
</Episode>
<Episode>
  <id>657721</id>
  <Combined_episodenumber>1.0</Combined_episodenumber>
  <Combined_season>1</Combined_season>
  <DVD_chapter></DVD_chapter>
  <DVD_discid></DVD_discid>
  <DVD_episodenumber>1.0</DVD_episodenumber>
  <DVD_season>1</DVD_season>
  <Director>Anthony Russo|Joe Russo</Director>
  <EpImgFlag>2</EpImgFlag>
  <EpisodeName>Pilot</EpisodeName>
  <EpisodeNumber>1</EpisodeNumber>
  <FirstAired>2009-09-17</FirstAired>
  <GuestStars></GuestStars>
  <IMDB_ID>tt1467481</IMDB_ID>
  <Language>en</Language>
  <Overview>Jeff Winger, a lawyer whose degree has been revoked, finds himself at Greendale Community College where he forms a study group consisting of Pierce, Britta, a 28-year old drop out; Shirley, a middle-aged and recently divorced woman; Abed, a pop-culture junkie; Annie, a perfectionist; Troy, a former high school football hero; and Senor Chang, the Spanish professor. </Overview>
  <ProductionCode>100</ProductionCode>
  <Rating>7.4</Rating>
  <RatingCount>93</RatingCount>
  <SeasonNumber>1</SeasonNumber>
  <Writer>Dan Harmon</Writer>
  <absolute_number></absolute_number>
  <filename>episodes/94571/657721.jpg</filename>
  <lastupdated>1332269048</lastupdated>
  <seasonid>66681</seasonid>
  <seriesid>94571</seriesid>
</Episode>
<Episode>
  <id>1077131</id>
  <Combined_episodenumber>2.0</Combined_episodenumber>
  <Combined_season>1</Combined_season>
  <DVD_chapter></DVD_chapter>
  <DVD_discid></DVD_discid>
  <DVD_episodenumber>2.0</DVD_episodenumber>
  <DVD_season>1</DVD_season>
  <Director>Joe Russo</Director>
  <EpImgFlag>2</EpImgFlag>
  <EpisodeName>Spanish 101</EpisodeName>
  <EpisodeNumber>2</EpisodeNumber>
  <FirstAired>2009-09-24</FirstAired>
  <GuestStars></GuestStars>
  <IMDB_ID>tt1503241</IMDB_ID>
  <Language>en</Language>
  <Overview>When Senor Chang assigns the class a project that requires partners, Jeff works to become Britta's partner. However, his attempts backfire and he ends up with someone he didn't want to work with. Meanwhile, Shirley and Annie help Britta with a social justice cause. </Overview>
  <ProductionCode>101</ProductionCode>
  <Rating>7.5</Rating>
  <RatingCount>78</RatingCount>
  <SeasonNumber>1</SeasonNumber>
  <Writer>Dan Harmon</Writer>
  <absolute_number></absolute_number>
  <filename>episodes/94571/1077131.jpg</filename>
  <lastupdated>1332269068</lastupdated>
  <seasonid>66681</seasonid>
  <seriesid>94571</seriesid>
</Episode>
<Episode>
  <id>1084101</id>
  <Combined_episodenumber>3.0</Combined_episodenumber>
  <Combined_season>1</Combined_season>
  <DVD_chapter></DVD_chapter>
  <DVD_discid></DVD_discid>
  <DVD_episodenumber>3.0</DVD_episodenumber>
  <DVD_season>1</DVD_season>
  <Director>Anthony Russo</Director>
  <EpImgFlag>2</EpImgFlag>
  <EpisodeName>Introduction to Film</EpisodeName>
  <EpisodeNumber>3</EpisodeNumber>
  <FirstAired>2009-10-01</FirstAired>
  <GuestStars></GuestStars>
  <IMDB_ID>tt1480354</IMDB_ID>
  <Language>en</Language>
  <Overview>Jeff joins Professor Whitman class for an easy A grade. Jeff realizes how much work he needs to put in to pass. Britta helps Abed fulfill his dream.</Overview>
  <ProductionCode>102</ProductionCode>
  <Rating>7.7</Rating>
  <RatingCount>69</RatingCount>
  <SeasonNumber>1</SeasonNumber>
  <Writer>Tim Hobert|Jon Pollack</Writer>
  <absolute_number></absolute_number>
  <filename>episodes/94571/1084101.jpg</filename>
  <lastupdated>1333107610</lastupdated>
  <seasonid>66681</seasonid>
  <seriesid>94571</seriesid>
</Episode>
<Episode>
  <id>1084111</id>
  <Combined_episodenumber>4.0</Combined_episodenumber>
  <Combined_season>1</Combined_season>
  <DVD_chapter></DVD_chapter>
  <DVD_discid></DVD_discid>
  <DVD_episodenumber>4.0</DVD_episodenumber>
  <DVD_season>1</DVD_season>
  <Director>Anthony Russo</Director>
  <EpImgFlag>2</EpImgFlag>
  <EpisodeName>Social Psychology</EpisodeName>
  <EpisodeNumber>4</EpisodeNumber>
  <FirstAired>2009-10-08</FirstAired>
  <GuestStars>Eric Christian Olsen</GuestStars>
  <IMDB_ID>tt1527326</IMDB_ID>
  <Language>en</Language>
  <Overview>For Professor Duncan's psychology research team, Abed and Troy are recruited as test subjects by Annie. Also, Shirley and Jeff start to bond as they gossip about Britta and her boyfriend.</Overview>
  <ProductionCode>104</ProductionCode>
  <Rating>7.7</Rating>
  <RatingCount>67</RatingCount>
  <SeasonNumber>1</SeasonNumber>
  <Writer>Liz Cackowski</Writer>
  <absolute_number></absolute_number>
  <filename>episodes/94571/1084111.jpg</filename>
  <lastupdated>1333107629</lastupdated>
  <seasonid>66681</seasonid>
  <seriesid>94571</seriesid>
</Episode>
<Episode>
  <id>1180141</id>
  <Combined_episodenumber>5.0</Combined_episodenumber>
  <Combined_season>1</Combined_season>
  <DVD_chapter></DVD_chapter>
  <DVD_discid></DVD_discid>
  <DVD_episodenumber>5.0</DVD_episodenumber>
  <DVD_season>1</DVD_season>
  <Director>Joe Russo</Director>
  <EpImgFlag>2</EpImgFlag>
  <EpisodeName>Advanced Criminal Law</EpisodeName>
  <EpisodeNumber>5</EpisodeNumber>
  <FirstAired>2009-10-15</FirstAired>
  <GuestStars></GuestStars>
  <IMDB_ID>tt1515324</IMDB_ID>
  <Language>en</Language>
  <Overview>Senor Chang warns that he'll give failing marks to the whole class unless the cheater admits to his/her indiscretion. Jeff then defends the one who comes forward. Annie and Pierce team up to compose a new school song. </Overview>
  <ProductionCode>105</ProductionCode>
  <Rating>7.8</Rating>
  <RatingCount>60</RatingCount>
  <SeasonNumber>1</SeasonNumber>
  <Writer>Andrew Guest</Writer>
  <absolute_number></absolute_number>
  <filename>episodes/94571/1180141.jpg</filename>
  <lastupdated>1333107640</lastupdated>
  <seasonid>66681</seasonid>
  <seriesid>94571</seriesid>
</Episode>
<Episode>
  <id>1180151</id>
  <Combined_episodenumber>6.0</Combined_episodenumber>
  <Combined_season>1</Combined_season>
  <DVD_chapter></DVD_chapter>
  <DVD_discid></DVD_discid>
  <DVD_episodenumber>6.0</DVD_episodenumber>
  <DVD_season>1</DVD_season>
  <Director>Joe Russo</Director>
  <EpImgFlag>2</EpImgFlag>
  <EpisodeName>Football, Feminism and You</EpisodeName>
  <EpisodeNumber>6</EpisodeNumber>
  <FirstAired>2009-10-22</FirstAired>
  <GuestStars></GuestStars>
  <IMDB_ID>tt1515325</IMDB_ID>
  <Language>en</Language>
  <Overview>While Jeff urges Troy to sign up with the football team, Britta learns girl talk etiquette from Shirley. </Overview>
  <ProductionCode>103</ProductionCode>
  <Rating>7.6</Rating>
  <RatingCount>65</RatingCount>
  <SeasonNumber>1</SeasonNumber>
  <Writer>Hilary Winston</Writer>
  <absolute_number></absolute_number>
  <filename>episodes/94571/1180151.jpg</filename>
  <lastupdated>1333107652</lastupdated>
  <seasonid>66681</seasonid>
  <seriesid>94571</seriesid>
</Episode>
<Episode>
  <id>1243291</id>
  <Combined_episodenumber>7.0</Combined_episodenumber>
  <Combined_season>1</Combined_season>
  <DVD_chapter></DVD_chapter>
  <DVD_discid></DVD_discid>
  <DVD_episodenumber>7.0</DVD_episodenumber>
  <DVD_season>1</DVD_season>
  <Director>Justin Lin</Director>
  <EpImgFlag>2</EpImgFlag>
  <EpisodeName>Introduction to Statistics</EpisodeName>
  <EpisodeNumber>7</EpisodeNumber>
  <FirstAired>2009-10-29</FirstAired>
  <GuestStars>Lauren Stamile</GuestStars>
  <IMDB_ID>tt1528909</IMDB_ID>
  <Language>en</Language>
  <Overview>Jeff must come to a decision after he makes a date with a hot statistics professor which clashes with Annie's Day of the Dead party.</Overview>
  <ProductionCode>106</ProductionCode>
  <Rating>7.8</Rating>
  <RatingCount>71</RatingCount>
  <SeasonNumber>1</SeasonNumber>
  <Writer>Jon Pollack | Tim Hobert</Writer>
  <absolute_number></absolute_number>
  <filename>episodes/94571/1243291.jpg</filename>
  <lastupdated>1333107662</lastupdated>
  <seasonid>66681</seasonid>
  <seriesid>94571</seriesid>
</Episode>
<Episode>
  <id>1268111</id>
  <Combined_episodenumber>8.0</Combined_episodenumber>
  <Combined_season>1</Combined_season>
  <DVD_chapter></DVD_chapter>
  <DVD_discid></DVD_discid>
  <DVD_episodenumber>8.0</DVD_episodenumber>
  <DVD_season>1</DVD_season>
  <Director>Anthony Russo</Director>
  <EpImgFlag>2</EpImgFlag>
  <EpisodeName>Home Economics</EpisodeName>
  <EpisodeNumber>8</EpisodeNumber>
  <FirstAired>2009-11-05</FirstAired>
  <GuestStars>Patton Oswalt|Eric Christian Olsen</GuestStars>
  <IMDB_ID>tt1531446</IMDB_ID>
  <Language>en</Language>
  <Overview>Jeff's schoolmates come to his aid when they learn he is living out of his car. Pierce joins Vaughn's band while Annie and Troy plan out his date with another girl.</Overview>
  <ProductionCode>107</ProductionCode>
  <Rating>7.6</Rating>
  <RatingCount>68</RatingCount>
  <SeasonNumber>1</SeasonNumber>
  <Writer>Lauren Pomerantz</Writer>
  <absolute_number></absolute_number>
  <filename>episodes/94571/1268111.jpg</filename>
  <lastupdated>1333107673</lastupdated>
  <seasonid>66681</seasonid>
  <seriesid>94571</seriesid>
</Episode>
<Episode>
  <id>1268121</id>
  <Combined_episodenumber>9.0</Combined_episodenumber>
  <Combined_season>1</Combined_season>
  <DVD_chapter></DVD_chapter>
  <DVD_discid></DVD_discid>
  <DVD_episodenumber>9.0</DVD_episodenumber>
  <DVD_season>1</DVD_season>
  <Director>Joe Russo</Director>
  <EpImgFlag>2</EpImgFlag>
  <EpisodeName>Debate 109</EpisodeName>
  <EpisodeNumber>9</EpisodeNumber>
  <FirstAired>2009-11-12</FirstAired>
  <GuestStars></GuestStars>
  <IMDB_ID>tt1531175</IMDB_ID>
  <Language>en</Language>
  <Overview>Jeff and Annie team up against City College for the debate championship. Pierce applies hypnotherapy on Britta to help her quit smoking while Shirley is weird-ed out as Abed's films appear to predict the future.</Overview>
  <ProductionCode>109</ProductionCode>
  <Rating>7.7</Rating>
  <RatingCount>64</RatingCount>
  <SeasonNumber>1</SeasonNumber>
  <Writer>Tim Hobert</Writer>
  <absolute_number></absolute_number>
  <filename>episodes/94571/1268121.jpg</filename>
  <lastupdated>1333107683</lastupdated>
  <seasonid>66681</seasonid>
  <seriesid>94571</seriesid>
</Episode>
<Episode>
  <id>1268131</id>
  <Combined_episodenumber>10.0</Combined_episodenumber>
  <Combined_season>1</Combined_season>
  <DVD_chapter></DVD_chapter>
  <DVD_discid></DVD_discid>
  <DVD_episodenumber>10.0</DVD_episodenumber>
  <DVD_season>1</DVD_season>
  <Director>Seth Gordon</Director>
  <EpImgFlag>2</EpImgFlag>
  <EpisodeName>Environmental Science</EpisodeName>
  <EpisodeNumber>10</EpisodeNumber>
  <FirstAired>2009-11-19</FirstAired>
  <GuestStars></GuestStars>
  <IMDB_ID>tt1544667</IMDB_ID>
  <Language>en</Language>
  <Overview>Jeff's classmates entrust him with the task of discussing with Senor Chang the unreasonable amount of homework assigned to them. Troy and Abed lose their subject for a biology lab experiment.</Overview>
  <ProductionCode>108</ProductionCode>
  <Rating>7.8</Rating>
  <RatingCount>67</RatingCount>
  <SeasonNumber>1</SeasonNumber>
  <Writer>Zach Paez</Writer>
  <absolute_number></absolute_number>
  <filename>episodes/94571/1268131.jpg</filename>
  <lastupdated>1333107693</lastupdated>
  <seasonid>66681</seasonid>
  <seriesid>94571</seriesid>
</Episode>
<Episode>
  <id>1363161</id>
  <Combined_episodenumber>11.0</Combined_episodenumber>
  <Combined_season>1</Combined_season>
  <DVD_chapter></DVD_chapter>
  <DVD_discid></DVD_discid>
  <DVD_episodenumber>11.0</DVD_episodenumber>
  <DVD_season>1</DVD_season>
  <Director>Anthony Russo</Director>
  <EpImgFlag>2</EpImgFlag>
  <EpisodeName>The Politics of Human Sexuality</EpisodeName>
  <EpisodeNumber>11</EpisodeNumber>
  <FirstAired>2009-12-03</FirstAired>
  <GuestStars>Sharon Lawrence</GuestStars>
  <IMDB_ID>tt1550378</IMDB_ID>
  <Language>en</Language>
  <Overview>Britta dares Jeff to find himself a partner for a double date with Pierce and his new girlfriend. Meanwhile, Shirley and Britta lend their hand as Annie tries to learn anatomy for a special health fair presentation in school.</Overview>
  <ProductionCode>110</ProductionCode>
  <Rating>7.6</Rating>
  <RatingCount>63</RatingCount>
  <SeasonNumber>1</SeasonNumber>
  <Writer>Hilary Winston</Writer>
  <absolute_number></absolute_number>
  <filename>episodes/94571/1363161.jpg</filename>
  <lastupdated>1333107705</lastupdated>
  <seasonid>66681</seasonid>
  <seriesid>94571</seriesid>
</Episode>
<Episode>
  <id>1363171</id>
  <Combined_episodenumber>12.0</Combined_episodenumber>
  <Combined_season>1</Combined_season>
  <DVD_chapter></DVD_chapter>
  <DVD_discid></DVD_discid>
  <DVD_episodenumber>12.0</DVD_episodenumber>
  <DVD_season>1</DVD_season>
  <Director>Adam Davidson</Director>
  <EpImgFlag>2</EpImgFlag>
  <EpisodeName>Comparative Religion</EpisodeName>
  <EpisodeNumber>12</EpisodeNumber>
  <FirstAired>2009-12-10</FirstAired>
  <GuestStars></GuestStars>
  <IMDB_ID>tt1559103</IMDB_ID>
  <Language>en</Language>
  <Overview>Shirley does the preparations for an upcoming holiday party. Jeff goes up against a school bully after being challenged to a fight. 

</Overview>
  <ProductionCode>111</ProductionCode>
  <Rating>7.7</Rating>
  <RatingCount>67</RatingCount>
  <SeasonNumber>1</SeasonNumber>
  <Writer>Liz Cackowski</Writer>
  <absolute_number></absolute_number>
  <filename>episodes/94571/1363171.jpg</filename>
  <lastupdated>1333107716</lastupdated>
  <seasonid>66681</seasonid>
  <seriesid>94571</seriesid>
</Episode>
<Episode>
  <id>1526721</id>
  <Combined_episodenumber>13.0</Combined_episodenumber>
  <Combined_season>1</Combined_season>
  <DVD_chapter></DVD_chapter>
  <DVD_discid></DVD_discid>
  <DVD_episodenumber>13.0</DVD_episodenumber>
  <DVD_season>1</DVD_season>
  <Director>Joe Russo</Director>
  <EpImgFlag>2</EpImgFlag>
  <EpisodeName>Investigative Journalism</EpisodeName>
  <EpisodeNumber>13</EpisodeNumber>
  <FirstAired>2010-01-14</FirstAired>
  <GuestStars>Jack Black|Owen Wilson</GuestStars>
  <IMDB_ID>tt1575766</IMDB_ID>
  <Language>en</Language>
  <Overview>While Jeff takes on the role of Greendale Gazette Journal's editor, the gang must decide whether or not to admit an eager classmate into their study group.</Overview>
  <ProductionCode>113</ProductionCode>
  <Rating>7.4</Rating>
  <RatingCount>62</RatingCount>
  <SeasonNumber>1</SeasonNumber>
  <Writer>Jon Pollack|Tim Hobert</Writer>
  <absolute_number></absolute_number>
  <filename>episodes/94571/1526721.jpg</filename>
  <lastupdated>1333107727</lastupdated>
  <seasonid>66681</seasonid>
  <seriesid>94571</seriesid>
</Episode>
<Episode>
  <id>1526811</id>
  <Combined_episodenumber>14.0</Combined_episodenumber>
  <Combined_season>1</Combined_season>
  <DVD_chapter></DVD_chapter>
  <DVD_discid></DVD_discid>
  <DVD_episodenumber>14.0</DVD_episodenumber>
  <DVD_season>1</DVD_season>
  <Director>Justin Lin</Director>
  <EpImgFlag>2</EpImgFlag>
  <EpisodeName>Interpretive Dance</EpisodeName>
  <EpisodeNumber>14</EpisodeNumber>
  <FirstAired>2010-01-21</FirstAired>
  <GuestStars>Lauren Stamile</GuestStars>
  <IMDB_ID>tt1584204</IMDB_ID>
  <Language>en</Language>
  <Overview>Jeff struggles to keep his affair a secret. Troy and Britta choose to reveal their secret to their friends.</Overview>
  <ProductionCode>112</ProductionCode>
  <Rating>7.8</Rating>
  <RatingCount>69</RatingCount>
  <SeasonNumber>1</SeasonNumber>
  <Writer>Lauren Pomerantz</Writer>
  <absolute_number></absolute_number>
  <filename>episodes/94571/1526811.jpg</filename>
  <lastupdated>1333107736</lastupdated>
  <seasonid>66681</seasonid>
  <seriesid>94571</seriesid>
</Episode>
<Episode>
  <id>1588691</id>
  <Combined_episodenumber>15.0</Combined_episodenumber>
  <Combined_season>1</Combined_season>
  <DVD_chapter></DVD_chapter>
  <DVD_discid></DVD_discid>
  <DVD_episodenumber>15.0</DVD_episodenumber>
  <DVD_season>1</DVD_season>
  <Director>Joe Russo</Director>
  <EpImgFlag>2</EpImgFlag>
  <EpisodeName>Romantic Expressionism</EpisodeName>
  <EpisodeNumber>15</EpisodeNumber>
  <FirstAired>2010-02-04</FirstAired>
  <GuestStars>Eric Christian Olsen</GuestStars>
  <IMDB_ID>tt1593849</IMDB_ID>
  <Language>en</Language>
  <Overview>Jeff and Britta meddle in Annie's love life when she starts dating Britta's ex, Vaughn. Meanwhile, Pierce feels left out of Troy and Abed's movie night.</Overview>
  <ProductionCode>115</ProductionCode>
  <Rating>7.8</Rating>
  <RatingCount>67</RatingCount>
  <SeasonNumber>1</SeasonNumber>
  <Writer>Andrew Guest</Writer>
  <absolute_number></absolute_number>
  <filename>episodes/94571/1588691.jpg</filename>
  <lastupdated>1333107746</lastupdated>
  <seasonid>66681</seasonid>
  <seriesid>94571</seriesid>
</Episode>
<Episode>
  <id>1669251</id>
  <Combined_episodenumber>16.0</Combined_episodenumber>
  <Combined_season>1</Combined_season>
  <DVD_chapter></DVD_chapter>
  <DVD_discid></DVD_discid>
  <DVD_episodenumber>16.0</DVD_episodenumber>
  <DVD_season>1</DVD_season>
  <Director>Adam Davidson</Director>
  <EpImgFlag>2</EpImgFlag>
  <EpisodeName>Communication Studies</EpisodeName>
  <EpisodeNumber>16</EpisodeNumber>
  <FirstAired>2010-02-11</FirstAired>
  <GuestStars>Lauren Stamile</GuestStars>
  <IMDB_ID>tt1593848</IMDB_ID>
  <Language>en</Language>
  <Overview>Due to the aftermaths of a terrible mistake, Jeff attempts to reconcile his friendship with Britta. Shirley and Annie want to pull a prank on Señor Ben Chang.</Overview>
  <ProductionCode>116</ProductionCode>
  <Rating>7.8</Rating>
  <RatingCount>73</RatingCount>
  <SeasonNumber>1</SeasonNumber>
  <Writer>Chris McKenna</Writer>
  <absolute_number></absolute_number>
  <filename>episodes/94571/1669251.jpg</filename>
  <lastupdated>1333107756</lastupdated>
  <seasonid>66681</seasonid>
  <seriesid>94571</seriesid>
</Episode>
<Episode>
  <id>1821991</id>
  <Combined_episodenumber>17.0</Combined_episodenumber>
  <Combined_season>1</Combined_season>
  <DVD_chapter></DVD_chapter>
  <DVD_discid></DVD_discid>
  <DVD_episodenumber>17.0</DVD_episodenumber>
  <DVD_season>1</DVD_season>
  <Director>Anthony Russo</Director>
  <EpImgFlag>2</EpImgFlag>
  <EpisodeName>Physical Education</EpisodeName>
  <EpisodeNumber>17</EpisodeNumber>
  <FirstAired>2010-03-04</FirstAired>
  <GuestStars></GuestStars>
  <IMDB_ID>tt1594619</IMDB_ID>
  <Language>en</Language>
  <Overview>Jeff shows a little leg in billiards class when he's forced to wear the Greendale PE uniform, while the gang tries to help Abed get a girl.</Overview>
  <ProductionCode>118</ProductionCode>
  <Rating>8.0</Rating>
  <RatingCount>74</RatingCount>
  <SeasonNumber>1</SeasonNumber>
  <Writer>Jessie Miller</Writer>
  <absolute_number></absolute_number>
  <filename>episodes/94571/1821991.jpg</filename>
  <lastupdated>1333107765</lastupdated>
  <seasonid>66681</seasonid>
  <seriesid>94571</seriesid>
</Episode>
<Episode>
  <id>1822051</id>
  <Combined_episodenumber>18.0</Combined_episodenumber>
  <Combined_season>1</Combined_season>
  <DVD_chapter></DVD_chapter>
  <DVD_discid></DVD_discid>
  <DVD_episodenumber>18.0</DVD_episodenumber>
  <DVD_season>1</DVD_season>
  <Director>Ken Whittingham</Director>
  <EpImgFlag>2</EpImgFlag>
  <EpisodeName>Basic Genealogy</EpisodeName>
  <EpisodeNumber>18</EpisodeNumber>
  <FirstAired>2010-03-11</FirstAired>
  <GuestStars>Lauren Stamile</GuestStars>
  <IMDB_ID>tt1612641</IMDB_ID>
  <Language>en</Language>
  <Overview>It's family day at Greendale Community College and the gang's families come to campus to join in on the fun.</Overview>
  <ProductionCode>117</ProductionCode>
  <Rating>7.7</Rating>
  <RatingCount>69</RatingCount>
  <SeasonNumber>1</SeasonNumber>
  <Writer>Karey Dornetto</Writer>
  <absolute_number></absolute_number>
  <filename>episodes/94571/1822051.jpg</filename>
  <lastupdated>1333107778</lastupdated>
  <seasonid>66681</seasonid>
  <seriesid>94571</seriesid>
</Episode>
<Episode>
  <id>1822061</id>
  <Combined_episodenumber>19.0</Combined_episodenumber>
  <Combined_season>1</Combined_season>
  <DVD_chapter></DVD_chapter>
  <DVD_discid></DVD_discid>
  <DVD_episodenumber>19.0</DVD_episodenumber>
  <DVD_season>1</DVD_season>
  <Director>Anthony Russo</Director>
  <EpImgFlag>2</EpImgFlag>
  <EpisodeName>Beginner Pottery</EpisodeName>
  <EpisodeNumber>19</EpisodeNumber>
  <FirstAired>2010-03-18</FirstAired>
  <GuestStars>Greg Cromer | Tony Hale</GuestStars>
  <IMDB_ID>tt1582821</IMDB_ID>
  <Language>en</Language>
  <Overview>While Jeff takes interest in a pottery class, Pierce invites his friends to his boating class.</Overview>
  <ProductionCode>114</ProductionCode>
  <Rating>7.7</Rating>
  <RatingCount>65</RatingCount>
  <SeasonNumber>1</SeasonNumber>
  <Writer>Hilary Winston</Writer>
  <absolute_number></absolute_number>
  <filename>episodes/94571/1822061.jpg</filename>
  <lastupdated>1333107794</lastupdated>
  <seasonid>66681</seasonid>
  <seriesid>94571</seriesid>
</Episode>
<Episode>
  <id>1952101</id>
  <Combined_episodenumber>20.0</Combined_episodenumber>
  <Combined_season>1</Combined_season>
  <DVD_chapter></DVD_chapter>
  <DVD_discid></DVD_discid>
  <DVD_episodenumber>20.0</DVD_episodenumber>
  <DVD_season>1</DVD_season>
  <Director>Adam Davidson</Director>
  <EpImgFlag>2</EpImgFlag>
  <EpisodeName>The Science of Illusion</EpisodeName>
  <EpisodeNumber>20</EpisodeNumber>
  <FirstAired>2010-03-25</FirstAired>
  <GuestStars></GuestStars>
  <IMDB_ID>tt1619954</IMDB_ID>
  <Language>en</Language>
  <Overview>Pierce is willing to do and wear whatever it takes to reach a new level of ascension in his Buddhist church. Meanwhile, Britta secretly tries to shake her reputation as a buzzkill, resulting in a prank gone horribly wrong. Britta's misguided attempt at levity forces new campus security officers Annie and Shirley to investigate the crime.</Overview>
  <ProductionCode></ProductionCode>
  <Rating>7.7</Rating>
  <RatingCount>66</RatingCount>
  <SeasonNumber>1</SeasonNumber>
  <Writer>Zach Paez</Writer>
  <absolute_number></absolute_number>
  <filename>episodes/94571/1952101.jpg</filename>
  <lastupdated>1333107803</lastupdated>
  <seasonid>66681</seasonid>
  <seriesid>94571</seriesid>
</Episode>
<Episode>
  <id>1984871</id>
  <Combined_episodenumber>21.0</Combined_episodenumber>
  <Combined_season>1</Combined_season>
  <DVD_chapter></DVD_chapter>
  <DVD_discid></DVD_discid>
  <DVD_episodenumber>21.0</DVD_episodenumber>
  <DVD_season>1</DVD_season>
  <Director>Tristram Shapeero</Director>
  <EpImgFlag>2</EpImgFlag>
  <EpisodeName>Contemporary American Poultry</EpisodeName>
  <EpisodeNumber>21</EpisodeNumber>
  <FirstAired>2010-04-22</FirstAired>
  <GuestStars></GuestStars>
  <IMDB_ID>tt1628912</IMDB_ID>
  <Language>en</Language>
  <Overview>The group becomes popular when, with Abed working in the cafeteria, they start a racket in chicken fingers. Soon, the gang's new-found popularity begins to inflate their egos, and Jeff realizes that he must find a way to end his friends' reign. </Overview>
  <ProductionCode></ProductionCode>
  <Rating>7.8</Rating>
  <RatingCount>75</RatingCount>
  <SeasonNumber>1</SeasonNumber>
  <Writer>Emily Cutler|Karey Dornetto</Writer>
  <absolute_number></absolute_number>
  <filename>episodes/94571/1984871.jpg</filename>
  <lastupdated>1333107814</lastupdated>
  <seasonid>66681</seasonid>
  <seriesid>94571</seriesid>
</Episode>
<Episode>
  <id>2106571</id>
  <Combined_episodenumber>22.0</Combined_episodenumber>
  <Combined_season>1</Combined_season>
  <DVD_chapter></DVD_chapter>
  <DVD_discid></DVD_discid>
  <DVD_episodenumber>22.0</DVD_episodenumber>
  <DVD_season>1</DVD_season>
  <Director>Adam Davidson</Director>
  <EpImgFlag>2</EpImgFlag>
  <EpisodeName>The Art of Discourse</EpisodeName>
  <EpisodeNumber>22</EpisodeNumber>
  <FirstAired>2010-04-29</FirstAired>
  <GuestStars>|Lisa Rinna|</GuestStars>
  <IMDB_ID>tt1628913</IMDB_ID>
  <Language>en</Language>
  <Overview>The group is divided after Pierce crosses a line with Shirley; Britta and Jeff face a group of young bullies and their mother</Overview>
  <ProductionCode></ProductionCode>
  <Rating>7.8</Rating>
  <RatingCount>73</RatingCount>
  <SeasonNumber>1</SeasonNumber>
  <Writer>Chris McKenna</Writer>
  <absolute_number></absolute_number>
  <filename>episodes/94571/2106571.jpg</filename>
  <lastupdated>1333107824</lastupdated>
  <seasonid>66681</seasonid>
  <seriesid>94571</seriesid>
</Episode>
<Episode>
  <id>2075111</id>
  <Combined_episodenumber>23.0</Combined_episodenumber>
  <Combined_season>1</Combined_season>
  <DVD_chapter></DVD_chapter>
  <DVD_discid></DVD_discid>
  <DVD_episodenumber>23.0</DVD_episodenumber>
  <DVD_season>1</DVD_season>
  <Director>Justin Lin</Director>
  <EpImgFlag>2</EpImgFlag>
  <EpisodeName>Modern Warfare</EpisodeName>
  <EpisodeNumber>23</EpisodeNumber>
  <FirstAired>2010-05-06</FirstAired>
  <GuestStars></GuestStars>
  <IMDB_ID>tt1595996</IMDB_ID>
  <Language>en</Language>
  <Overview>The sexual tension between Jeff and Britta becomes a hot topic among the study group. Meanwhile, what starts out as a simple contest for a chance at early class registration turns the peaceful campus of Greendale Community College into an all-out war zone. Friendships are tested, as only one student can be victorious.</Overview>
  <ProductionCode>119</ProductionCode>
  <Rating>8.4</Rating>
  <RatingCount>81</RatingCount>
  <SeasonNumber>1</SeasonNumber>
  <Writer>Emily Cutler</Writer>
  <absolute_number></absolute_number>
  <filename>episodes/94571/2075111.jpg</filename>
  <lastupdated>1333107833</lastupdated>
  <seasonid>66681</seasonid>
  <seriesid>94571</seriesid>
</Episode>
<Episode>
  <id>2106581</id>
  <Combined_episodenumber>24.0</Combined_episodenumber>
  <Combined_season>1</Combined_season>
  <DVD_chapter></DVD_chapter>
  <DVD_discid></DVD_discid>
  <DVD_episodenumber>24.0</DVD_episodenumber>
  <DVD_season>1</DVD_season>
  <Director>Gail Mancuso</Director>
  <EpImgFlag>7</EpImgFlag>
  <EpisodeName>English as a Second Language</EpisodeName>
  <EpisodeNumber>24</EpisodeNumber>
  <FirstAired>2010-05-13</FirstAired>
  <GuestStars></GuestStars>
  <IMDB_ID>tt1628195</IMDB_ID>
  <Language>en</Language>
  <Overview>Greendale Community College is forced to bring in a new Spanish teacher after a shocking discovery about Señor Chang; Meanwhile, Troy discovers a trade he truly excels in -- plumbing.
</Overview>
  <ProductionCode></ProductionCode>
  <Rating>7.8</Rating>
  <RatingCount>70</RatingCount>
  <SeasonNumber>1</SeasonNumber>
  <Writer>Tim Hobert</Writer>
  <absolute_number></absolute_number>
  <filename>episodes/94571/2106581.jpg</filename>
  <lastupdated>1333107868</lastupdated>
  <seasonid>66681</seasonid>
  <seriesid>94571</seriesid>
</Episode>
<Episode>
  <id>2110921</id>
  <Combined_episodenumber>25.0</Combined_episodenumber>
  <Combined_season>1</Combined_season>
  <DVD_chapter></DVD_chapter>
  <DVD_discid></DVD_discid>
  <DVD_episodenumber>25.0</DVD_episodenumber>
  <DVD_season>1</DVD_season>
  <Director>Joe Russo</Director>
  <EpImgFlag>7</EpImgFlag>
  <EpisodeName>Pascal's Triangle Revisited</EpisodeName>
  <EpisodeNumber>25</EpisodeNumber>
  <FirstAired>2010-05-20</FirstAired>
  <GuestStars>Lauren Stamile|Eric Christian Olsen</GuestStars>
  <IMDB_ID>tt1652486</IMDB_ID>
  <Language>en</Language>
  <Overview>Britta and professor Slater (Lauren Stamile) fight for Jeff's affection; Troy is upset when Abed doesn't ask him to move into his dorm room.</Overview>
  <ProductionCode></ProductionCode>
  <Rating>7.9</Rating>
  <RatingCount>66</RatingCount>
  <SeasonNumber>1</SeasonNumber>
  <Writer>Hilary Winston</Writer>
  <absolute_number></absolute_number>
  <filename>episodes/94571/2110921.jpg</filename>
  <lastupdated>1333107860</lastupdated>
  <seasonid>66681</seasonid>
  <seriesid>94571</seriesid>
</Episode>
<Episode>
  <id>4205172</id>
  <Combined_episodenumber>0</Combined_episodenumber>
  <Combined_season>2</Combined_season>
  <DVD_chapter></DVD_chapter>
  <DVD_discid></DVD_discid>
  <DVD_episodenumber></DVD_episodenumber>
  <DVD_season></DVD_season>
  <Director></Director>
  <EpImgFlag></EpImgFlag>
  <EpisodeName>S02 Sneak Peek</EpisodeName>
  <EpisodeNumber>0</EpisodeNumber>
  <FirstAired></FirstAired>
  <GuestStars></GuestStars>
  <IMDB_ID></IMDB_ID>
  <Language>en</Language>
  <Overview></Overview>
  <ProductionCode></ProductionCode>
  <Rating></Rating>
  <RatingCount>0</RatingCount>
  <SeasonNumber>2</SeasonNumber>
  <Writer></Writer>
  <absolute_number></absolute_number>
  <filename></filename>
  <lastupdated>1321388001</lastupdated>
  <seasonid>274151</seasonid>
  <seriesid>94571</seriesid>
</Episode>
<Episode>
  <id>2447051</id>
  <Combined_episodenumber>1.0</Combined_episodenumber>
  <Combined_season>2</Combined_season>
  <DVD_chapter></DVD_chapter>
  <DVD_discid></DVD_discid>
  <DVD_episodenumber>1.0</DVD_episodenumber>
  <DVD_season>2</DVD_season>
  <Director>Joe Russo</Director>
  <EpImgFlag>2</EpImgFlag>
  <EpisodeName>Anthropology 101</EpisodeName>
  <EpisodeNumber>1</EpisodeNumber>
  <FirstAired>2010-09-23</FirstAired>
  <GuestStars>Betty White</GuestStars>
  <IMDB_ID>tt1640852</IMDB_ID>
  <Language>en</Language>
  <Overview>As the new semester begins, the study group gathers to tackle Anthropology 101; Jeff struggles to establish decorum with Britta and Annie; Señor Chang decides to enroll as a student so he can join the study group.</Overview>
  <ProductionCode></ProductionCode>
  <Rating>8.1</Rating>
  <RatingCount>83</RatingCount>
  <SeasonNumber>2</SeasonNumber>
  <Writer>Chris Mckenna</Writer>
  <absolute_number></absolute_number>
  <filename>episodes/94571/2447051.jpg</filename>
  <lastupdated>1313929556</lastupdated>
  <seasonid>274151</seasonid>
  <seriesid>94571</seriesid>
</Episode>
<Episode>
  <id>2832701</id>
  <Combined_episodenumber>2.0</Combined_episodenumber>
  <Combined_season>2</Combined_season>
  <DVD_chapter></DVD_chapter>
  <DVD_discid></DVD_discid>
  <DVD_episodenumber>2.0</DVD_episodenumber>
  <DVD_season>2</DVD_season>
  <Director>Joe Russo</Director>
  <EpImgFlag>2</EpImgFlag>
  <EpisodeName>Accounting for Lawyers</EpisodeName>
  <EpisodeNumber>2</EpisodeNumber>
  <FirstAired>2010-09-30</FirstAired>
  <GuestStars>|Rob Corddry|Drew Carey|</GuestStars>
  <IMDB_ID>tt1640868</IMDB_ID>
  <Language>en</Language>
  <Overview>Jeff falls into old habits after reconnecting with Alan (Rob Corddry), a former law firm colleague; Abed, Annie and Troy look for dirt on Alan.</Overview>
  <ProductionCode></ProductionCode>
  <Rating>8.2</Rating>
  <RatingCount>74</RatingCount>
  <SeasonNumber>2</SeasonNumber>
  <Writer>Emily Cutler</Writer>
  <absolute_number></absolute_number>
  <filename>episodes/94571/2832701.jpg</filename>
  <lastupdated>1313929568</lastupdated>
  <seasonid>274151</seasonid>
  <seriesid>94571</seriesid>
</Episode>
<Episode>
  <id>2836501</id>
  <Combined_episodenumber>3.0</Combined_episodenumber>
  <Combined_season>2</Combined_season>
  <DVD_chapter></DVD_chapter>
  <DVD_discid></DVD_discid>
  <DVD_episodenumber>3.0</DVD_episodenumber>
  <DVD_season>2</DVD_season>
  <Director>Anthony Russo</Director>
  <EpImgFlag>2</EpImgFlag>
  <EpisodeName>The Psychology of Letting Go</EpisodeName>
  <EpisodeNumber>3</EpisodeNumber>
  <FirstAired>2010-10-07</FirstAired>
  <GuestStars>|Patton Oswalt|Betty White|</GuestStars>
  <IMDB_ID>tt1640863</IMDB_ID>
  <Language>en</Language>
  <Overview>When Pierce's mother dies, the group helps to comfort him. After putting Jeff in the hospital, by one of her class pranks going awry, Professor Bauer takes a leave of absence and Professor Duncan attempts to take over her Anthropology class.</Overview>
  <ProductionCode></ProductionCode>
  <Rating>7.8</Rating>
  <RatingCount>73</RatingCount>
  <SeasonNumber>2</SeasonNumber>
  <Writer>Hilary Winston</Writer>
  <absolute_number></absolute_number>
  <filename>episodes/94571/2836501.jpg</filename>
  <lastupdated>1313929580</lastupdated>
  <seasonid>274151</seasonid>
  <seriesid>94571</seriesid>
</Episode>
<Episode>
  <id>2913311</id>
  <Combined_episodenumber>4</Combined_episodenumber>
  <Combined_season>2</Combined_season>
  <DVD_chapter></DVD_chapter>
  <DVD_discid></DVD_discid>
  <DVD_episodenumber></DVD_episodenumber>
  <DVD_season></DVD_season>
  <Director>Anthony Russo</Director>
  <EpImgFlag>2</EpImgFlag>
  <EpisodeName>Basic Rocket Science</EpisodeName>
  <EpisodeNumber>4</EpisodeNumber>
  <FirstAired>2010-10-14</FirstAired>
  <GuestStars></GuestStars>
  <IMDB_ID>tt1640869</IMDB_ID>
  <Language>en</Language>
  <Overview>Dean Pelton asks the study group to clean and refurbish the Greendale flight simulator. After an accidental launch, Abed must navigate a safe return.</Overview>
  <ProductionCode></ProductionCode>
  <Rating>7.8</Rating>
  <RatingCount>71</RatingCount>
  <SeasonNumber>2</SeasonNumber>
  <Writer>Andy Bobrow</Writer>
  <absolute_number></absolute_number>
  <filename>episodes/94571/2913311.jpg</filename>
  <lastupdated>1313929584</lastupdated>
  <seasonid>274151</seasonid>
  <seriesid>94571</seriesid>
</Episode>
<Episode>
  <id>2941421</id>
  <Combined_episodenumber>5</Combined_episodenumber>
  <Combined_season>2</Combined_season>
  <DVD_chapter></DVD_chapter>
  <DVD_discid></DVD_discid>
  <DVD_episodenumber></DVD_episodenumber>
  <DVD_season></DVD_season>
  <Director>Tristram Shapeero</Director>
  <EpImgFlag>2</EpImgFlag>
  <EpisodeName>Messianic Myths and Ancient Peoples</EpisodeName>
  <EpisodeNumber>5</EpisodeNumber>
  <FirstAired>2010-10-21</FirstAired>
  <GuestStars></GuestStars>
  <IMDB_ID></IMDB_ID>
  <Language>en</Language>
  <Overview>Shirley asks for Abed's creative input for a religious film; Pierce is recruited by a group of students his age.</Overview>
  <ProductionCode></ProductionCode>
  <Rating>7.7</Rating>
  <RatingCount>72</RatingCount>
  <SeasonNumber>2</SeasonNumber>
  <Writer>Andrew Guest</Writer>
  <absolute_number></absolute_number>
  <filename>episodes/94571/2941421.jpg</filename>
  <lastupdated>1313929589</lastupdated>
  <seasonid>274151</seasonid>
  <seriesid>94571</seriesid>
</Episode>
<Episode>
  <id>3002441</id>
  <Combined_episodenumber>6</Combined_episodenumber>
  <Combined_season>2</Combined_season>
  <DVD_chapter></DVD_chapter>
  <DVD_discid></DVD_discid>
  <DVD_episodenumber></DVD_episodenumber>
  <DVD_season></DVD_season>
  <Director>Anthony Hemingway</Director>
  <EpImgFlag>2</EpImgFlag>
  <EpisodeName>Epidemiology</EpisodeName>
  <EpisodeNumber>6</EpisodeNumber>
  <FirstAired>2010-10-28</FirstAired>
  <GuestStars>|George Takei|Greg Cromer|</GuestStars>
  <IMDB_ID></IMDB_ID>
  <Language>en</Language>
  <Overview>Pierce and a few other Greendale students ingest a biohazard substance at the school Halloween Party, causing them to exhibit flu-like symptoms and begin turning into zombies. It is up to the rest of the gang to save themselves and the school when Dean Pelton locks them in with the zombie-infected student body.</Overview>
  <ProductionCode></ProductionCode>
  <Rating>7.8</Rating>
  <RatingCount>72</RatingCount>
  <SeasonNumber>2</SeasonNumber>
  <Writer>Karey Dornetto</Writer>
  <absolute_number></absolute_number>
  <filename>episodes/94571/3002441.jpg</filename>
  <lastupdated>1313929598</lastupdated>
  <seasonid>274151</seasonid>
  <seriesid>94571</seriesid>
</Episode>
<Episode>
  <id>3012181</id>
  <Combined_episodenumber>7</Combined_episodenumber>
  <Combined_season>2</Combined_season>
  <DVD_chapter></DVD_chapter>
  <DVD_discid></DVD_discid>
  <DVD_episodenumber></DVD_episodenumber>
  <DVD_season></DVD_season>
  <Director>Tristram Shapeero</Director>
  <EpImgFlag>2</EpImgFlag>
  <EpisodeName>Aerodynamics of Gender</EpisodeName>
  <EpisodeNumber>7</EpisodeNumber>
  <FirstAired>2010-11-04</FirstAired>
  <GuestStars>|Hilary Duff|Matt Walsh|Andy Dick|</GuestStars>
  <IMDB_ID></IMDB_ID>
  <Language>en</Language>
  <Overview>After a classroom smackdown with a group of &quot;mean girls&quot; led by Meghan, Britta, Shirley, and Annie bond with Abed by turning him into the ultimate &quot;mean girl.&quot; Meanwhile, Jeff and Troy embrace a zen-like spirituality under the guidance of a groundskeeper when they come across a secret trampoline on campus. Determined to uncover the source of their new bliss, Pierce ends up taking a disastrous turn on the trampoline and lands in the hospital.</Overview>
  <ProductionCode></ProductionCode>
  <Rating>7.8</Rating>
  <RatingCount>79</RatingCount>
  <SeasonNumber>2</SeasonNumber>
  <Writer>Adam Countee</Writer>
  <absolute_number></absolute_number>
  <filename>episodes/94571/3012181.jpg</filename>
  <lastupdated>1313929609</lastupdated>
  <seasonid>274151</seasonid>
  <seriesid>94571</seriesid>
</Episode>
<Episode>
  <id>3019391</id>
  <Combined_episodenumber>8</Combined_episodenumber>
  <Combined_season>2</Combined_season>
  <DVD_chapter></DVD_chapter>
  <DVD_discid></DVD_discid>
  <DVD_episodenumber></DVD_episodenumber>
  <DVD_season></DVD_season>
  <Director>Joe Russo</Director>
  <EpImgFlag>2</EpImgFlag>
  <EpisodeName>Cooperative Calligraphy</EpisodeName>
  <EpisodeNumber>8</EpisodeNumber>
  <FirstAired>2010-11-11</FirstAired>
  <GuestStars></GuestStars>
  <IMDB_ID></IMDB_ID>
  <Language>en</Language>
  <Overview>Annie's favorite pen goes missing, and she suspects that someone in the group took it. Then study room is put on lock down, and Jeff starts conducting the investigation. Troy and Abed are especially anxious to get out of the room in order to make it to the Greendale Puppy Parade in time.</Overview>
  <ProductionCode></ProductionCode>
  <Rating>7.7</Rating>
  <RatingCount>78</RatingCount>
  <SeasonNumber>2</SeasonNumber>
  <Writer>Megan Ganz</Writer>
  <absolute_number></absolute_number>
  <filename>episodes/94571/3019391.jpg</filename>
  <lastupdated>1313929623</lastupdated>
  <seasonid>274151</seasonid>
  <seriesid>94571</seriesid>
</Episode>
<Episode>
  <id>3056801</id>
  <Combined_episodenumber>9</Combined_episodenumber>
  <Combined_season>2</Combined_season>
  <DVD_chapter></DVD_chapter>
  <DVD_discid></DVD_discid>
  <DVD_episodenumber></DVD_episodenumber>
  <DVD_season></DVD_season>
  <Director>Adam Davidson</Director>
  <EpImgFlag>2</EpImgFlag>
  <EpisodeName>Conspiracy Theories and Interior Design</EpisodeName>
  <EpisodeNumber>9</EpisodeNumber>
  <FirstAired>2010-11-18</FirstAired>
  <GuestStars>Kevin Corrigan</GuestStars>
  <IMDB_ID></IMDB_ID>
  <Language>en</Language>
  <Overview>When Dean Pelton starts checking class schedules, he discovers that Jeff has listed a class that doesn't exist. Abed and Troy build an elaborate blanket fort.</Overview>
  <ProductionCode></ProductionCode>
  <Rating>8.0</Rating>
  <RatingCount>78</RatingCount>
  <SeasonNumber>2</SeasonNumber>
  <Writer>Chris McKenna</Writer>
  <absolute_number></absolute_number>
  <filename>episodes/94571/3056801.jpg</filename>
  <lastupdated>1327169169</lastupdated>
  <seasonid>274151</seasonid>
  <seriesid>94571</seriesid>
</Episode>
<Episode>
  <id>3162471</id>
  <Combined_episodenumber>10</Combined_episodenumber>
  <Combined_season>2</Combined_season>
  <DVD_chapter></DVD_chapter>
  <DVD_discid></DVD_discid>
  <DVD_episodenumber></DVD_episodenumber>
  <DVD_season></DVD_season>
  <Director>Jay Chandrasekhar</Director>
  <EpImgFlag>2</EpImgFlag>
  <EpisodeName>Mixology Certification</EpisodeName>
  <EpisodeNumber>10</EpisodeNumber>
  <FirstAired>2010-12-02</FirstAired>
  <GuestStars></GuestStars>
  <IMDB_ID></IMDB_ID>
  <Language>en</Language>
  <Overview>It is Troy's 21st birthday, so the group decides to hit the bars. While Britta and Jeff are drinking too many cocktails, Shirley is taking down incriminating pictures of herself, Annie is embracing her fake identity and Abed gets into a deep conversation with another Sci-Fi lover.</Overview>
  <ProductionCode></ProductionCode>
  <Rating>7.5</Rating>
  <RatingCount>78</RatingCount>
  <SeasonNumber>2</SeasonNumber>
  <Writer>Andy Bobrow</Writer>
  <absolute_number></absolute_number>
  <filename>episodes/94571/3162471.jpg</filename>
  <lastupdated>1313929633</lastupdated>
  <seasonid>274151</seasonid>
  <seriesid>94571</seriesid>
</Episode>
<Episode>
  <id>3162481</id>
  <Combined_episodenumber>11</Combined_episodenumber>
  <Combined_season>2</Combined_season>
  <DVD_chapter></DVD_chapter>
  <DVD_discid></DVD_discid>
  <DVD_episodenumber></DVD_episodenumber>
  <DVD_season></DVD_season>
  <Director>Duke Johnson</Director>
  <EpImgFlag>2</EpImgFlag>
  <EpisodeName>Abed's Uncontrollable Christmas</EpisodeName>
  <EpisodeNumber>11</EpisodeNumber>
  <FirstAired>2010-12-09</FirstAired>
  <GuestStars></GuestStars>
  <IMDB_ID>tt1439629</IMDB_ID>
  <Language>en</Language>
  <Overview>Abed wakes up in stop-motion animation making him believe that the group must re-discover the true meaning of Christmas. With the help of Professor Duncan, the group explores Abed's winter wonderland and soon discovers the truth behind Abed's madness.</Overview>
  <ProductionCode></ProductionCode>
  <Rating>7.5</Rating>
  <RatingCount>69</RatingCount>
  <SeasonNumber>2</SeasonNumber>
  <Writer>|Dino Stamatopoulos|Dan Harmon|</Writer>
  <absolute_number></absolute_number>
  <filename>episodes/94571/3162481.jpg</filename>
  <lastupdated>1313929642</lastupdated>
  <seasonid>274151</seasonid>
  <seriesid>94571</seriesid>
</Episode>
<Episode>
  <id>3371641</id>
  <Combined_episodenumber>12</Combined_episodenumber>
  <Combined_season>2</Combined_season>
  <DVD_chapter></DVD_chapter>
  <DVD_discid></DVD_discid>
  <DVD_episodenumber></DVD_episodenumber>
  <DVD_season></DVD_season>
  <Director>Anthony Russo</Director>
  <EpImgFlag>2</EpImgFlag>
  <EpisodeName>Asian Population Studies</EpisodeName>
  <EpisodeNumber>12</EpisodeNumber>
  <FirstAired>2011-01-20</FirstAired>
  <GuestStars>Malcolm-Jamal Warner</GuestStars>
  <IMDB_ID></IMDB_ID>
  <Language>en</Language>
  <Overview>The group members debate whether to add Annie’s crush, who recently enrolled at Greendale, or Senor Chang to the group.
Shirley’s ex-husband comes back into the picture, and she has big news for everyone.</Overview>
  <ProductionCode>212</ProductionCode>
  <Rating>7.8</Rating>
  <RatingCount>68</RatingCount>
  <SeasonNumber>2</SeasonNumber>
  <Writer>Emily Cutler</Writer>
  <absolute_number></absolute_number>
  <filename>episodes/94571/3371641.jpg</filename>
  <lastupdated>1327169124</lastupdated>
  <seasonid>274151</seasonid>
  <seriesid>94571</seriesid>
</Episode>
<Episode>
  <id>3440711</id>
  <Combined_episodenumber>13.0</Combined_episodenumber>
  <Combined_season>2</Combined_season>
  <DVD_chapter></DVD_chapter>
  <DVD_discid></DVD_discid>
  <DVD_episodenumber>13.0</DVD_episodenumber>
  <DVD_season>2</DVD_season>
  <Director>Fred Goss</Director>
  <EpImgFlag>2</EpImgFlag>
  <EpisodeName>Celebrity Pharmacology</EpisodeName>
  <EpisodeNumber>13</EpisodeNumber>
  <FirstAired>2011-01-27</FirstAired>
  <GuestStars></GuestStars>
  <IMDB_ID></IMDB_ID>
  <Language>en</Language>
  <Overview>Annie convinces the group to put on a middle school anti-drug production, but finds it continually derailed by Pierce's efforts to give himself a better role. Meanwhile, Chang attempts to connect with Shirley, while a prank involving Britta's phone puts Jeff in an awkward situation.</Overview>
  <ProductionCode></ProductionCode>
  <Rating>7.6</Rating>
  <RatingCount>62</RatingCount>
  <SeasonNumber>2</SeasonNumber>
  <Writer>Hilary Winston</Writer>
  <absolute_number></absolute_number>
  <filename>episodes/94571/3440711.jpg</filename>
  <lastupdated>1313929651</lastupdated>
  <seasonid>274151</seasonid>
  <seriesid>94571</seriesid>
</Episode>
<Episode>
  <id>3560831</id>
  <Combined_episodenumber>14.0</Combined_episodenumber>
  <Combined_season>2</Combined_season>
  <DVD_chapter></DVD_chapter>
  <DVD_discid></DVD_discid>
  <DVD_episodenumber>14.0</DVD_episodenumber>
  <DVD_season>2</DVD_season>
  <Director>Joe Russo</Director>
  <EpImgFlag>2</EpImgFlag>
  <EpisodeName>Advanced Dungeons &amp; Dragons</EpisodeName>
  <EpisodeNumber>14</EpisodeNumber>
  <FirstAired>2011-02-03</FirstAired>
  <GuestStars></GuestStars>
  <IMDB_ID></IMDB_ID>
  <Language>en</Language>
  <Overview>Abed invites &quot;Fat Neil&quot; to play a game of Dungeons &amp; Dragons with the rest of the study group, hoping to boost his confidence, after Jeff becomes concerned about him being a loner. When Pierce finds out he was not invited, he joins anyway, disrupting their plans.</Overview>
  <ProductionCode></ProductionCode>
  <Rating>8.0</Rating>
  <RatingCount>72</RatingCount>
  <SeasonNumber>2</SeasonNumber>
  <Writer>Andrew Guest</Writer>
  <absolute_number></absolute_number>
  <filename>episodes/94571/3560831.jpg</filename>
  <lastupdated>1313929655</lastupdated>
  <seasonid>274151</seasonid>
  <seriesid>94571</seriesid>
</Episode>
<Episode>
  <id>3473281</id>
  <Combined_episodenumber>15.0</Combined_episodenumber>
  <Combined_season>2</Combined_season>
  <DVD_chapter></DVD_chapter>
  <DVD_discid></DVD_discid>
  <DVD_episodenumber>15.0</DVD_episodenumber>
  <DVD_season>2</DVD_season>
  <Director>Steven Sprung</Director>
  <EpImgFlag>2</EpImgFlag>
  <EpisodeName>Early 21st Century Romanticism</EpisodeName>
  <EpisodeNumber>15</EpisodeNumber>
  <FirstAired>2011-02-10</FirstAired>
  <GuestStars>Andy Dick</GuestStars>
  <IMDB_ID></IMDB_ID>
  <Language>en</Language>
  <Overview>Troy and Abed compete for the attentions of the college librarian, while Britta strives to be progressive and befriends a fellow female student whom she believes is gay. Meanwhile, Jeff finds himself reluctantly hosting an impromptu party at his apartment when Professor Duncan invites himself over to watch a soccer match.</Overview>
  <ProductionCode></ProductionCode>
  <Rating>7.8</Rating>
  <RatingCount>70</RatingCount>
  <SeasonNumber>2</SeasonNumber>
  <Writer>Karey Dornetto</Writer>
  <absolute_number></absolute_number>
  <filename>episodes/94571/3473281.jpg</filename>
  <lastupdated>1327169088</lastupdated>
  <seasonid>274151</seasonid>
  <seriesid>94571</seriesid>
</Episode>
<Episode>
  <id>3625681</id>
  <Combined_episodenumber>16.0</Combined_episodenumber>
  <Combined_season>2</Combined_season>
  <DVD_chapter></DVD_chapter>
  <DVD_discid></DVD_discid>
  <DVD_episodenumber>16.0</DVD_episodenumber>
  <DVD_season>2</DVD_season>
  <Director>Joe Russo</Director>
  <EpImgFlag>2</EpImgFlag>
  <EpisodeName>Intermediate Documentary Filmmaking</EpisodeName>
  <EpisodeNumber>16</EpisodeNumber>
  <FirstAired>2011-02-17</FirstAired>
  <GuestStars>LeVar Burton</GuestStars>
  <IMDB_ID></IMDB_ID>
  <Language>en</Language>
  <Overview>When Pierce lands in the hospital, he believes he's dying and gives the study group specific gifts that are actually meant to torment them. Britta wonders what to do with a blank check for &quot;charity,&quot; Jeff ponders the idea of meeting his father, and Troy gets to meet LeVar Burton, while Abed films the whole thing for a documentary.</Overview>
  <ProductionCode></ProductionCode>
  <Rating>7.9</Rating>
  <RatingCount>63</RatingCount>
  <SeasonNumber>2</SeasonNumber>
  <Writer>Megan Ganz</Writer>
  <absolute_number></absolute_number>
  <filename>episodes/94571/3625681.jpg</filename>
  <lastupdated>1327169050</lastupdated>
  <seasonid>274151</seasonid>
  <seriesid>94571</seriesid>
</Episode>
<Episode>
  <id>3625691</id>
  <Combined_episodenumber>17.0</Combined_episodenumber>
  <Combined_season>2</Combined_season>
  <DVD_chapter></DVD_chapter>
  <DVD_discid></DVD_discid>
  <DVD_episodenumber>17.0</DVD_episodenumber>
  <DVD_season>2</DVD_season>
  <Director>Jay Chandrasekhar</Director>
  <EpImgFlag>2</EpImgFlag>
  <EpisodeName>Intro to Political Science</EpisodeName>
  <EpisodeNumber>17</EpisodeNumber>
  <FirstAired>2011-02-24</FirstAired>
  <GuestStars></GuestStars>
  <IMDB_ID></IMDB_ID>
  <Language>en</Language>
  <Overview>Greendale prepares for the Vice President's visit. Dean Pelton organizes the first student elections, putting Annie against Jeff, Pierce, Leonard, and Star-Burns, among others. Meanwhile, Abed develops a friendship with special agent Robin Vohlers.</Overview>
  <ProductionCode></ProductionCode>
  <Rating>7.8</Rating>
  <RatingCount>65</RatingCount>
  <SeasonNumber>2</SeasonNumber>
  <Writer>Adam Countee</Writer>
  <absolute_number></absolute_number>
  <filename>episodes/94571/3625691.jpg</filename>
  <lastupdated>1327169026</lastupdated>
  <seasonid>274151</seasonid>
  <seriesid>94571</seriesid>
</Episode>
<Episode>
  <id>3713171</id>
  <Combined_episodenumber>18.0</Combined_episodenumber>
  <Combined_season>2</Combined_season>
  <DVD_chapter></DVD_chapter>
  <DVD_discid></DVD_discid>
  <DVD_episodenumber>18.0</DVD_episodenumber>
  <DVD_season>2</DVD_season>
  <Director>Anthony Russo</Director>
  <EpImgFlag>2</EpImgFlag>
  <EpisodeName>Custody Law and Eastern European Diplomacy</EpisodeName>
  <EpisodeNumber>18</EpisodeNumber>
  <FirstAired>2011-03-17</FirstAired>
  <GuestStars>Enver Gjokaj</GuestStars>
  <IMDB_ID></IMDB_ID>
  <Language>en</Language>
  <Overview>Annie organizes a baby shower for Shirley, while Shirley plots to keep Senor Chang out of her life. Meanwhile, Britta is interested in Abed and Troy's new friend, Lukka, who has a dark past.</Overview>
  <ProductionCode></ProductionCode>
  <Rating>7.6</Rating>
  <RatingCount>61</RatingCount>
  <SeasonNumber>2</SeasonNumber>
  <Writer>Andy Bobrow</Writer>
  <absolute_number></absolute_number>
  <filename>episodes/94571/3713171.jpg</filename>
  <lastupdated>1327168999</lastupdated>
  <seasonid>274151</seasonid>
  <seriesid>94571</seriesid>
</Episode>
<Episode>
  <id>3854151</id>
  <Combined_episodenumber>19.0</Combined_episodenumber>
  <Combined_season>2</Combined_season>
  <DVD_chapter></DVD_chapter>
  <DVD_discid></DVD_discid>
  <DVD_episodenumber>19.0</DVD_episodenumber>
  <DVD_season>2</DVD_season>
  <Director>Richard Ayoade</Director>
  <EpImgFlag>2</EpImgFlag>
  <EpisodeName>Critical Film Studies</EpisodeName>
  <EpisodeNumber>19</EpisodeNumber>
  <FirstAired>2011-03-24</FirstAired>
  <GuestStars></GuestStars>
  <IMDB_ID></IMDB_ID>
  <Language>en</Language>
  <Overview>Jeff incorporates Abed's love of cinema and pop culture, into a specially themed &quot;Pulp Fiction&quot; surprise birthday for him. But the tables are turned as Abed arranges another dinner with an unsuspecting Jeff at another eating establishment.</Overview>
  <ProductionCode></ProductionCode>
  <Rating>7.9</Rating>
  <RatingCount>60</RatingCount>
  <SeasonNumber>2</SeasonNumber>
  <Writer>Sona Panos</Writer>
  <absolute_number></absolute_number>
  <filename>episodes/94571/3854151.jpg</filename>
  <lastupdated>1313929678</lastupdated>
  <seasonid>274151</seasonid>
  <seriesid>94571</seriesid>
</Episode>
<Episode>
  <id>3860391</id>
  <Combined_episodenumber>20.0</Combined_episodenumber>
  <Combined_season>2</Combined_season>
  <DVD_chapter></DVD_chapter>
  <DVD_discid></DVD_discid>
  <DVD_episodenumber>20.0</DVD_episodenumber>
  <DVD_season>2</DVD_season>
  <Director>Joe Russo</Director>
  <EpImgFlag>2</EpImgFlag>
  <EpisodeName>Competitive Wine Tasting</EpisodeName>
  <EpisodeNumber>20</EpisodeNumber>
  <FirstAired>2011-04-14</FirstAired>
  <GuestStars>|Michelle Krusiec|Stephen Tobolowsky|</GuestStars>
  <IMDB_ID></IMDB_ID>
  <Language>en</Language>
  <Overview>The study group chooses their spring electives.  Britta and Troy explore an acting class, and Abed picks a course that studies the 1980s sitcom Who's the Boss?. Meanwhile, Jeff and Pierce take a wine tasting class where they meet a mysterious woman who sweeps Pierce off his feet which raises Jeff's suspicions.</Overview>
  <ProductionCode></ProductionCode>
  <Rating>7.7</Rating>
  <RatingCount>63</RatingCount>
  <SeasonNumber>2</SeasonNumber>
  <Writer>Emily Cutler</Writer>
  <absolute_number></absolute_number>
  <filename>episodes/94571/3860391.jpg</filename>
  <lastupdated>1313929686</lastupdated>
  <seasonid>274151</seasonid>
  <seriesid>94571</seriesid>
</Episode>
<Episode>
  <id>3860401</id>
  <Combined_episodenumber>21.0</Combined_episodenumber>
  <Combined_season>2</Combined_season>
  <DVD_chapter></DVD_chapter>
  <DVD_discid></DVD_discid>
  <DVD_episodenumber>21.0</DVD_episodenumber>
  <DVD_season>2</DVD_season>
  <Director>Tristram Shapeero</Director>
  <EpImgFlag>2</EpImgFlag>
  <EpisodeName>Paradigms of Human Memory</EpisodeName>
  <EpisodeNumber>21</EpisodeNumber>
  <FirstAired>2011-04-21</FirstAired>
  <GuestStars></GuestStars>
  <IMDB_ID></IMDB_ID>
  <Language>en</Language>
  <Overview>As the study group assemble their 20th and final diorama for their anthropology class, they reminisce about their favorite moments over the past year. Meanwhile, Troy's monkey reappears but disappears back into the ventilation system, leading Senor Chang to try to get the monkey and retrieve all their stolen loot.</Overview>
  <ProductionCode></ProductionCode>
  <Rating>7.7</Rating>
  <RatingCount>67</RatingCount>
  <SeasonNumber>2</SeasonNumber>
  <Writer>Chris McKenna</Writer>
  <absolute_number></absolute_number>
  <filename>episodes/94571/3860401.jpg</filename>
  <lastupdated>1313929690</lastupdated>
  <seasonid>274151</seasonid>
  <seriesid>94571</seriesid>
</Episode>
<Episode>
  <id>3990071</id>
  <Combined_episodenumber>22.0</Combined_episodenumber>
  <Combined_season>2</Combined_season>
  <DVD_chapter></DVD_chapter>
  <DVD_discid></DVD_discid>
  <DVD_episodenumber>22.0</DVD_episodenumber>
  <DVD_season>2</DVD_season>
  <Director>Jay Chandrasekhar</Director>
  <EpImgFlag>2</EpImgFlag>
  <EpisodeName>Applied Anthropology and Culinary Arts</EpisodeName>
  <EpisodeNumber>22</EpisodeNumber>
  <FirstAired>2011-04-28</FirstAired>
  <GuestStars></GuestStars>
  <IMDB_ID></IMDB_ID>
  <Language>en</Language>
  <Overview>Just as the study group are getting ready for their final Anthropology exam, Shirley goes into labor leaving the group to figure out the best way to help. Meanwhile, a riot in the parking lot starts during the World Food Festival.</Overview>
  <ProductionCode></ProductionCode>
  <Rating>7.8</Rating>
  <RatingCount>68</RatingCount>
  <SeasonNumber>2</SeasonNumber>
  <Writer>Karey Dornetto</Writer>
  <absolute_number></absolute_number>
  <filename>episodes/94571/3990071.jpg</filename>
  <lastupdated>1313929696</lastupdated>
  <seasonid>274151</seasonid>
  <seriesid>94571</seriesid>
</Episode>
<Episode>
  <id>3990081</id>
  <Combined_episodenumber>23.0</Combined_episodenumber>
  <Combined_season>2</Combined_season>
  <DVD_chapter></DVD_chapter>
  <DVD_discid></DVD_discid>
  <DVD_episodenumber>23.0</DVD_episodenumber>
  <DVD_season>2</DVD_season>
  <Director>Joe Russo</Director>
  <EpImgFlag>2</EpImgFlag>
  <EpisodeName>A Fistful of Paintballs (1)</EpisodeName>
  <EpisodeNumber>23</EpisodeNumber>
  <FirstAired>2011-05-05</FirstAired>
  <GuestStars>Josh Holloway</GuestStars>
  <IMDB_ID></IMDB_ID>
  <Language>en</Language>
  <Overview>As the Greendale student body enjoys their year-end picnic, Dean Pelton announces plans for a small, quick, safe game of paintball. As the game heats up, alliances are formed - and broken - and friendships are put to the test. When a mysterious and threatening figure emerges on the Greendale campus, it becomes apparent that this is no ordinary game of paintball.</Overview>
  <ProductionCode></ProductionCode>
  <Rating>8.3</Rating>
  <RatingCount>70</RatingCount>
  <SeasonNumber>2</SeasonNumber>
  <Writer>Andrew Guest</Writer>
  <absolute_number></absolute_number>
  <filename>episodes/94571/3990081.jpg</filename>
  <lastupdated>1313929701</lastupdated>
  <seasonid>274151</seasonid>
  <seriesid>94571</seriesid>
</Episode>
<Episode>
  <id>3990091</id>
  <Combined_episodenumber>24.0</Combined_episodenumber>
  <Combined_season>2</Combined_season>
  <DVD_chapter></DVD_chapter>
  <DVD_discid></DVD_discid>
  <DVD_episodenumber>24.0</DVD_episodenumber>
  <DVD_season>2</DVD_season>
  <Director>Joe Russo</Director>
  <EpImgFlag>2</EpImgFlag>
  <EpisodeName>For a Few Paintballs More (2)</EpisodeName>
  <EpisodeNumber>24</EpisodeNumber>
  <FirstAired>2011-05-12</FirstAired>
  <GuestStars></GuestStars>
  <IMDB_ID></IMDB_ID>
  <Language>en</Language>
  <Overview>As the Greendale year-end paintball extravaganza continues, the game takes a dramatic turn with new intruders arriving on the scene. The study group realizes they must unite to defeat the enemy despite disagreements about strategy.</Overview>
  <ProductionCode></ProductionCode>
  <Rating>8.4</Rating>
  <RatingCount>59</RatingCount>
  <SeasonNumber>2</SeasonNumber>
  <Writer>Hilary Winston</Writer>
  <absolute_number></absolute_number>
  <filename>episodes/94571/3990091.jpg</filename>
  <lastupdated>1313929705</lastupdated>
  <seasonid>274151</seasonid>
  <seriesid>94571</seriesid>
</Episode>
<Episode>
  <id>4127516</id>
  <Combined_episodenumber>1</Combined_episodenumber>
  <Combined_season>3</Combined_season>
  <DVD_chapter></DVD_chapter>
  <DVD_discid></DVD_discid>
  <DVD_episodenumber></DVD_episodenumber>
  <DVD_season></DVD_season>
  <Director>Anthony Russo</Director>
  <EpImgFlag>2</EpImgFlag>
  <EpisodeName>Biology 101</EpisodeName>
  <EpisodeNumber>1</EpisodeNumber>
  <FirstAired>2011-09-22</FirstAired>
  <GuestStars>Michael K. Williams|John Goodman</GuestStars>
  <IMDB_ID></IMDB_ID>
  <Language>en</Language>
  <Overview>The Greendale study group reunites. Jeff butts heads with the new biology teacher and Dean Pelton finds a new nemesis in the dean of the Air Conditioning Repair Annex. </Overview>
  <ProductionCode>301</ProductionCode>
  <Rating>7.5</Rating>
  <RatingCount>54</RatingCount>
  <SeasonNumber>3</SeasonNumber>
  <Writer>Garrett Donovan|Neil Goldman</Writer>
  <absolute_number></absolute_number>
  <filename>episodes/94571/4127516.jpg</filename>
  <lastupdated>1328938162</lastupdated>
  <seasonid>469200</seasonid>
  <seriesid>94571</seriesid>
</Episode>
<Episode>
  <id>4127517</id>
  <Combined_episodenumber>2</Combined_episodenumber>
  <Combined_season>3</Combined_season>
  <DVD_chapter></DVD_chapter>
  <DVD_discid></DVD_discid>
  <DVD_episodenumber></DVD_episodenumber>
  <DVD_season></DVD_season>
  <Director>Joe Russo</Director>
  <EpImgFlag>2</EpImgFlag>
  <EpisodeName>Geography of Global Conflict</EpisodeName>
  <EpisodeNumber>2</EpisodeNumber>
  <FirstAired>2011-09-29</FirstAired>
  <GuestStars>Martin Starr</GuestStars>
  <IMDB_ID></IMDB_ID>
  <Language>en</Language>
  <Overview>Chang gets used to his new job. Britta reacts to a friend being taken hostage in a foreign country. Annie asks the group to help bring down her new friend. Professor Cligoris struggles to behave appropriately.</Overview>
  <ProductionCode>302</ProductionCode>
  <Rating>7.7</Rating>
  <RatingCount>53</RatingCount>
  <SeasonNumber>3</SeasonNumber>
  <Writer>Andy Bobrow</Writer>
  <absolute_number></absolute_number>
  <filename>episodes/94571/4127517.jpg</filename>
  <lastupdated>1332573076</lastupdated>
  <seasonid>469200</seasonid>
  <seriesid>94571</seriesid>
</Episode>
<Episode>
  <id>4170668</id>
  <Combined_episodenumber>3</Combined_episodenumber>
  <Combined_season>3</Combined_season>
  <DVD_chapter></DVD_chapter>
  <DVD_discid></DVD_discid>
  <DVD_episodenumber></DVD_episodenumber>
  <DVD_season></DVD_season>
  <Director>Anthony Russo</Director>
  <EpImgFlag>2</EpImgFlag>
  <EpisodeName>Competitive Ecology</EpisodeName>
  <EpisodeNumber>3</EpisodeNumber>
  <FirstAired>2011-10-06</FirstAired>
  <GuestStars>Michael K. Williams</GuestStars>
  <IMDB_ID></IMDB_ID>
  <Language>en</Language>
  <Overview>When the gang accepts a new person into the group, they learn how delicate their friendships really are.</Overview>
  <ProductionCode>304</ProductionCode>
  <Rating>8.0</Rating>
  <RatingCount>46</RatingCount>
  <SeasonNumber>3</SeasonNumber>
  <Writer>Maggie Bandur</Writer>
  <absolute_number></absolute_number>
  <filename>episodes/94571/4170668.jpg</filename>
  <lastupdated>1328938132</lastupdated>
  <seasonid>469200</seasonid>
  <seriesid>94571</seriesid>
</Episode>
<Episode>
  <id>4180221</id>
  <Combined_episodenumber>4</Combined_episodenumber>
  <Combined_season>3</Combined_season>
  <DVD_chapter></DVD_chapter>
  <DVD_discid></DVD_discid>
  <DVD_episodenumber></DVD_episodenumber>
  <DVD_season></DVD_season>
  <Director>Jeff Melman</Director>
  <EpImgFlag>2</EpImgFlag>
  <EpisodeName>Remedial Chaos Theory</EpisodeName>
  <EpisodeNumber>4</EpisodeNumber>
  <FirstAired>2011-10-13</FirstAired>
  <GuestStars></GuestStars>
  <IMDB_ID></IMDB_ID>
  <Language>en</Language>
  <Overview>New roommates Troy and Abed host an apartment-warming party that takes a strange turn.</Overview>
  <ProductionCode>303</ProductionCode>
  <Rating>8.5</Rating>
  <RatingCount>46</RatingCount>
  <SeasonNumber>3</SeasonNumber>
  <Writer>Chris McKenna</Writer>
  <absolute_number></absolute_number>
  <filename>episodes/94571/4180221.jpg</filename>
  <lastupdated>1318723134</lastupdated>
  <seasonid>469200</seasonid>
  <seriesid>94571</seriesid>
</Episode>
<Episode>
  <id>4180222</id>
  <Combined_episodenumber>5</Combined_episodenumber>
  <Combined_season>3</Combined_season>
  <DVD_chapter></DVD_chapter>
  <DVD_discid></DVD_discid>
  <DVD_episodenumber></DVD_episodenumber>
  <DVD_season></DVD_season>
  <Director>Tristram Shapeero</Director>
  <EpImgFlag>2</EpImgFlag>
  <EpisodeName>Horror Fiction in Seven Spooky Steps</EpisodeName>
  <EpisodeNumber>5</EpisodeNumber>
  <FirstAired>2011-10-27</FirstAired>
  <GuestStars></GuestStars>
  <IMDB_ID></IMDB_ID>
  <Language>en</Language>
  <Overview>The gang tells scary stories while Britta discovers that one of her pals might be a psychopathic maniac.</Overview>
  <ProductionCode></ProductionCode>
  <Rating>8.0</Rating>
  <RatingCount>46</RatingCount>
  <SeasonNumber>3</SeasonNumber>
  <Writer>Dan Harmon</Writer>
  <absolute_number></absolute_number>
  <filename>episodes/94571/4180222.jpg</filename>
  <lastupdated>1319862712</lastupdated>
  <seasonid>469200</seasonid>
  <seriesid>94571</seriesid>
</Episode>
<Episode>
  <id>4191480</id>
  <Combined_episodenumber>6</Combined_episodenumber>
  <Combined_season>3</Combined_season>
  <DVD_chapter></DVD_chapter>
  <DVD_discid></DVD_discid>
  <DVD_episodenumber></DVD_episodenumber>
  <DVD_season></DVD_season>
  <Director>Joe Russo</Director>
  <EpImgFlag>2</EpImgFlag>
  <EpisodeName>Advanced Gay</EpisodeName>
  <EpisodeNumber>6</EpisodeNumber>
  <FirstAired>2011-11-03</FirstAired>
  <GuestStars>John Goodman|Larry Cedar|Jerry Minor|Shangela</GuestStars>
  <IMDB_ID></IMDB_ID>
  <Language>en</Language>
  <Overview>Pierce is excited about a party he's throwing to celebrate his business success, but the affair becomes very different when his elderly father arrives.</Overview>
  <ProductionCode></ProductionCode>
  <Rating>7.9</Rating>
  <RatingCount>44</RatingCount>
  <SeasonNumber>3</SeasonNumber>
  <Writer>Matt Murray</Writer>
  <absolute_number></absolute_number>
  <filename>episodes/94571/4191480.jpg</filename>
  <lastupdated>1328937970</lastupdated>
  <seasonid>469200</seasonid>
  <seriesid>94571</seriesid>
</Episode>
<Episode>
  <id>4191481</id>
  <Combined_episodenumber>7</Combined_episodenumber>
  <Combined_season>3</Combined_season>
  <DVD_chapter></DVD_chapter>
  <DVD_discid></DVD_discid>
  <DVD_episodenumber></DVD_episodenumber>
  <DVD_season></DVD_season>
  <Director>Tristram Shapeero</Director>
  <EpImgFlag>2</EpImgFlag>
  <EpisodeName>Studies in Modern Movement</EpisodeName>
  <EpisodeNumber>7</EpisodeNumber>
  <FirstAired>2011-11-10</FirstAired>
  <GuestStars></GuestStars>
  <IMDB_ID></IMDB_ID>
  <Language>en</Language>
  <Overview>The study group pitches in to help when Annie decides to move in with Troy and Abed, but the plan breaks down when she becomes frustrated by their fun-loving lifestyle. Elsewhere, Dean Pelton discovers Jeff at the mall and blackmails him into spending a lovely afternoon together.</Overview>
  <ProductionCode></ProductionCode>
  <Rating>8.0</Rating>
  <RatingCount>42</RatingCount>
  <SeasonNumber>3</SeasonNumber>
  <Writer>Adam Countee</Writer>
  <absolute_number></absolute_number>
  <filename>episodes/94571/4191481.jpg</filename>
  <lastupdated>1321039455</lastupdated>
  <seasonid>469200</seasonid>
  <seriesid>94571</seriesid>
</Episode>
<Episode>
  <id>4195728</id>
  <Combined_episodenumber>8</Combined_episodenumber>
  <Combined_season>3</Combined_season>
  <DVD_chapter></DVD_chapter>
  <DVD_discid></DVD_discid>
  <DVD_episodenumber></DVD_episodenumber>
  <DVD_season></DVD_season>
  <Director>Joe Russo</Director>
  <EpImgFlag>2</EpImgFlag>
  <EpisodeName>Documentary Filmmaking: Redux</EpisodeName>
  <EpisodeNumber>8</EpisodeNumber>
  <FirstAired>2011-11-17</FirstAired>
  <GuestStars>Luis Guzman|Jeff Garlin</GuestStars>
  <IMDB_ID></IMDB_ID>
  <Language>en</Language>
  <Overview>When the school board asks Dean Pelton to make a new commercial for the school, he enlists the study group to star in his production. Meanwhile, Abed films all the activities for a documentary.</Overview>
  <ProductionCode>307</ProductionCode>
  <Rating>7.9</Rating>
  <RatingCount>44</RatingCount>
  <SeasonNumber>3</SeasonNumber>
  <Writer>Megan Ganz</Writer>
  <absolute_number></absolute_number>
  <filename>episodes/94571/4195728.jpg</filename>
  <lastupdated>1328937874</lastupdated>
  <seasonid>469200</seasonid>
  <seriesid>94571</seriesid>
</Episode>
<Episode>
  <id>4202745</id>
  <Combined_episodenumber>9</Combined_episodenumber>
  <Combined_season>3</Combined_season>
  <DVD_chapter></DVD_chapter>
  <DVD_discid></DVD_discid>
  <DVD_episodenumber></DVD_episodenumber>
  <DVD_season></DVD_season>
  <Director>Anthony Russo</Director>
  <EpImgFlag>2</EpImgFlag>
  <EpisodeName>Foosball and Nocturnal Vigilantism</EpisodeName>
  <EpisodeNumber>9</EpisodeNumber>
  <FirstAired>2011-12-01</FirstAired>
  <GuestStars>Nick Kroll</GuestStars>
  <IMDB_ID></IMDB_ID>
  <Language>en</Language>
  <Overview>Jeff and Shirley bond over foosball. After Annie breaks Abed's special edition DVD of &quot;The Dark Knight&quot;, she covers it up by staging a robbery.</Overview>
  <ProductionCode>309</ProductionCode>
  <Rating>8.2</Rating>
  <RatingCount>38</RatingCount>
  <SeasonNumber>3</SeasonNumber>
  <Writer>Chris Kula</Writer>
  <absolute_number></absolute_number>
  <filename>episodes/94571/4202745.jpg</filename>
  <lastupdated>1328937811</lastupdated>
  <seasonid>469200</seasonid>
  <seriesid>94571</seriesid>
</Episode>
<Episode>
  <id>4207212</id>
  <Combined_episodenumber>10</Combined_episodenumber>
  <Combined_season>3</Combined_season>
  <DVD_chapter></DVD_chapter>
  <DVD_discid></DVD_discid>
  <DVD_episodenumber></DVD_episodenumber>
  <DVD_season></DVD_season>
  <Director>Tristram Shapeero</Director>
  <EpImgFlag>2</EpImgFlag>
  <EpisodeName>Regional Holiday Music</EpisodeName>
  <EpisodeNumber>10</EpisodeNumber>
  <FirstAired>2011-12-08</FirstAired>
  <GuestStars>Taran Killam</GuestStars>
  <IMDB_ID></IMDB_ID>
  <Language>en</Language>
  <Overview>When the Greendale Glee Club is unexpectedly sidelined, the school's effervescent choir director Cory Radison sets about recruiting the study group members to fill in. Skeptical at first, they eventually fall under his hypnotic spell, singing and dancing their way to the annual Christmas Pageant.</Overview>
  <ProductionCode></ProductionCode>
  <Rating>8.0</Rating>
  <RatingCount>45</RatingCount>
  <SeasonNumber>3</SeasonNumber>
  <Writer>Steve Basilone|Annie Mebane</Writer>
  <absolute_number></absolute_number>
  <filename>episodes/94571/4207212.jpg</filename>
  <lastupdated>1328937755</lastupdated>
  <seasonid>469200</seasonid>
  <seriesid>94571</seriesid>
</Episode>
<Episode>
  <id>4270858</id>
  <Combined_episodenumber>11</Combined_episodenumber>
  <Combined_season>3</Combined_season>
  <DVD_chapter></DVD_chapter>
  <DVD_discid></DVD_discid>
  <DVD_episodenumber></DVD_episodenumber>
  <DVD_season></DVD_season>
  <Director>Kyle Newacheck</Director>
  <EpImgFlag>2</EpImgFlag>
  <EpisodeName>Urban Matrimony and the Sandwich Arts</EpisodeName>
  <EpisodeNumber>11</EpisodeNumber>
  <FirstAired>2012-03-15</FirstAired>
  <GuestStars>Malcolm Jamal Warner</GuestStars>
  <IMDB_ID></IMDB_ID>
  <Language>en</Language>
  <Overview>Andre proposes that he and Shirley remarry and a wedding date is set. Britta and Annie get busy planning the wedding and Jeff prepares to give a wedding speech, while Troy and Abed get ready to be &quot;normal&quot; for the occasion. Meanwhile, Pierce and Shirley pitch a sandwich shop idea to Dean Pelton for the Greendale cafeteria.</Overview>
  <ProductionCode>311</ProductionCode>
  <Rating>8.0</Rating>
  <RatingCount>37</RatingCount>
  <SeasonNumber>3</SeasonNumber>
  <Writer>Vera Santamaria</Writer>
  <absolute_number></absolute_number>
  <filename>episodes/94571/4270858.jpg</filename>
  <lastupdated>1331934026</lastupdated>
  <seasonid>469200</seasonid>
  <seriesid>94571</seriesid>
</Episode>
<Episode>
  <id>4278343</id>
  <Combined_episodenumber>12</Combined_episodenumber>
  <Combined_season>3</Combined_season>
  <DVD_chapter></DVD_chapter>
  <DVD_discid></DVD_discid>
  <DVD_episodenumber></DVD_episodenumber>
  <DVD_season></DVD_season>
  <Director>Kyle Newacheck</Director>
  <EpImgFlag>2</EpImgFlag>
  <EpisodeName>Contemporary Impressionists</EpisodeName>
  <EpisodeNumber>12</EpisodeNumber>
  <FirstAired>2012-03-22</FirstAired>
  <GuestStars>French Stewart</GuestStars>
  <IMDB_ID></IMDB_ID>
  <Language>en</Language>
  <Overview>Jeff begins experiencing extreme narcissism. The group helps Abed get rid of debt by impersonating various celebrities at a Bar Mitzvah.</Overview>
  <ProductionCode></ProductionCode>
  <Rating>8.2</Rating>
  <RatingCount>33</RatingCount>
  <SeasonNumber>3</SeasonNumber>
  <Writer>Alex Cooley</Writer>
  <absolute_number></absolute_number>
  <filename>episodes/94571/4278343.jpg</filename>
  <lastupdated>1332947429</lastupdated>
  <seasonid>469200</seasonid>
  <seriesid>94571</seriesid>
</Episode>
<Episode>
  <id>4282572</id>
  <Combined_episodenumber>13</Combined_episodenumber>
  <Combined_season>3</Combined_season>
  <DVD_chapter></DVD_chapter>
  <DVD_discid></DVD_discid>
  <DVD_episodenumber></DVD_episodenumber>
  <DVD_season></DVD_season>
  <Director>Dan Eckman</Director>
  <EpImgFlag>2</EpImgFlag>
  <EpisodeName>Digital Exploration of Interior Design (1)</EpisodeName>
  <EpisodeNumber>13</EpisodeNumber>
  <FirstAired>2012-03-29</FirstAired>
  <GuestStars>John Goodman</GuestStars>
  <IMDB_ID></IMDB_ID>
  <Language>en</Language>
  <Overview>As the new Greendale Subway shop opens in the cafeteria, Shirley, Pierce and Britta plot to bring about its early demise. Vice Dean Laybourne makes another attempt to get Troy to join the Air Conditioning Repair Annex, while Abed and Troy find themselves at odds over their competing pillow and blanket forts.</Overview>
  <ProductionCode></ProductionCode>
  <Rating>7.9</Rating>
  <RatingCount>32</RatingCount>
  <SeasonNumber>3</SeasonNumber>
  <Writer>Chris McKenna</Writer>
  <absolute_number></absolute_number>
  <filename>episodes/94571/4282572.jpg</filename>
  <lastupdated>1333158876</lastupdated>
  <seasonid>469200</seasonid>
  <seriesid>94571</seriesid>
</Episode>
<Episode>
  <id>4292219</id>
  <Combined_episodenumber>14</Combined_episodenumber>
  <Combined_season>3</Combined_season>
  <DVD_chapter></DVD_chapter>
  <DVD_discid></DVD_discid>
  <DVD_episodenumber></DVD_episodenumber>
  <DVD_season></DVD_season>
  <Director>Tristram Shapeero</Director>
  <EpImgFlag>2</EpImgFlag>
  <EpisodeName>Pillows and Blankets (2)</EpisodeName>
  <EpisodeNumber>14</EpisodeNumber>
  <FirstAired>2012-04-05</FirstAired>
  <GuestStars></GuestStars>
  <IMDB_ID></IMDB_ID>
  <Language>en</Language>
  <Overview>The war between Abed and Troy intensifies, prompting Jeff to try to negotiate a truce between the former best friends while the rest of the group choose sides.</Overview>
  <ProductionCode></ProductionCode>
  <Rating>8.4</Rating>
  <RatingCount>25</RatingCount>
  <SeasonNumber>3</SeasonNumber>
  <Writer>Andy Bobrow</Writer>
  <absolute_number></absolute_number>
  <filename>episodes/94571/4292219.jpg</filename>
  <lastupdated>1333890728</lastupdated>
  <seasonid>469200</seasonid>
  <seriesid>94571</seriesid>
</Episode>
<Episode>
  <id>4293736</id>
  <Combined_episodenumber>15</Combined_episodenumber>
  <Combined_season>3</Combined_season>
  <DVD_chapter></DVD_chapter>
  <DVD_discid></DVD_discid>
  <DVD_episodenumber></DVD_episodenumber>
  <DVD_season></DVD_season>
  <Director></Director>
  <EpImgFlag>2</EpImgFlag>
  <EpisodeName>Origins of Vampire Mythology</EpisodeName>
  <EpisodeNumber>15</EpisodeNumber>
  <FirstAired>2012-04-12</FirstAired>
  <GuestStars></GuestStars>
  <IMDB_ID></IMDB_ID>
  <Language>en</Language>
  <Overview>Annie, Troy and Abed try to help Britta avoid an old flame who has returned to town, while Jeff and Shirley set out to catch a glimpse of the mystery man. Elsewhere, Laybourne turns to Dean Pelton for help with his pursuit of Troy. </Overview>
  <ProductionCode></ProductionCode>
  <Rating></Rating>
  <RatingCount>0</RatingCount>
  <SeasonNumber>3</SeasonNumber>
  <Writer></Writer>
  <absolute_number></absolute_number>
  <filename>episodes/94571/4293736.jpg</filename>
  <lastupdated>1333158843</lastupdated>
  <seasonid>469200</seasonid>
  <seriesid>94571</seriesid>
</Episode>
<Episode>
  <id>4296188</id>
  <Combined_episodenumber>16</Combined_episodenumber>
  <Combined_season>3</Combined_season>
  <DVD_chapter></DVD_chapter>
  <DVD_discid></DVD_discid>
  <DVD_episodenumber></DVD_episodenumber>
  <DVD_season></DVD_season>
  <Director></Director>
  <EpImgFlag>2</EpImgFlag>
  <EpisodeName>Virtual Systems Analysis </EpisodeName>
  <EpisodeNumber>16</EpisodeNumber>
  <FirstAired>2012-04-19</FirstAired>
  <GuestStars></GuestStars>
  <IMDB_ID></IMDB_ID>
  <Language>en</Language>
  <Overview>Annie and Abed spend some quality time together in the Dreamatorium for a simulation of &quot;Inspector Spacetime&quot;. The exercise takes a turn toward the serious, however, with examinations of the study group and insight into Abed's personality.</Overview>
  <ProductionCode></ProductionCode>
  <Rating></Rating>
  <RatingCount>0</RatingCount>
  <SeasonNumber>3</SeasonNumber>
  <Writer></Writer>
  <absolute_number></absolute_number>
  <filename>episodes/94571/4296188.jpg</filename>
  <lastupdated>1333998772</lastupdated>
  <seasonid>469200</seasonid>
  <seriesid>94571</seriesid>
</Episode>
<Episode>
  <id>4303424</id>
  <Combined_episodenumber>17</Combined_episodenumber>
  <Combined_season>3</Combined_season>
  <DVD_chapter></DVD_chapter>
  <DVD_discid></DVD_discid>
  <DVD_episodenumber></DVD_episodenumber>
  <DVD_season></DVD_season>
  <Director></Director>
  <EpImgFlag></EpImgFlag>
  <EpisodeName>Basic Lupine Urology</EpisodeName>
  <EpisodeNumber>17</EpisodeNumber>
  <FirstAired>2012-04-26</FirstAired>
  <GuestStars></GuestStars>
  <IMDB_ID></IMDB_ID>
  <Language>en</Language>
  <Overview>When the group's science project is smashed, they launch a hunt for the culprit and hold a trial, over which the reluctant Professor Kane presides. But Jeff soon realizes there's much more to the story than anyone realizes. </Overview>
  <ProductionCode></ProductionCode>
  <Rating></Rating>
  <RatingCount>0</RatingCount>
  <SeasonNumber>3</SeasonNumber>
  <Writer></Writer>
  <absolute_number></absolute_number>
  <filename></filename>
  <lastupdated>1333998869</lastupdated>
  <seasonid>469200</seasonid>
  <seriesid>94571</seriesid>
</Episode>
</Data>