<?xml version="1.0" encoding="UTF-8" ?>
<Actors>
<Actor>
  <id>72338</id>
  <Image></Image>
  <Name>Junko Takeuchi</Name>
  <Role>Uzumaki Naruto </Role>
  <SortOrder>0</SortOrder>
</Actor>
<Actor>
  <id>72313</id>
  <Image></Image>
  <Name>Chie Nakamura</Name>
  <Role>Haruno Sakura</Role>
  <SortOrder>1</SortOrder>
</Actor>
<Actor>
  <id>72320</id>
  <Image></Image>
  <Name>Kazuhiko Inoue</Name>
  <Role>Kakashi Hatake</Role>
  <SortOrder>2</SortOrder>
</Actor>
<Actor>
  <id>72339</id>
  <Image></Image>
  <Name>Akira Domatsu</Name>
  <Role></Role>
  <SortOrder>3</SortOrder>
</Actor>
<Actor>
  <id>72316</id>
  <Image></Image>
  <Name>Akira Ishida</Name>
  <Role></Role>
  <SortOrder>3</SortOrder>
</Actor>
<Actor>
  <id>72340</id>
  <Image></Image>
  <Name>Eisuke Asakura</Name>
  <Role></Role>
  <SortOrder>3</SortOrder>
</Actor>
<Actor>
  <id>72317</id>
  <Image></Image>
  <Name>Hideo Ishikawa</Name>
  <Role></Role>
  <SortOrder>3</SortOrder>
</Actor>
<Actor>
  <id>72341</id>
  <Image></Image>
  <Name>Hideo Watanabe</Name>
  <Role></Role>
  <SortOrder>3</SortOrder>
</Actor>
<Actor>
  <id>72318</id>
  <Image></Image>
  <Name>Houchu Ohtsuka</Name>
  <Role></Role>
  <SortOrder>3</SortOrder>
</Actor>
<Actor>
  <id>72342</id>
  <Image></Image>
  <Name>Ikue Ohtani</Name>
  <Role></Role>
  <SortOrder>3</SortOrder>
</Actor>
<Actor>
  <id>72343</id>
  <Image></Image>
  <Name>Jouji Nakata</Name>
  <Role></Role>
  <SortOrder>3</SortOrder>
</Actor>
<Actor>
  <id>72344</id>
  <Image></Image>
  <Name>Junko Shimoya</Name>
  <Role></Role>
  <SortOrder>3</SortOrder>
</Actor>
<Actor>
  <id>72345</id>
  <Image></Image>
  <Name>Juurouta Kosugi</Name>
  <Role></Role>
  <SortOrder>3</SortOrder>
</Actor>
<Actor>
  <id>72319</id>
  <Image></Image>
  <Name>Katsuhiko Kawamoto</Name>
  <Role></Role>
  <SortOrder>3</SortOrder>
</Actor>
<Actor>
  <id>72321</id>
  <Image></Image>
  <Name>Keiko Nemoto</Name>
  <Role></Role>
  <SortOrder>3</SortOrder>
</Actor>
<Actor>
  <id>72322</id>
  <Image></Image>
  <Name>Kentarou Itou</Name>
  <Role></Role>
  <SortOrder>3</SortOrder>
</Actor>
<Actor>
  <id>72323</id>
  <Image></Image>
  <Name>Kouichi Toochika</Name>
  <Role></Role>
  <SortOrder>3</SortOrder>
</Actor>
<Actor>
  <id>72324</id>
  <Image></Image>
  <Name>Kousuke Toriumi</Name>
  <Role></Role>
  <SortOrder>3</SortOrder>
</Actor>
<Actor>
  <id>72325</id>
  <Image></Image>
  <Name>Kujira</Name>
  <Role></Role>
  <SortOrder>3</SortOrder>
</Actor>
<Actor>
  <id>72326</id>
  <Image></Image>
  <Name>Masako Katsuki</Name>
  <Role></Role>
  <SortOrder>3</SortOrder>
</Actor>
<Actor>
  <id>72346</id>
  <Image></Image>
  <Name>Masashi Ebara</Name>
  <Role></Role>
  <SortOrder>3</SortOrder>
</Actor>
<Actor>
  <id>72327</id>
  <Image></Image>
  <Name>Nana Mizuki</Name>
  <Role></Role>
  <SortOrder>3</SortOrder>
</Actor>
<Actor>
  <id>72347</id>
  <Image></Image>
  <Name>Nobuo Tobita</Name>
  <Role></Role>
  <SortOrder>3</SortOrder>
</Actor>
<Actor>
  <id>72328</id>
  <Image></Image>
  <Name>Nobutoshi Canna</Name>
  <Role></Role>
  <SortOrder>3</SortOrder>
</Actor>
<Actor>
  <id>72315</id>
  <Image></Image>
  <Name>Noriaki Sugiyama</Name>
  <Role></Role>
  <SortOrder>3</SortOrder>
</Actor>
<Actor>
  <id>72348</id>
  <Image></Image>
  <Name>Noriko Shitay</Name>
  <Role></Role>
  <SortOrder>3</SortOrder>
</Actor>
<Actor>
  <id>72329</id>
  <Image></Image>
  <Name>Romi Paku</Name>
  <Role></Role>
  <SortOrder>3</SortOrder>
</Actor>
<Actor>
  <id>72330</id>
  <Image></Image>
  <Name>Ryoka Yuzuki</Name>
  <Role></Role>
  <SortOrder>3</SortOrder>
</Actor>
<Actor>
  <id>72331</id>
  <Image></Image>
  <Name>Shinji Kawada</Name>
  <Role></Role>
  <SortOrder>3</SortOrder>
</Actor>
<Actor>
  <id>72332</id>
  <Image></Image>
  <Name>Shoutarou Morikubo</Name>
  <Role></Role>
  <SortOrder>3</SortOrder>
</Actor>
<Actor>
  <id>72333</id>
  <Image></Image>
  <Name>Tomoyuki Dan</Name>
  <Role></Role>
  <SortOrder>3</SortOrder>
</Actor>
<Actor>
  <id>72334</id>
  <Image></Image>
  <Name>Yasuyuki Kase</Name>
  <Role></Role>
  <SortOrder>3</SortOrder>
</Actor>
<Actor>
  <id>72335</id>
  <Image></Image>
  <Name>Yoichi Masukawa</Name>
  <Role></Role>
  <SortOrder>3</SortOrder>
</Actor>
<Actor>
  <id>72336</id>
  <Image></Image>
  <Name>Yukari Tamura</Name>
  <Role></Role>
  <SortOrder>3</SortOrder>
</Actor>
<Actor>
  <id>72337</id>
  <Image></Image>
  <Name>Yutaka Aoyama</Name>
  <Role></Role>
  <SortOrder>3</SortOrder>
</Actor>
</Actors>