<?xml version="1.0" encoding="UTF-8" ?>
<Banners>
<Banner>
  <id>194081</id>
  <BannerPath>fanart/original/79824-7.jpg</BannerPath>
  <BannerType>fanart</BannerType>
  <BannerType2>1280x720</BannerType2>
  <Colors></Colors>
  <Language>en</Language>
  <Rating>6.8333</Rating>
  <RatingCount>12</RatingCount>
  <SeriesName>false</SeriesName>
  <ThumbnailPath>_cache/fanart/original/79824-7.jpg</ThumbnailPath>
  <VignettePath>fanart/vignette/79824-7.jpg</VignettePath>
</Banner>
<Banner>
  <id>194091</id>
  <BannerPath>fanart/original/79824-8.jpg</BannerPath>
  <BannerType>fanart</BannerType>
  <BannerType2>1920x1080</BannerType2>
  <Colors></Colors>
  <Language>en</Language>
  <Rating>6.0000</Rating>
  <RatingCount>7</RatingCount>
  <SeriesName>false</SeriesName>
  <ThumbnailPath>_cache/fanart/original/79824-8.jpg</ThumbnailPath>
  <VignettePath>fanart/vignette/79824-8.jpg</VignettePath>
</Banner>
<Banner>
  <id>194061</id>
  <BannerPath>fanart/original/79824-6.jpg</BannerPath>
  <BannerType>fanart</BannerType>
  <BannerType2>1920x1080</BannerType2>
  <Colors></Colors>
  <Language>en</Language>
  <Rating>5.7647</Rating>
  <RatingCount>17</RatingCount>
  <SeriesName>false</SeriesName>
  <ThumbnailPath>_cache/fanart/original/79824-6.jpg</ThumbnailPath>
  <VignettePath>fanart/vignette/79824-6.jpg</VignettePath>
</Banner>
<Banner>
  <id>894200</id>
  <BannerPath>fanart/original/79824-19.jpg</BannerPath>
  <BannerType>fanart</BannerType>
  <BannerType2>1920x1080</BannerType2>
  <Colors>|232,232,232|1,1,1|110,19,18|</Colors>
  <Language>de</Language>
  <Rating>5.6667</Rating>
  <RatingCount>6</RatingCount>
  <SeriesName>false</SeriesName>
  <ThumbnailPath>_cache/fanart/original/79824-19.jpg</ThumbnailPath>
  <VignettePath>fanart/vignette/79824-19.jpg</VignettePath>
</Banner>
<Banner>
  <id>756641</id>
  <BannerPath>fanart/original/79824-16.jpg</BannerPath>
  <BannerType>fanart</BannerType>
  <BannerType2>1920x1080</BannerType2>
  <Colors>|143,57,0|160,121,2|3,35,74|</Colors>
  <Language>en</Language>
  <Rating>5.6667</Rating>
  <RatingCount>12</RatingCount>
  <SeriesName>false</SeriesName>
  <ThumbnailPath>_cache/fanart/original/79824-16.jpg</ThumbnailPath>
  <VignettePath>fanart/vignette/79824-16.jpg</VignettePath>
</Banner>
<Banner>
  <id>32234</id>
  <BannerPath>fanart/original/79824-5.jpg</BannerPath>
  <BannerType>fanart</BannerType>
  <BannerType2>1280x720</BannerType2>
  <Colors>|228,128,52|84,101,83|103,91,67|</Colors>
  <Language>en</Language>
  <Rating>5.5909</Rating>
  <RatingCount>22</RatingCount>
  <SeriesName>false</SeriesName>
  <ThumbnailPath>_cache/fanart/original/79824-5.jpg</ThumbnailPath>
  <VignettePath>fanart/vignette/79824-5.jpg</VignettePath>
</Banner>
<Banner>
  <id>859064</id>
  <BannerPath>fanart/original/79824-17.jpg</BannerPath>
  <BannerType>fanart</BannerType>
  <BannerType2>1920x1080</BannerType2>
  <Colors></Colors>
  <Language>en</Language>
  <Rating>5.5000</Rating>
  <RatingCount>2</RatingCount>
  <SeriesName>false</SeriesName>
  <ThumbnailPath>_cache/fanart/original/79824-17.jpg</ThumbnailPath>
  <VignettePath>fanart/vignette/79824-17.jpg</VignettePath>
</Banner>
<Banner>
  <id>21438</id>
  <BannerPath>fanart/original/79824-4.jpg</BannerPath>
  <BannerType>fanart</BannerType>
  <BannerType2>1280x720</BannerType2>
  <Colors>|240,240,240|0,0,0|71,75,102|</Colors>
  <Language>en</Language>
  <Rating>5.4000</Rating>
  <RatingCount>5</RatingCount>
  <SeriesName>false</SeriesName>
  <ThumbnailPath>_cache/fanart/original/79824-4.jpg</ThumbnailPath>
  <VignettePath>fanart/vignette/79824-4.jpg</VignettePath>
</Banner>
<Banner>
  <id>21436</id>
  <BannerPath>fanart/original/79824-2.jpg</BannerPath>
  <BannerType>fanart</BannerType>
  <BannerType2>1280x720</BannerType2>
  <Colors>|100,166,182|21,17,16|230,76,38|</Colors>
  <Language>en</Language>
  <Rating>5.2857</Rating>
  <RatingCount>7</RatingCount>
  <SeriesName>false</SeriesName>
  <ThumbnailPath>_cache/fanart/original/79824-2.jpg</ThumbnailPath>
  <VignettePath>fanart/vignette/79824-2.jpg</VignettePath>
</Banner>
<Banner>
  <id>485801</id>
  <BannerPath>fanart/original/79824-10.jpg</BannerPath>
  <BannerType>fanart</BannerType>
  <BannerType2>1920x1080</BannerType2>
  <Colors></Colors>
  <Language>de</Language>
  <Rating>5.0000</Rating>
  <RatingCount>7</RatingCount>
  <SeriesName>false</SeriesName>
  <ThumbnailPath>_cache/fanart/original/79824-10.jpg</ThumbnailPath>
  <VignettePath>fanart/vignette/79824-10.jpg</VignettePath>
</Banner>
<Banner>
  <id>485811</id>
  <BannerPath>fanart/original/79824-11.jpg</BannerPath>
  <BannerType>fanart</BannerType>
  <BannerType2>1920x1080</BannerType2>
  <Colors></Colors>
  <Language>de</Language>
  <Rating>5.0000</Rating>
  <RatingCount>7</RatingCount>
  <SeriesName>false</SeriesName>
  <ThumbnailPath>_cache/fanart/original/79824-11.jpg</ThumbnailPath>
  <VignettePath>fanart/vignette/79824-11.jpg</VignettePath>
</Banner>
<Banner>
  <id>21394</id>
  <BannerPath>fanart/original/79824-1.jpg</BannerPath>
  <BannerType>fanart</BannerType>
  <BannerType2>1280x720</BannerType2>
  <Colors>|255,255,255|16,20,19|157,7,6|</Colors>
  <Language>en</Language>
  <Rating>4.4000</Rating>
  <RatingCount>5</RatingCount>
  <SeriesName>false</SeriesName>
  <ThumbnailPath>_cache/fanart/original/79824-1.jpg</ThumbnailPath>
  <VignettePath>fanart/vignette/79824-1.jpg</VignettePath>
</Banner>
<Banner>
  <id>608661</id>
  <BannerPath>fanart/original/79824-14.jpg</BannerPath>
  <BannerType>fanart</BannerType>
  <BannerType2>1920x1080</BannerType2>
  <Colors>|158,158,158|19,19,19|51,51,51|</Colors>
  <Language>en</Language>
  <Rating>4.2857</Rating>
  <RatingCount>7</RatingCount>
  <SeriesName>false</SeriesName>
  <ThumbnailPath>_cache/fanart/original/79824-14.jpg</ThumbnailPath>
  <VignettePath>fanart/vignette/79824-14.jpg</VignettePath>
</Banner>
<Banner>
  <id>573511</id>
  <BannerPath>fanart/original/79824-13.jpg</BannerPath>
  <BannerType>fanart</BannerType>
  <BannerType2>1920x1080</BannerType2>
  <Colors></Colors>
  <Language>en</Language>
  <Rating>4.0000</Rating>
  <RatingCount>3</RatingCount>
  <SeriesName>false</SeriesName>
  <ThumbnailPath>_cache/fanart/original/79824-13.jpg</ThumbnailPath>
  <VignettePath>fanart/vignette/79824-13.jpg</VignettePath>
</Banner>
<Banner>
  <id>21437</id>
  <BannerPath>fanart/original/79824-3.jpg</BannerPath>
  <BannerType>fanart</BannerType>
  <BannerType2>1280x720</BannerType2>
  <Colors>|131,208,198|10,4,4|137,85,121|</Colors>
  <Language>en</Language>
  <Rating>4.0000</Rating>
  <RatingCount>3</RatingCount>
  <SeriesName>false</SeriesName>
  <ThumbnailPath>_cache/fanart/original/79824-3.jpg</ThumbnailPath>
  <VignettePath>fanart/vignette/79824-3.jpg</VignettePath>
</Banner>
<Banner>
  <id>344621</id>
  <BannerPath>fanart/original/79824-9.jpg</BannerPath>
  <BannerType>fanart</BannerType>
  <BannerType2>1920x1080</BannerType2>
  <Colors>|249,255,255|50,49,44|242,220,207|</Colors>
  <Language>en</Language>
  <Rating>3.2500</Rating>
  <RatingCount>4</RatingCount>
  <SeriesName>false</SeriesName>
  <ThumbnailPath>_cache/fanart/original/79824-9.jpg</ThumbnailPath>
  <VignettePath>fanart/vignette/79824-9.jpg</VignettePath>
</Banner>
<Banner>
  <id>693261</id>
  <BannerPath>fanart/original/79824-15.jpg</BannerPath>
  <BannerType>fanart</BannerType>
  <BannerType2>1920x1080</BannerType2>
  <Colors></Colors>
  <Language>fr</Language>
  <Rating>1.0000</Rating>
  <RatingCount>1</RatingCount>
  <SeriesName>false</SeriesName>
  <ThumbnailPath>_cache/fanart/original/79824-15.jpg</ThumbnailPath>
  <VignettePath>fanart/vignette/79824-15.jpg</VignettePath>
</Banner>
<Banner>
  <id>561701</id>
  <BannerPath>fanart/original/79824-12.jpg</BannerPath>
  <BannerType>fanart</BannerType>
  <BannerType2>1280x720</BannerType2>
  <Colors></Colors>
  <Language>en</Language>
  <Rating>1.0000</Rating>
  <RatingCount>1</RatingCount>
  <SeriesName>false</SeriesName>
  <ThumbnailPath>_cache/fanart/original/79824-12.jpg</ThumbnailPath>
  <VignettePath>fanart/vignette/79824-12.jpg</VignettePath>
</Banner>
<Banner>
  <id>859757</id>
  <BannerPath>fanart/original/79824-18.jpg</BannerPath>
  <BannerType>fanart</BannerType>
  <BannerType2>1920x1080</BannerType2>
  <Colors></Colors>
  <Language>pt</Language>
  <Rating>1.0000</Rating>
  <RatingCount>1</RatingCount>
  <SeriesName>true</SeriesName>
  <ThumbnailPath>_cache/fanart/original/79824-18.jpg</ThumbnailPath>
  <VignettePath>fanart/vignette/79824-18.jpg</VignettePath>
</Banner>
<Banner>
  <id>485821</id>
  <BannerPath>posters/79824-6.jpg</BannerPath>
  <BannerType>poster</BannerType>
  <BannerType2>680x1000</BannerType2>
  <Language>en</Language>
  <Rating>8.6250</Rating>
  <RatingCount>8</RatingCount>
</Banner>
<Banner>
  <id>472871</id>
  <BannerPath>posters/79824-5.jpg</BannerPath>
  <BannerType>poster</BannerType>
  <BannerType2>680x1000</BannerType2>
  <Language>en</Language>
  <Rating>8.4286</Rating>
  <RatingCount>7</RatingCount>
</Banner>
<Banner>
  <id>760091</id>
  <BannerPath>posters/79824-7.jpg</BannerPath>
  <BannerType>poster</BannerType>
  <BannerType2>680x1000</BannerType2>
  <Language>en</Language>
  <Rating>8.4000</Rating>
  <RatingCount>5</RatingCount>
</Banner>
<Banner>
  <id>788741</id>
  <BannerPath>posters/79824-8.jpg</BannerPath>
  <BannerType>poster</BannerType>
  <BannerType2>680x1000</BannerType2>
  <Language>en</Language>
  <Rating>7.0000</Rating>
  <RatingCount>1</RatingCount>
</Banner>
<Banner>
  <id>31222</id>
  <BannerPath>posters/79824-4.jpg</BannerPath>
  <BannerType>poster</BannerType>
  <BannerType2>680x1000</BannerType2>
  <Language>en</Language>
  <Rating>6.7500</Rating>
  <RatingCount>4</RatingCount>
</Banner>
<Banner>
  <id>255601</id>
  <BannerPath>posters/79824-2.jpg</BannerPath>
  <BannerType>poster</BannerType>
  <BannerType2>680x1000</BannerType2>
  <Language>en</Language>
  <Rating>6.7500</Rating>
  <RatingCount>4</RatingCount>
</Banner>
<Banner>
  <id>301271</id>
  <BannerPath>posters/79824-3.jpg</BannerPath>
  <BannerType>poster</BannerType>
  <BannerType2>680x1000</BannerType2>
  <Language>en</Language>
  <Rating>6.2857</Rating>
  <RatingCount>7</RatingCount>
</Banner>
<Banner>
  <id>29021</id>
  <BannerPath>posters/79824-1.jpg</BannerPath>
  <BannerType>poster</BannerType>
  <BannerType2>680x1000</BannerType2>
  <Language>en</Language>
  <Rating>5.5714</Rating>
  <RatingCount>7</RatingCount>
</Banner>
<Banner>
  <id>890398</id>
  <BannerPath>seasons/79824-12.jpg</BannerPath>
  <BannerType>season</BannerType>
  <BannerType2>season</BannerType2>
  <Language>en</Language>
  <Rating>10.0000</Rating>
  <RatingCount>3</RatingCount>
  <Season>12</Season>
</Banner>
<Banner>
  <id>698511</id>
  <BannerPath>seasons/79824-8.jpg</BannerPath>
  <BannerType>season</BannerType>
  <BannerType2>season</BannerType2>
  <Language>en</Language>
  <Rating>10.0000</Rating>
  <RatingCount>3</RatingCount>
  <Season>8</Season>
</Banner>
<Banner>
  <id>225301</id>
  <BannerPath>seasons/79824-4-2.jpg</BannerPath>
  <BannerType>season</BannerType>
  <BannerType2>season</BannerType2>
  <Language>en</Language>
  <Rating>10.0000</Rating>
  <RatingCount>2</RatingCount>
  <Season>4</Season>
</Banner>
<Banner>
  <id>225431</id>
  <BannerPath>seasons/79824-5-2.jpg</BannerPath>
  <BannerType>season</BannerType>
  <BannerType2>season</BannerType2>
  <Language>en</Language>
  <Rating>10.0000</Rating>
  <RatingCount>2</RatingCount>
  <Season>5</Season>
</Banner>
<Banner>
  <id>703181</id>
  <BannerPath>seasons/79824-7-3.jpg</BannerPath>
  <BannerType>season</BannerType>
  <BannerType2>season</BannerType2>
  <Language>en</Language>
  <Rating>10.0000</Rating>
  <RatingCount>3</RatingCount>
  <Season>7</Season>
</Banner>
<Banner>
  <id>225371</id>
  <BannerPath>seasons/79824-3-2.jpg</BannerPath>
  <BannerType>season</BannerType>
  <BannerType2>season</BannerType2>
  <Language>en</Language>
  <Rating>10.0000</Rating>
  <RatingCount>3</RatingCount>
  <Season>3</Season>
</Banner>
<Banner>
  <id>225351</id>
  <BannerPath>seasons/79824-1-2.jpg</BannerPath>
  <BannerType>season</BannerType>
  <BannerType2>season</BannerType2>
  <Language>en</Language>
  <Rating>10.0000</Rating>
  <RatingCount>1</RatingCount>
  <Season>1</Season>
</Banner>
<Banner>
  <id>799281</id>
  <BannerPath>seasons/79824-0-3.jpg</BannerPath>
  <BannerType>season</BannerType>
  <BannerType2>season</BannerType2>
  <Language>en</Language>
  <Rating>10.0000</Rating>
  <RatingCount>1</RatingCount>
  <Season>0</Season>
</Banner>
<Banner>
  <id>869343</id>
  <BannerPath>seasons/79824-11.jpg</BannerPath>
  <BannerType>season</BannerType>
  <BannerType2>season</BannerType2>
  <Language>en</Language>
  <Rating>10.0000</Rating>
  <RatingCount>2</RatingCount>
  <Season>11</Season>
</Banner>
<Banner>
  <id>292491</id>
  <BannerPath>seasons/79824-0-2.jpg</BannerPath>
  <BannerType>season</BannerType>
  <BannerType2>season</BannerType2>
  <Language>en</Language>
  <Rating>10.0000</Rating>
  <RatingCount>1</RatingCount>
  <Season>0</Season>
</Banner>
<Banner>
  <id>698461</id>
  <BannerPath>seasons/79824-9.jpg</BannerPath>
  <BannerType>season</BannerType>
  <BannerType2>season</BannerType2>
  <Language>en</Language>
  <Rating>9.7500</Rating>
  <RatingCount>4</RatingCount>
  <Season>9</Season>
</Banner>
<Banner>
  <id>225361</id>
  <BannerPath>seasons/79824-2-2.jpg</BannerPath>
  <BannerType>season</BannerType>
  <BannerType2>season</BannerType2>
  <Language>en</Language>
  <Rating>9.5000</Rating>
  <RatingCount>2</RatingCount>
  <Season>2</Season>
</Banner>
<Banner>
  <id>749751</id>
  <BannerPath>seasons/79824-10.jpg</BannerPath>
  <BannerType>season</BannerType>
  <BannerType2>season</BannerType2>
  <Language>en</Language>
  <Rating>9.2500</Rating>
  <RatingCount>4</RatingCount>
  <Season>10</Season>
</Banner>
<Banner>
  <id>225441</id>
  <BannerPath>seasons/79824-6.jpg</BannerPath>
  <BannerType>season</BannerType>
  <BannerType2>season</BannerType2>
  <Language>en</Language>
  <Rating>8.2500</Rating>
  <RatingCount>4</RatingCount>
  <Season>6</Season>
</Banner>
<Banner>
  <id>344601</id>
  <BannerPath>seasons/79824-7.jpg</BannerPath>
  <BannerType>season</BannerType>
  <BannerType2>season</BannerType2>
  <Language>en</Language>
  <Rating>6.0000</Rating>
  <RatingCount>5</RatingCount>
  <Season>7</Season>
</Banner>
<Banner>
  <id>486721</id>
  <BannerPath>seasons/79824-6-3.jpg</BannerPath>
  <BannerType>season</BannerType>
  <BannerType2>season</BannerType2>
  <Language>ja</Language>
  <Rating>5.5000</Rating>
  <RatingCount>2</RatingCount>
  <Season>6</Season>
</Banner>
<Banner>
  <id>32006</id>
  <BannerPath>seasons/79824-0.jpg</BannerPath>
  <BannerType>season</BannerType>
  <BannerType2>season</BannerType2>
  <Language>en</Language>
  <Rating>5.0000</Rating>
  <RatingCount>1</RatingCount>
  <Season>0</Season>
</Banner>
<Banner>
  <id>344611</id>
  <BannerPath>seasons/79824-7-2.jpg</BannerPath>
  <BannerType>season</BannerType>
  <BannerType2>season</BannerType2>
  <Language>en</Language>
  <Rating>4.0000</Rating>
  <RatingCount>5</RatingCount>
  <Season>7</Season>
</Banner>
<Banner>
  <id>486741</id>
  <BannerPath>seasons/79824-7-5.jpg</BannerPath>
  <BannerType>season</BannerType>
  <BannerType2>season</BannerType2>
  <Language>ja</Language>
  <Rating>4.0000</Rating>
  <RatingCount>3</RatingCount>
  <Season>7</Season>
</Banner>
<Banner>
  <id>486681</id>
  <BannerPath>seasons/79824-3.jpg</BannerPath>
  <BannerType>season</BannerType>
  <BannerType2>season</BannerType2>
  <Language>en</Language>
  <Rating>3.0000</Rating>
  <RatingCount>2</RatingCount>
  <Season>3</Season>
</Banner>
<Banner>
  <id>486731</id>
  <BannerPath>seasons/79824-6-4.jpg</BannerPath>
  <BannerType>season</BannerType>
  <BannerType2>season</BannerType2>
  <Language>ja</Language>
  <Rating>1.0000</Rating>
  <RatingCount>1</RatingCount>
  <Season>6</Season>
</Banner>
<Banner>
  <id>486751</id>
  <BannerPath>seasons/79824-5.jpg</BannerPath>
  <BannerType>season</BannerType>
  <BannerType2>season</BannerType2>
  <Language>ja</Language>
  <Rating>1.0000</Rating>
  <RatingCount>1</RatingCount>
  <Season>5</Season>
</Banner>
<Banner>
  <id>486711</id>
  <BannerPath>seasons/79824-6-2.jpg</BannerPath>
  <BannerType>season</BannerType>
  <BannerType2>season</BannerType2>
  <Language>ja</Language>
  <Rating>1.0000</Rating>
  <RatingCount>1</RatingCount>
  <Season>6</Season>
</Banner>
<Banner>
  <id>486641</id>
  <BannerPath>seasons/79824-1.jpg</BannerPath>
  <BannerType>season</BannerType>
  <BannerType2>season</BannerType2>
  <Language>ja</Language>
  <Rating>1.0000</Rating>
  <RatingCount>1</RatingCount>
  <Season>1</Season>
</Banner>
<Banner>
  <id>726831</id>
  <BannerPath>seasons/79824-7-4.jpg</BannerPath>
  <BannerType>season</BannerType>
  <BannerType2>season</BannerType2>
  <Language>ja</Language>
  <Rating>1.0000</Rating>
  <RatingCount>1</RatingCount>
  <Season>7</Season>
</Banner>
<Banner>
  <id>486671</id>
  <BannerPath>seasons/79824-2-3.jpg</BannerPath>
  <BannerType>season</BannerType>
  <BannerType2>season</BannerType2>
  <Language>ja</Language>
  <Rating>1.0000</Rating>
  <RatingCount>1</RatingCount>
  <Season>2</Season>
</Banner>
<Banner>
  <id>486651</id>
  <BannerPath>seasons/79824-1-3.jpg</BannerPath>
  <BannerType>season</BannerType>
  <BannerType2>season</BannerType2>
  <Language>ja</Language>
  <Rating>1.0000</Rating>
  <RatingCount>1</RatingCount>
  <Season>1</Season>
</Banner>
<Banner>
  <id>486661</id>
  <BannerPath>seasons/79824-2.jpg</BannerPath>
  <BannerType>season</BannerType>
  <BannerType2>season</BannerType2>
  <Language>ja</Language>
  <Rating>1.0000</Rating>
  <RatingCount>1</RatingCount>
  <Season>2</Season>
</Banner>
<Banner>
  <id>727061</id>
  <BannerPath>seasons/79824-8-2.jpg</BannerPath>
  <BannerType>season</BannerType>
  <BannerType2>season</BannerType2>
  <Language>en</Language>
  <Rating>1.0000</Rating>
  <RatingCount>1</RatingCount>
  <Season>8</Season>
</Banner>
<Banner>
  <id>486691</id>
  <BannerPath>seasons/79824-4.jpg</BannerPath>
  <BannerType>season</BannerType>
  <BannerType2>season</BannerType2>
  <Language>ja</Language>
  <Rating>1.0000</Rating>
  <RatingCount>1</RatingCount>
  <Season>4</Season>
</Banner>
<Banner>
  <id>17779</id>
  <BannerPath>graphical/79824-g3.jpg</BannerPath>
  <BannerType>series</BannerType>
  <BannerType2>graphical</BannerType2>
  <Language>en</Language>
  <Rating>6.9167</Rating>
  <RatingCount>12</RatingCount>
</Banner>
<Banner>
  <id>567471</id>
  <BannerPath>graphical/79824-g6.jpg</BannerPath>
  <BannerType>series</BannerType>
  <BannerType2>graphical</BannerType2>
  <Language>en</Language>
  <Rating>6.8000</Rating>
  <RatingCount>5</RatingCount>
</Banner>
<Banner>
  <id>41323</id>
  <BannerPath>graphical/79824-g4.jpg</BannerPath>
  <BannerType>series</BannerType>
  <BannerType2>graphical</BannerType2>
  <Language>en</Language>
  <Rating>6.7000</Rating>
  <RatingCount>10</RatingCount>
</Banner>
<Banner>
  <id>66181</id>
  <BannerPath>graphical/79824-g5.jpg</BannerPath>
  <BannerType>series</BannerType>
  <BannerType2>graphical</BannerType2>
  <Language>en</Language>
  <Rating>6.6000</Rating>
  <RatingCount>5</RatingCount>
</Banner>
<Banner>
  <id>11475</id>
  <BannerPath>graphical/79824-g2.jpg</BannerPath>
  <BannerType>series</BannerType>
  <BannerType2>graphical</BannerType2>
  <Language>en</Language>
  <Rating>6.0000</Rating>
  <RatingCount>4</RatingCount>
</Banner>
<Banner>
  <id>11474</id>
  <BannerPath>graphical/79824-g.jpg</BannerPath>
  <BannerType>series</BannerType>
  <BannerType2>graphical</BannerType2>
  <Language>en</Language>
  <Rating>6.0000</Rating>
  <RatingCount>4</RatingCount>
</Banner>
</Banners>