<?xml version="1.0" encoding="UTF-8" ?>
<Actors>
<Actor>
  <id>160031</id>
  <Image></Image>
  <Name>Jeremy Shada</Name>
  <Role>Finn</Role>
  <SortOrder>0</SortOrder>
</Actor>
<Actor>
  <id>295739</id>
  <Image></Image>
  <Name>John Di Maggio</Name>
  <Role>Jake</Role>
  <SortOrder>1</SortOrder>
</Actor>
<Actor>
  <id>164951</id>
  <Image></Image>
  <Name>Hynden Walch</Name>
  <Role>Princess Bubblegum</Role>
  <SortOrder>2</SortOrder>
</Actor>
<Actor>
  <id>164971</id>
  <Image></Image>
  <Name>Niki Yang</Name>
  <Role>Lady Rainicorn</Role>
  <SortOrder>3</SortOrder>
</Actor>
<Actor>
  <id>164961</id>
  <Image></Image>
  <Name>Olivia Olson</Name>
  <Role>Marceline</Role>
  <SortOrder>3</SortOrder>
</Actor>
<Actor>
  <id>164981</id>
  <Image></Image>
  <Name>Tom Kenny</Name>
  <Role>Ice King</Role>
  <SortOrder>3</SortOrder>
</Actor>
</Actors>