<?xml version="1.0" encoding="UTF-8" ?>
<Banners>
<Banner>
  <id>730941</id>
  <BannerPath>fanart/original/152831-5.jpg</BannerPath>
  <BannerType>fanart</BannerType>
  <BannerType2>1920x1080</BannerType2>
  <Colors>|255,254,255|26,158,57|250,199,178|</Colors>
  <Language>en</Language>
  <Rating>8.4286</Rating>
  <RatingCount>7</RatingCount>
  <SeriesName>false</SeriesName>
  <ThumbnailPath>_cache/fanart/original/152831-5.jpg</ThumbnailPath>
  <VignettePath>fanart/vignette/152831-5.jpg</VignettePath>
</Banner>
<Banner>
  <id>695991</id>
  <BannerPath>fanart/original/152831-3.jpg</BannerPath>
  <BannerType>fanart</BannerType>
  <BannerType2>1920x1080</BannerType2>
  <Colors>|211,79,66|56,159,54|172,144,71|</Colors>
  <Language>en</Language>
  <Rating>8.1111</Rating>
  <RatingCount>9</RatingCount>
  <SeriesName>false</SeriesName>
  <ThumbnailPath>_cache/fanart/original/152831-3.jpg</ThumbnailPath>
  <VignettePath>fanart/vignette/152831-3.jpg</VignettePath>
</Banner>
<Banner>
  <id>868798</id>
  <BannerPath>fanart/original/152831-9.jpg</BannerPath>
  <BannerType>fanart</BannerType>
  <BannerType2>1920x1080</BannerType2>
  <Colors></Colors>
  <Language>en</Language>
  <Rating>8.0000</Rating>
  <RatingCount>1</RatingCount>
  <SeriesName>false</SeriesName>
  <ThumbnailPath>_cache/fanart/original/152831-9.jpg</ThumbnailPath>
  <VignettePath>fanart/vignette/152831-9.jpg</VignettePath>
</Banner>
<Banner>
  <id>868796</id>
  <BannerPath>fanart/original/152831-8.jpg</BannerPath>
  <BannerType>fanart</BannerType>
  <BannerType2>1920x1080</BannerType2>
  <Colors>|250,224,165|254,185,30|85,188,255|</Colors>
  <Language>en</Language>
  <Rating>8.0000</Rating>
  <RatingCount>1</RatingCount>
  <SeriesName>false</SeriesName>
  <ThumbnailPath>_cache/fanart/original/152831-8.jpg</ThumbnailPath>
  <VignettePath>fanart/vignette/152831-8.jpg</VignettePath>
</Banner>
<Banner>
  <id>868793</id>
  <BannerPath>fanart/original/152831-6.jpg</BannerPath>
  <BannerType>fanart</BannerType>
  <BannerType2>1920x1080</BannerType2>
  <Colors></Colors>
  <Language>en</Language>
  <Rating>6.0000</Rating>
  <RatingCount>2</RatingCount>
  <SeriesName>false</SeriesName>
  <ThumbnailPath>_cache/fanart/original/152831-6.jpg</ThumbnailPath>
  <VignettePath>fanart/vignette/152831-6.jpg</VignettePath>
</Banner>
<Banner>
  <id>426481</id>
  <BannerPath>fanart/original/152831-1.jpg</BannerPath>
  <BannerType>fanart</BannerType>
  <BannerType2>1280x720</BannerType2>
  <Colors></Colors>
  <Language>en</Language>
  <Rating>5.6250</Rating>
  <RatingCount>8</RatingCount>
  <SeriesName>true</SeriesName>
  <ThumbnailPath>_cache/fanart/original/152831-1.jpg</ThumbnailPath>
  <VignettePath>fanart/vignette/152831-1.jpg</VignettePath>
</Banner>
<Banner>
  <id>730921</id>
  <BannerPath>fanart/original/152831-4.jpg</BannerPath>
  <BannerType>fanart</BannerType>
  <BannerType2>1920x1080</BannerType2>
  <Colors></Colors>
  <Language>en</Language>
  <Rating>5.5000</Rating>
  <RatingCount>2</RatingCount>
  <SeriesName>false</SeriesName>
  <ThumbnailPath>_cache/fanart/original/152831-4.jpg</ThumbnailPath>
  <VignettePath>fanart/vignette/152831-4.jpg</VignettePath>
</Banner>
<Banner>
  <id>426491</id>
  <BannerPath>fanart/original/152831-2.jpg</BannerPath>
  <BannerType>fanart</BannerType>
  <BannerType2>1280x720</BannerType2>
  <Colors></Colors>
  <Language>en</Language>
  <Rating>3.7500</Rating>
  <RatingCount>4</RatingCount>
  <SeriesName>true</SeriesName>
  <ThumbnailPath>_cache/fanart/original/152831-2.jpg</ThumbnailPath>
  <VignettePath>fanart/vignette/152831-2.jpg</VignettePath>
</Banner>
<Banner>
  <id>868795</id>
  <BannerPath>fanart/original/152831-7.jpg</BannerPath>
  <BannerType>fanart</BannerType>
  <BannerType2>1920x1080</BannerType2>
  <Colors></Colors>
  <Language>en</Language>
  <Rating>1.0000</Rating>
  <RatingCount>1</RatingCount>
  <SeriesName>false</SeriesName>
  <ThumbnailPath>_cache/fanart/original/152831-7.jpg</ThumbnailPath>
  <VignettePath>fanart/vignette/152831-7.jpg</VignettePath>
</Banner>
<Banner>
  <id>868799</id>
  <BannerPath>fanart/original/152831-10.jpg</BannerPath>
  <BannerType>fanart</BannerType>
  <BannerType2>1920x1080</BannerType2>
  <Colors></Colors>
  <Language>en</Language>
  <Rating></Rating>
  <RatingCount>0</RatingCount>
  <SeriesName>false</SeriesName>
  <ThumbnailPath>_cache/fanart/original/152831-10.jpg</ThumbnailPath>
  <VignettePath>fanart/vignette/152831-10.jpg</VignettePath>
</Banner>
<Banner>
  <id>693341</id>
  <BannerPath>posters/152831-2.jpg</BannerPath>
  <BannerType>poster</BannerType>
  <BannerType2>680x1000</BannerType2>
  <Language>en</Language>
  <Rating>9.8571</Rating>
  <RatingCount>7</RatingCount>
</Banner>
<Banner>
  <id>861692</id>
  <BannerPath>posters/152831-3.jpg</BannerPath>
  <BannerType>poster</BannerType>
  <BannerType2>680x1000</BannerType2>
  <Language>en</Language>
  <Rating>9.3333</Rating>
  <RatingCount>3</RatingCount>
</Banner>
<Banner>
  <id>427861</id>
  <BannerPath>posters/152831-1.jpg</BannerPath>
  <BannerType>poster</BannerType>
  <BannerType2>680x1000</BannerType2>
  <Language>en</Language>
  <Rating>6.6667</Rating>
  <RatingCount>3</RatingCount>
</Banner>
<Banner>
  <id>898773</id>
  <BannerPath>seasons/152831-1-2.jpg</BannerPath>
  <BannerType>season</BannerType>
  <BannerType2>season</BannerType2>
  <Language>en</Language>
  <Rating>10.0000</Rating>
  <RatingCount>1</RatingCount>
  <Season>1</Season>
</Banner>
<Banner>
  <id>898776</id>
  <BannerPath>seasons/152831-0-2.jpg</BannerPath>
  <BannerType>season</BannerType>
  <BannerType2>season</BannerType2>
  <Language>en</Language>
  <Rating>10.0000</Rating>
  <RatingCount>1</RatingCount>
  <Season>0</Season>
</Banner>
<Banner>
  <id>898774</id>
  <BannerPath>seasons/152831-2-2.jpg</BannerPath>
  <BannerType>season</BannerType>
  <BannerType2>season</BannerType2>
  <Language>en</Language>
  <Rating>10.0000</Rating>
  <RatingCount>1</RatingCount>
  <Season>2</Season>
</Banner>
<Banner>
  <id>898775</id>
  <BannerPath>seasons/152831-3-2.jpg</BannerPath>
  <BannerType>season</BannerType>
  <BannerType2>season</BannerType2>
  <Language>en</Language>
  <Rating>10.0000</Rating>
  <RatingCount>1</RatingCount>
  <Season>3</Season>
</Banner>
<Banner>
  <id>873356</id>
  <BannerPath>seasons/152831-3.jpg</BannerPath>
  <BannerType>season</BannerType>
  <BannerType2>season</BannerType2>
  <Language>en</Language>
  <Rating>4.0000</Rating>
  <RatingCount>2</RatingCount>
  <Season>3</Season>
</Banner>
<Banner>
  <id>695921</id>
  <BannerPath>seasons/152831-1.jpg</BannerPath>
  <BannerType>season</BannerType>
  <BannerType2>season</BannerType2>
  <Language>en</Language>
  <Rating>3.0000</Rating>
  <RatingCount>1</RatingCount>
  <Season>1</Season>
</Banner>
<Banner>
  <id>695931</id>
  <BannerPath>seasons/152831-2.jpg</BannerPath>
  <BannerType>season</BannerType>
  <BannerType2>season</BannerType2>
  <Language>en</Language>
  <Rating>3.0000</Rating>
  <RatingCount>1</RatingCount>
  <Season>2</Season>
</Banner>
<Banner>
  <id>871635</id>
  <BannerPath>seasons/152831-0.jpg</BannerPath>
  <BannerType>season</BannerType>
  <BannerType2>season</BannerType2>
  <Language>en</Language>
  <Rating>2.0000</Rating>
  <RatingCount>1</RatingCount>
  <Season>0</Season>
</Banner>
<Banner>
  <id>902881</id>
  <BannerPath>seasons/152831-4.jpg</BannerPath>
  <BannerType>season</BannerType>
  <BannerType2>season</BannerType2>
  <Language>en</Language>
  <Rating></Rating>
  <RatingCount>0</RatingCount>
  <Season>4</Season>
</Banner>
<Banner>
  <id>521451</id>
  <BannerPath>graphical/152831-g2.jpg</BannerPath>
  <BannerType>series</BannerType>
  <BannerType2>graphical</BannerType2>
  <Language>en</Language>
  <Rating>10.0000</Rating>
  <RatingCount>5</RatingCount>
</Banner>
<Banner>
  <id>861691</id>
  <BannerPath>graphical/152831-g3.jpg</BannerPath>
  <BannerType>series</BannerType>
  <BannerType2>graphical</BannerType2>
  <Language>en</Language>
  <Rating>5.0000</Rating>
  <RatingCount>3</RatingCount>
</Banner>
<Banner>
  <id>463071</id>
  <BannerPath>graphical/152831-g.jpg</BannerPath>
  <BannerType>series</BannerType>
  <BannerType2>graphical</BannerType2>
  <Language>en</Language>
  <Rating>2.0000</Rating>
  <RatingCount>1</RatingCount>
</Banner>
</Banners>