<?xml version="1.0" encoding="UTF-8" ?>
<Data><Series>
  <id>152831</id>
  <Actors>|Jeremy Shada|John Di Maggio|Hynden Walch|Niki Yang|Olivia Olson|Tom Kenny|</Actors>
  <Airs_DayOfWeek>Monday</Airs_DayOfWeek>
  <Airs_Time>8:00 PM</Airs_Time>
  <ContentRating>TV-PG</ContentRating>
  <FirstAired>2010-04-05</FirstAired>
  <Genre>|Animation|Children|Comedy|</Genre>
  <IMDB_ID>tt1305826</IMDB_ID>
  <Language>en</Language>
  <Network>Cartoon Network</Network>
  <NetworkID></NetworkID>
  <Overview>Adventure Time, originally titled Adventure Time with Finn and Jake, follows two best friends: Finn (a 12-year old boy) and Jake (a wise 28-year-old dog with magical powers), and the surreal adventures undertaken by the duo as they traverse the mystical Land of Ooo. A world built for adventure, Ooo is filled to the brim with various landscapes for the two buddies to explore and bizarre characters to assist.</Overview>
  <Rating>9.7</Rating>
  <RatingCount>32</RatingCount>
  <Runtime>11</Runtime>
  <SeriesID>77068</SeriesID>
  <SeriesName>Adventure Time</SeriesName>
  <Status>Continuing</Status>
  <added>2010-03-28 23:33:07</added>
  <addedBy>35281</addedBy>
  <banner>graphical/152831-g2.jpg</banner>
  <fanart>fanart/original/152831-5.jpg</fanart>
  <lastupdated>1334161528</lastupdated>
  <poster>posters/152831-2.jpg</poster>
  <zap2it_id></zap2it_id>
</Series>
<Episode>
  <id>1963371</id>
  <Combined_episodenumber>1</Combined_episodenumber>
  <Combined_season>0</Combined_season>
  <DVD_chapter></DVD_chapter>
  <DVD_discid></DVD_discid>
  <DVD_episodenumber></DVD_episodenumber>
  <DVD_season></DVD_season>
  <Director></Director>
  <EpImgFlag>1</EpImgFlag>
  <EpisodeName>Adventure Time (Pilot)</EpisodeName>
  <EpisodeNumber>1</EpisodeNumber>
  <FirstAired>2008-12-06</FirstAired>
  <GuestStars></GuestStars>
  <IMDB_ID></IMDB_ID>
  <Language>en</Language>
  <Overview>While Finn and Jake do a little dance Jake downloaded from the internet, Princess Bubblegum's Rainicorn (a unicorn/rainbow hybrid) flies by in tears. They discover that the Rainicorn is so sad because the princess is being imprisoned by the Ice King. Using snowballs, they battle their way past the Iceclops, Snow Golem, and other monsters that inhabit the Ice Kingdom to rescue her.

Originally aired as part of &quot;Random! Cartoons&quot;</Overview>
  <ProductionCode></ProductionCode>
  <Rating>8.0</Rating>
  <RatingCount>1</RatingCount>
  <SeasonNumber>0</SeasonNumber>
  <Writer></Writer>
  <absolute_number></absolute_number>
  <airsafter_season></airsafter_season>
  <airsbefore_episode>1</airsbefore_episode>
  <airsbefore_season>1</airsbefore_season>
  <filename>episodes/152831/1963371.jpg</filename>
  <lastupdated>1317537541</lastupdated>
  <seasonid>221081</seasonid>
  <seriesid>152831</seriesid>
</Episode>
<Episode>
  <id>4295676</id>
  <Combined_episodenumber>2</Combined_episodenumber>
  <Combined_season>0</Combined_season>
  <DVD_chapter></DVD_chapter>
  <DVD_discid></DVD_discid>
  <DVD_episodenumber></DVD_episodenumber>
  <DVD_season></DVD_season>
  <Director></Director>
  <EpImgFlag>2</EpImgFlag>
  <EpisodeName>Let's Work Together</EpisodeName>
  <EpisodeNumber>2</EpisodeNumber>
  <FirstAired></FirstAired>
  <GuestStars></GuestStars>
  <IMDB_ID></IMDB_ID>
  <Language>en</Language>
  <Overview>Finn and Jake come across a magic wand, but when the wand becomes uncontrollable, they must team up with the Ice King to stop it.</Overview>
  <ProductionCode></ProductionCode>
  <Rating>6.0</Rating>
  <RatingCount>1</RatingCount>
  <SeasonNumber>0</SeasonNumber>
  <Writer></Writer>
  <absolute_number></absolute_number>
  <airsafter_season></airsafter_season>
  <airsbefore_episode></airsbefore_episode>
  <airsbefore_season></airsbefore_season>
  <filename>episodes/152831/4295676.jpg</filename>
  <lastupdated>1333863849</lastupdated>
  <seasonid>221081</seasonid>
  <seriesid>152831</seriesid>
</Episode>
<Episode>
  <id>2289921</id>
  <Combined_episodenumber>1.1</Combined_episodenumber>
  <Combined_season>1</Combined_season>
  <DVD_chapter></DVD_chapter>
  <DVD_discid></DVD_discid>
  <DVD_episodenumber>1.1</DVD_episodenumber>
  <DVD_season>1</DVD_season>
  <Director>|Larry Leichliter|Nick Jennings|</Director>
  <EpImgFlag>2</EpImgFlag>
  <EpisodeName>Slumber Party Panic</EpisodeName>
  <EpisodeNumber>1</EpisodeNumber>
  <FirstAired>2010-04-05</FirstAired>
  <GuestStars></GuestStars>
  <IMDB_ID></IMDB_ID>
  <Language>en</Language>
  <Overview>Finn and Princess Bubblegum must protect the Candy Kingdom from a horde of candy zombies they accidentally created. </Overview>
  <ProductionCode>692-009</ProductionCode>
  <Rating>7.6</Rating>
  <RatingCount>5</RatingCount>
  <SeasonNumber>1</SeasonNumber>
  <Writer>|Adam Muto|Elizabeth Ito|</Writer>
  <absolute_number></absolute_number>
  <filename>episodes/152831/2289921.jpg</filename>
  <lastupdated>1326643050</lastupdated>
  <seasonid>221091</seasonid>
  <seriesid>152831</seriesid>
</Episode>
<Episode>
  <id>2018711</id>
  <Combined_episodenumber>1.2</Combined_episodenumber>
  <Combined_season>1</Combined_season>
  <DVD_chapter></DVD_chapter>
  <DVD_discid></DVD_discid>
  <DVD_episodenumber>1.2</DVD_episodenumber>
  <DVD_season>1</DVD_season>
  <Director>|Larry Leichliter|Nick Jennings|</Director>
  <EpImgFlag>2</EpImgFlag>
  <EpisodeName>Trouble in Lumpy Space</EpisodeName>
  <EpisodeNumber>2</EpisodeNumber>
  <FirstAired>2010-04-05</FirstAired>
  <GuestStars></GuestStars>
  <IMDB_ID></IMDB_ID>
  <Language>en</Language>
  <Overview>Finn must travel to Lumpy Space to find a cure that will save Jake, who was accidentally bitten by Lumpy Space Princess at a tea party.</Overview>
  <ProductionCode>692-015</ProductionCode>
  <Rating>7.0</Rating>
  <RatingCount>5</RatingCount>
  <SeasonNumber>1</SeasonNumber>
  <Writer>|Adam Muto|Elizabeth Ito|</Writer>
  <absolute_number></absolute_number>
  <filename>episodes/152831/2018711.jpg</filename>
  <lastupdated>1326643057</lastupdated>
  <seasonid>221091</seasonid>
  <seriesid>152831</seriesid>
</Episode>
<Episode>
  <id>2043151</id>
  <Combined_episodenumber>2.1</Combined_episodenumber>
  <Combined_season>1</Combined_season>
  <DVD_chapter></DVD_chapter>
  <DVD_discid></DVD_discid>
  <DVD_episodenumber>2.1</DVD_episodenumber>
  <DVD_season>1</DVD_season>
  <Director>|Larry Leichliter|Nick Jennings|</Director>
  <EpImgFlag>2</EpImgFlag>
  <EpisodeName>Prisoners of Love</EpisodeName>
  <EpisodeNumber>3</EpisodeNumber>
  <FirstAired>2010-04-12</FirstAired>
  <GuestStars></GuestStars>
  <IMDB_ID></IMDB_ID>
  <Language>en</Language>
  <Overview>When the Ice King kidnaps a number of princesses he sees as potential brides, Finn and Jake team with the prisoners to set everybody free.</Overview>
  <ProductionCode>692-005</ProductionCode>
  <Rating>8.4</Rating>
  <RatingCount>5</RatingCount>
  <SeasonNumber>1</SeasonNumber>
  <Writer>|Pendleton Ward|Adam Muto|</Writer>
  <absolute_number></absolute_number>
  <filename>episodes/152831/2043151.jpg</filename>
  <lastupdated>1326643063</lastupdated>
  <seasonid>221091</seasonid>
  <seriesid>152831</seriesid>
</Episode>
<Episode>
  <id>2067311</id>
  <Combined_episodenumber>2.2</Combined_episodenumber>
  <Combined_season>1</Combined_season>
  <DVD_chapter></DVD_chapter>
  <DVD_discid></DVD_discid>
  <DVD_episodenumber>2.2</DVD_episodenumber>
  <DVD_season>1</DVD_season>
  <Director>|Larry Leichliter|Nick Jennings|</Director>
  <EpImgFlag>2</EpImgFlag>
  <EpisodeName>Tree Trunks</EpisodeName>
  <EpisodeNumber>4</EpisodeNumber>
  <FirstAired>2010-04-12</FirstAired>
  <GuestStars>|Polly Lou Livingston|</GuestStars>
  <IMDB_ID></IMDB_ID>
  <Language>en</Language>
  <Overview>Finn and Jake join Tree Trunks in search for the rare Crystal Gem Apple, but question whether Tree Trunks has what it takes to adventure. </Overview>
  <ProductionCode>692-016</ProductionCode>
  <Rating>8.3</Rating>
  <RatingCount>3</RatingCount>
  <SeasonNumber>1</SeasonNumber>
  <Writer>|Bert Youn|Sean Jimenez|</Writer>
  <absolute_number></absolute_number>
  <filename>episodes/152831/2067311.jpg</filename>
  <lastupdated>1326643070</lastupdated>
  <seasonid>221091</seasonid>
  <seriesid>152831</seriesid>
</Episode>
<Episode>
  <id>2180211</id>
  <Combined_episodenumber>3.1</Combined_episodenumber>
  <Combined_season>1</Combined_season>
  <DVD_chapter></DVD_chapter>
  <DVD_discid></DVD_discid>
  <DVD_episodenumber>3.1</DVD_episodenumber>
  <DVD_season>1</DVD_season>
  <Director>|Larry Leichliter|Nick Jennings|</Director>
  <EpImgFlag>2</EpImgFlag>
  <EpisodeName>The Enchiridion!</EpisodeName>
  <EpisodeNumber>5</EpisodeNumber>
  <FirstAired>2010-04-19</FirstAired>
  <GuestStars></GuestStars>
  <IMDB_ID></IMDB_ID>
  <Language>en</Language>
  <Overview>Finn and Jake go on a quest for a magical book that would prove them worthy of being righteous heroes. </Overview>
  <ProductionCode>692-001</ProductionCode>
  <Rating>8.4</Rating>
  <RatingCount>9</RatingCount>
  <SeasonNumber>1</SeasonNumber>
  <Writer>|Pendleton Ward|Adam Muto|Patrick McHale|</Writer>
  <absolute_number></absolute_number>
  <filename>episodes/152831/2180211.jpg</filename>
  <lastupdated>1326643080</lastupdated>
  <seasonid>221091</seasonid>
  <seriesid>152831</seriesid>
</Episode>
<Episode>
  <id>1963361</id>
  <Combined_episodenumber>3.2</Combined_episodenumber>
  <Combined_season>1</Combined_season>
  <DVD_chapter></DVD_chapter>
  <DVD_discid></DVD_discid>
  <DVD_episodenumber>3.2</DVD_episodenumber>
  <DVD_season>1</DVD_season>
  <Director>|Larry Leichliter|Nick Jennings|</Director>
  <EpImgFlag>2</EpImgFlag>
  <EpisodeName>The Jiggler</EpisodeName>
  <EpisodeNumber>6</EpisodeNumber>
  <FirstAired>2010-04-19</FirstAired>
  <GuestStars></GuestStars>
  <IMDB_ID></IMDB_ID>
  <Language>en</Language>
  <Overview>A jiggly creature attracted by Finn's auto-tuned singing follows Finn and Jake home but soon feels ill effects of separation from its family. </Overview>
  <ProductionCode>692-011</ProductionCode>
  <Rating>7.5</Rating>
  <RatingCount>2</RatingCount>
  <SeasonNumber>1</SeasonNumber>
  <Writer>|Luther McLaurin|Armen Mirzaian|</Writer>
  <absolute_number></absolute_number>
  <filename>episodes/152831/1963361.jpg</filename>
  <lastupdated>1326643085</lastupdated>
  <seasonid>221091</seasonid>
  <seriesid>152831</seriesid>
</Episode>
<Episode>
  <id>2043161</id>
  <Combined_episodenumber>4.1</Combined_episodenumber>
  <Combined_season>1</Combined_season>
  <DVD_chapter></DVD_chapter>
  <DVD_discid></DVD_discid>
  <DVD_episodenumber>4.1</DVD_episodenumber>
  <DVD_season>1</DVD_season>
  <Director>|Larry Leichliter|Nick Jennings|</Director>
  <EpImgFlag>2</EpImgFlag>
  <EpisodeName>Ricardio the Heart Guy</EpisodeName>
  <EpisodeNumber>7</EpisodeNumber>
  <FirstAired>2010-04-26</FirstAired>
  <GuestStars>|George Takei|</GuestStars>
  <IMDB_ID></IMDB_ID>
  <Language>en</Language>
  <Overview>When a Heart Guy named Ricardio comes to Candy Kingdom, Finn gets really jealous and finds a way to get him out of the Land of Ooo.</Overview>
  <ProductionCode>692-007</ProductionCode>
  <Rating>7.8</Rating>
  <RatingCount>5</RatingCount>
  <SeasonNumber>1</SeasonNumber>
  <Writer>|Bert Youn|Sean Jimenez|</Writer>
  <absolute_number></absolute_number>
  <filename>episodes/152831/2043161.jpg</filename>
  <lastupdated>1326643095</lastupdated>
  <seasonid>221091</seasonid>
  <seriesid>152831</seriesid>
</Episode>
<Episode>
  <id>1963351</id>
  <Combined_episodenumber>4.2</Combined_episodenumber>
  <Combined_season>1</Combined_season>
  <DVD_chapter></DVD_chapter>
  <DVD_discid></DVD_discid>
  <DVD_episodenumber>4.2</DVD_episodenumber>
  <DVD_season>1</DVD_season>
  <Director>|Larry Leichliter|Nick Jennings|</Director>
  <EpImgFlag>2</EpImgFlag>
  <EpisodeName>Business Time</EpisodeName>
  <EpisodeNumber>8</EpisodeNumber>
  <FirstAired>2010-04-26</FirstAired>
  <GuestStars>|Brian Posehn|</GuestStars>
  <IMDB_ID></IMDB_ID>
  <Language>en</Language>
  <Overview>When Finn and Jake discover a group of businessmen frozen in an iceberg, the duo thaws them and hires them to help with their adventures.</Overview>
  <ProductionCode>692-014</ProductionCode>
  <Rating>7.8</Rating>
  <RatingCount>5</RatingCount>
  <SeasonNumber>1</SeasonNumber>
  <Writer>|Luther McLaurin|Armen Mirzaian|</Writer>
  <absolute_number></absolute_number>
  <filename>episodes/152831/1963351.jpg</filename>
  <lastupdated>1326643103</lastupdated>
  <seasonid>221091</seasonid>
  <seriesid>152831</seriesid>
</Episode>
<Episode>
  <id>1963391</id>
  <Combined_episodenumber>5.1</Combined_episodenumber>
  <Combined_season>1</Combined_season>
  <DVD_chapter></DVD_chapter>
  <DVD_discid></DVD_discid>
  <DVD_episodenumber>5.1</DVD_episodenumber>
  <DVD_season>1</DVD_season>
  <Director>|Larry Leichliter|Nick Jennings|</Director>
  <EpImgFlag>2</EpImgFlag>
  <EpisodeName>My Two Favorite People</EpisodeName>
  <EpisodeNumber>9</EpisodeNumber>
  <FirstAired>2010-05-03</FirstAired>
  <GuestStars></GuestStars>
  <IMDB_ID></IMDB_ID>
  <Language>en</Language>
  <Overview>Jake's plan to spend time with both Lady Rainicorn and Finn backfires.</Overview>
  <ProductionCode>692-004</ProductionCode>
  <Rating>7.8</Rating>
  <RatingCount>4</RatingCount>
  <SeasonNumber>1</SeasonNumber>
  <Writer>|Pendleton Ward|Kent Osborne|</Writer>
  <absolute_number></absolute_number>
  <filename>episodes/152831/1963391.jpg</filename>
  <lastupdated>1326643110</lastupdated>
  <seasonid>221091</seasonid>
  <seriesid>152831</seriesid>
</Episode>
<Episode>
  <id>2018721</id>
  <Combined_episodenumber>5.2</Combined_episodenumber>
  <Combined_season>1</Combined_season>
  <DVD_chapter></DVD_chapter>
  <DVD_discid></DVD_discid>
  <DVD_episodenumber>5.2</DVD_episodenumber>
  <DVD_season>1</DVD_season>
  <Director>|Larry Leichliter|Nick Jennings|</Director>
  <EpImgFlag>2</EpImgFlag>
  <EpisodeName>Memories of Boom Boom Mountain</EpisodeName>
  <EpisodeNumber>10</EpisodeNumber>
  <FirstAired>2010-05-03</FirstAired>
  <GuestStars></GuestStars>
  <IMDB_ID></IMDB_ID>
  <Language>en</Language>
  <Overview>Finn reflects on an upsetting experience in his past and pledges to help everyone in town, but this proves more difficult than imagined.</Overview>
  <ProductionCode>692-010</ProductionCode>
  <Rating>7.7</Rating>
  <RatingCount>6</RatingCount>
  <SeasonNumber>1</SeasonNumber>
  <Writer>|Bert Youn|Sean Jimenez|</Writer>
  <absolute_number></absolute_number>
  <filename>episodes/152831/2018721.jpg</filename>
  <lastupdated>1326643117</lastupdated>
  <seasonid>221091</seasonid>
  <seriesid>152831</seriesid>
</Episode>
<Episode>
  <id>2180221</id>
  <Combined_episodenumber>6.1</Combined_episodenumber>
  <Combined_season>1</Combined_season>
  <DVD_chapter></DVD_chapter>
  <DVD_discid></DVD_discid>
  <DVD_episodenumber>6.1</DVD_episodenumber>
  <DVD_season>1</DVD_season>
  <Director>|Larry Leichliter|Nick Jennings|</Director>
  <EpImgFlag>2</EpImgFlag>
  <EpisodeName>Wizard </EpisodeName>
  <EpisodeNumber>11</EpisodeNumber>
  <FirstAired>2010-05-10</FirstAired>
  <GuestStars></GuestStars>
  <IMDB_ID></IMDB_ID>
  <Language>en</Language>
  <Overview>Finn and Jake temporarily get magic powers from an evil wizard, but are tricked into helping stop a comet.</Overview>
  <ProductionCode>692-020</ProductionCode>
  <Rating>8.3</Rating>
  <RatingCount>7</RatingCount>
  <SeasonNumber>1</SeasonNumber>
  <Writer>|Bert Youn|Pete Browngart|Adam Muto|</Writer>
  <absolute_number></absolute_number>
  <filename>episodes/152831/2180221.jpg</filename>
  <lastupdated>1326643278</lastupdated>
  <seasonid>221091</seasonid>
  <seriesid>152831</seriesid>
</Episode>
<Episode>
  <id>2208141</id>
  <Combined_episodenumber>6.2</Combined_episodenumber>
  <Combined_season>1</Combined_season>
  <DVD_chapter></DVD_chapter>
  <DVD_discid></DVD_discid>
  <DVD_episodenumber>6.2</DVD_episodenumber>
  <DVD_season>1</DVD_season>
  <Director>|Larry Leichliter|Nick Jennings|</Director>
  <EpImgFlag>2</EpImgFlag>
  <EpisodeName>Evicted!</EpisodeName>
  <EpisodeNumber>12</EpisodeNumber>
  <FirstAired>2010-05-17</FirstAired>
  <GuestStars></GuestStars>
  <IMDB_ID></IMDB_ID>
  <Language>en</Language>
  <Overview>Finn and Jake search the land of Ooo for a new home after Marceline claims the duo's treehouse as her own.</Overview>
  <ProductionCode>692-003</ProductionCode>
  <Rating>7.5</Rating>
  <RatingCount>4</RatingCount>
  <SeasonNumber>1</SeasonNumber>
  <Writer>|Bert Youn|Sean Jimenez|</Writer>
  <absolute_number></absolute_number>
  <filename>episodes/152831/2208141.jpg</filename>
  <lastupdated>1326643286</lastupdated>
  <seasonid>221091</seasonid>
  <seriesid>152831</seriesid>
</Episode>
<Episode>
  <id>2268861</id>
  <Combined_episodenumber>7.1</Combined_episodenumber>
  <Combined_season>1</Combined_season>
  <DVD_chapter></DVD_chapter>
  <DVD_discid></DVD_discid>
  <DVD_episodenumber>7.1</DVD_episodenumber>
  <DVD_season>1</DVD_season>
  <Director>|Larry Leichliter|Nick Jennings|</Director>
  <EpImgFlag>2</EpImgFlag>
  <EpisodeName>City of Thieves</EpisodeName>
  <EpisodeNumber>13</EpisodeNumber>
  <FirstAired>2010-05-24</FirstAired>
  <GuestStars></GuestStars>
  <IMDB_ID></IMDB_ID>
  <Language>en</Language>
  <Overview>Finn and Jake go off to face a thief king who has been stealing from little girls. </Overview>
  <ProductionCode>692-012</ProductionCode>
  <Rating>7.8</Rating>
  <RatingCount>6</RatingCount>
  <SeasonNumber>1</SeasonNumber>
  <Writer>|Bert Youn|Sean Jimenez|</Writer>
  <absolute_number></absolute_number>
  <filename>episodes/152831/2268861.jpg</filename>
  <lastupdated>1326643292</lastupdated>
  <seasonid>221091</seasonid>
  <seriesid>152831</seriesid>
</Episode>
<Episode>
  <id>2276341</id>
  <Combined_episodenumber>7.2</Combined_episodenumber>
  <Combined_season>1</Combined_season>
  <DVD_chapter></DVD_chapter>
  <DVD_discid></DVD_discid>
  <DVD_episodenumber>7.2</DVD_episodenumber>
  <DVD_season>1</DVD_season>
  <Director></Director>
  <EpImgFlag>2</EpImgFlag>
  <EpisodeName>The Witch's Garden</EpisodeName>
  <EpisodeNumber>14</EpisodeNumber>
  <FirstAired>2010-06-07</FirstAired>
  <GuestStars></GuestStars>
  <IMDB_ID></IMDB_ID>
  <Language>en</Language>
  <Overview>Finn and Jake consider breaking up after a witch strips Jake of his powers. </Overview>
  <ProductionCode>692-022</ProductionCode>
  <Rating>7.0</Rating>
  <RatingCount>4</RatingCount>
  <SeasonNumber>1</SeasonNumber>
  <Writer></Writer>
  <absolute_number></absolute_number>
  <filename>episodes/152831/2276341.jpg</filename>
  <lastupdated>1326643298</lastupdated>
  <seasonid>221091</seasonid>
  <seriesid>152831</seriesid>
</Episode>
<Episode>
  <id>2343661</id>
  <Combined_episodenumber>8.1</Combined_episodenumber>
  <Combined_season>1</Combined_season>
  <DVD_chapter></DVD_chapter>
  <DVD_discid></DVD_discid>
  <DVD_episodenumber>8.1</DVD_episodenumber>
  <DVD_season>1</DVD_season>
  <Director></Director>
  <EpImgFlag>2</EpImgFlag>
  <EpisodeName>What is Life?</EpisodeName>
  <EpisodeNumber>15</EpisodeNumber>
  <FirstAired>2010-06-14</FirstAired>
  <GuestStars></GuestStars>
  <IMDB_ID></IMDB_ID>
  <Language>en</Language>
  <Overview>Finn brings a pie-throwing robot to life, but the machine begins to long for a more fulfilling existence. </Overview>
  <ProductionCode>692-017</ProductionCode>
  <Rating>8.0</Rating>
  <RatingCount>6</RatingCount>
  <SeasonNumber>1</SeasonNumber>
  <Writer></Writer>
  <absolute_number></absolute_number>
  <filename>episodes/152831/2343661.jpg</filename>
  <lastupdated>1326643305</lastupdated>
  <seasonid>221091</seasonid>
  <seriesid>152831</seriesid>
</Episode>
<Episode>
  <id>2343671</id>
  <Combined_episodenumber>8.2</Combined_episodenumber>
  <Combined_season>1</Combined_season>
  <DVD_chapter></DVD_chapter>
  <DVD_discid></DVD_discid>
  <DVD_episodenumber>8.2</DVD_episodenumber>
  <DVD_season>1</DVD_season>
  <Director></Director>
  <EpImgFlag>2</EpImgFlag>
  <EpisodeName>Ocean of Fear</EpisodeName>
  <EpisodeNumber>16</EpisodeNumber>
  <FirstAired>2010-06-21</FirstAired>
  <GuestStars></GuestStars>
  <IMDB_ID></IMDB_ID>
  <Language>en</Language>
  <Overview>Finn struggles to overcome his fear of the ocean. </Overview>
  <ProductionCode>692-025</ProductionCode>
  <Rating>7.3</Rating>
  <RatingCount>3</RatingCount>
  <SeasonNumber>1</SeasonNumber>
  <Writer></Writer>
  <absolute_number></absolute_number>
  <filename>episodes/152831/2343671.jpg</filename>
  <lastupdated>1326643311</lastupdated>
  <seasonid>221091</seasonid>
  <seriesid>152831</seriesid>
</Episode>
<Episode>
  <id>2343681</id>
  <Combined_episodenumber>9.1</Combined_episodenumber>
  <Combined_season>1</Combined_season>
  <DVD_chapter></DVD_chapter>
  <DVD_discid></DVD_discid>
  <DVD_episodenumber>9.1</DVD_episodenumber>
  <DVD_season>1</DVD_season>
  <Director></Director>
  <EpImgFlag>2</EpImgFlag>
  <EpisodeName>When Wedding Bells Thaw</EpisodeName>
  <EpisodeNumber>17</EpisodeNumber>
  <FirstAired>2010-06-28</FirstAired>
  <GuestStars></GuestStars>
  <IMDB_ID></IMDB_ID>
  <Language>en</Language>
  <Overview>The Ice King gets married but not before he convinces Finn and Jake to throw him a manlorette party.</Overview>
  <ProductionCode>692-013</ProductionCode>
  <Rating>8.0</Rating>
  <RatingCount>5</RatingCount>
  <SeasonNumber>1</SeasonNumber>
  <Writer></Writer>
  <absolute_number></absolute_number>
  <filename>episodes/152831/2343681.jpg</filename>
  <lastupdated>1326643321</lastupdated>
  <seasonid>221091</seasonid>
  <seriesid>152831</seriesid>
</Episode>
<Episode>
  <id>2469251</id>
  <Combined_episodenumber>9.2</Combined_episodenumber>
  <Combined_season>1</Combined_season>
  <DVD_chapter></DVD_chapter>
  <DVD_discid></DVD_discid>
  <DVD_episodenumber>9.2</DVD_episodenumber>
  <DVD_season>1</DVD_season>
  <Director></Director>
  <EpImgFlag>2</EpImgFlag>
  <EpisodeName>Dungeon</EpisodeName>
  <EpisodeNumber>18</EpisodeNumber>
  <FirstAired>2010-07-12</FirstAired>
  <GuestStars></GuestStars>
  <IMDB_ID></IMDB_ID>
  <Language>en</Language>
  <Overview>Finn's headstrong decision to explore a dungeon in defiance of Jake's warnings leads to a dangerous escapade. </Overview>
  <ProductionCode>692-023</ProductionCode>
  <Rating>7.0</Rating>
  <RatingCount>2</RatingCount>
  <SeasonNumber>1</SeasonNumber>
  <Writer></Writer>
  <absolute_number></absolute_number>
  <filename>episodes/152831/2469251.jpg</filename>
  <lastupdated>1326643328</lastupdated>
  <seasonid>221091</seasonid>
  <seriesid>152831</seriesid>
</Episode>
<Episode>
  <id>2469261</id>
  <Combined_episodenumber>10.1</Combined_episodenumber>
  <Combined_season>1</Combined_season>
  <DVD_chapter></DVD_chapter>
  <DVD_discid></DVD_discid>
  <DVD_episodenumber>10.1</DVD_episodenumber>
  <DVD_season>1</DVD_season>
  <Director></Director>
  <EpImgFlag>2</EpImgFlag>
  <EpisodeName>The Duke</EpisodeName>
  <EpisodeNumber>19</EpisodeNumber>
  <FirstAired>2010-07-19</FirstAired>
  <GuestStars></GuestStars>
  <IMDB_ID></IMDB_ID>
  <Language>en</Language>
  <Overview>Finn must tell the truth when he accidentally turns Princess Bubblegum bald and green and blames the Duke of Nuts. </Overview>
  <ProductionCode>692-019</ProductionCode>
  <Rating>7.2</Rating>
  <RatingCount>5</RatingCount>
  <SeasonNumber>1</SeasonNumber>
  <Writer></Writer>
  <absolute_number></absolute_number>
  <filename>episodes/152831/2469261.jpg</filename>
  <lastupdated>1326643333</lastupdated>
  <seasonid>221091</seasonid>
  <seriesid>152831</seriesid>
</Episode>
<Episode>
  <id>2469271</id>
  <Combined_episodenumber>10.2</Combined_episodenumber>
  <Combined_season>1</Combined_season>
  <DVD_chapter></DVD_chapter>
  <DVD_discid></DVD_discid>
  <DVD_episodenumber>10.2</DVD_episodenumber>
  <DVD_season>1</DVD_season>
  <Director></Director>
  <EpImgFlag>2</EpImgFlag>
  <EpisodeName>Freak City</EpisodeName>
  <EpisodeNumber>20</EpisodeNumber>
  <FirstAired>2010-07-26</FirstAired>
  <GuestStars></GuestStars>
  <IMDB_ID></IMDB_ID>
  <Language>en</Language>
  <Overview>After being transformed into a foot, Finn joins forces with a band of misfits to make things right. </Overview>
  <ProductionCode>692-008</ProductionCode>
  <Rating>7.3</Rating>
  <RatingCount>3</RatingCount>
  <SeasonNumber>1</SeasonNumber>
  <Writer></Writer>
  <absolute_number></absolute_number>
  <filename>episodes/152831/2469271.jpg</filename>
  <lastupdated>1326643338</lastupdated>
  <seasonid>221091</seasonid>
  <seriesid>152831</seriesid>
</Episode>
<Episode>
  <id>2612251</id>
  <Combined_episodenumber>11.1</Combined_episodenumber>
  <Combined_season>1</Combined_season>
  <DVD_chapter></DVD_chapter>
  <DVD_discid></DVD_discid>
  <DVD_episodenumber>11.1</DVD_episodenumber>
  <DVD_season>1</DVD_season>
  <Director></Director>
  <EpImgFlag>2</EpImgFlag>
  <EpisodeName>Donny</EpisodeName>
  <EpisodeNumber>21</EpisodeNumber>
  <FirstAired>2010-08-09</FirstAired>
  <GuestStars></GuestStars>
  <IMDB_ID></IMDB_ID>
  <Language>en</Language>
  <Overview>Finn and Jake try to help an obnoxious grass ogre named Donny develop better social skills, only to find out Donny's jerky behavior protects the house people from the why-wolves, which eat the house people.</Overview>
  <ProductionCode></ProductionCode>
  <Rating>7.0</Rating>
  <RatingCount>2</RatingCount>
  <SeasonNumber>1</SeasonNumber>
  <Writer></Writer>
  <absolute_number>21</absolute_number>
  <filename>episodes/152831/2612251.jpg</filename>
  <lastupdated>1326643344</lastupdated>
  <seasonid>221091</seasonid>
  <seriesid>152831</seriesid>
</Episode>
<Episode>
  <id>2682681</id>
  <Combined_episodenumber>11.2</Combined_episodenumber>
  <Combined_season>1</Combined_season>
  <DVD_chapter></DVD_chapter>
  <DVD_discid></DVD_discid>
  <DVD_episodenumber>11.2</DVD_episodenumber>
  <DVD_season>1</DVD_season>
  <Director></Director>
  <EpImgFlag>2</EpImgFlag>
  <EpisodeName>Henchman</EpisodeName>
  <EpisodeNumber>22</EpisodeNumber>
  <FirstAired>2010-08-23</FirstAired>
  <GuestStars></GuestStars>
  <IMDB_ID></IMDB_ID>
  <Language>en</Language>
  <Overview>After seeing Marceline the vampire queen torment an elderly henchman, Finn steps in to be her new henchman, doing whatever he is told to do.</Overview>
  <ProductionCode></ProductionCode>
  <Rating>8.5</Rating>
  <RatingCount>4</RatingCount>
  <SeasonNumber>1</SeasonNumber>
  <Writer></Writer>
  <absolute_number></absolute_number>
  <filename>episodes/152831/2682681.jpg</filename>
  <lastupdated>1326643352</lastupdated>
  <seasonid>221091</seasonid>
  <seriesid>152831</seriesid>
</Episode>
<Episode>
  <id>2732741</id>
  <Combined_episodenumber>12.1</Combined_episodenumber>
  <Combined_season>1</Combined_season>
  <DVD_chapter></DVD_chapter>
  <DVD_discid></DVD_discid>
  <DVD_episodenumber>12.1</DVD_episodenumber>
  <DVD_season>1</DVD_season>
  <Director></Director>
  <EpImgFlag>2</EpImgFlag>
  <EpisodeName>Rainy Day Daydream</EpisodeName>
  <EpisodeNumber>23</EpisodeNumber>
  <FirstAired>2010-09-06</FirstAired>
  <GuestStars></GuestStars>
  <IMDB_ID></IMDB_ID>
  <Language>en</Language>
  <Overview>Stuck inside the treehouse due to a knife storm, Finn and Jake use their imagination to pass the time. </Overview>
  <ProductionCode>692-002</ProductionCode>
  <Rating>8.2</Rating>
  <RatingCount>5</RatingCount>
  <SeasonNumber>1</SeasonNumber>
  <Writer></Writer>
  <absolute_number></absolute_number>
  <filename>episodes/152831/2732741.jpg</filename>
  <lastupdated>1326643358</lastupdated>
  <seasonid>221091</seasonid>
  <seriesid>152831</seriesid>
</Episode>
<Episode>
  <id>2803631</id>
  <Combined_episodenumber>12.2</Combined_episodenumber>
  <Combined_season>1</Combined_season>
  <DVD_chapter></DVD_chapter>
  <DVD_discid></DVD_discid>
  <DVD_episodenumber>12.2</DVD_episodenumber>
  <DVD_season>1</DVD_season>
  <Director></Director>
  <EpImgFlag>2</EpImgFlag>
  <EpisodeName>What Have You Done?</EpisodeName>
  <EpisodeNumber>24</EpisodeNumber>
  <FirstAired>2010-09-13</FirstAired>
  <GuestStars></GuestStars>
  <IMDB_ID></IMDB_ID>
  <Language>en</Language>
  <Overview>Finn and Jake capture the Ice King as their prisoner, but feel guilty when unable to explain the wrongs he committed. </Overview>
  <ProductionCode>692-006</ProductionCode>
  <Rating>8.0</Rating>
  <RatingCount>4</RatingCount>
  <SeasonNumber>1</SeasonNumber>
  <Writer></Writer>
  <absolute_number></absolute_number>
  <filename>episodes/152831/2803631.jpg</filename>
  <lastupdated>1326643365</lastupdated>
  <seasonid>221091</seasonid>
  <seriesid>152831</seriesid>
</Episode>
<Episode>
  <id>2803641</id>
  <Combined_episodenumber>13.1</Combined_episodenumber>
  <Combined_season>1</Combined_season>
  <DVD_chapter></DVD_chapter>
  <DVD_discid></DVD_discid>
  <DVD_episodenumber>13.1</DVD_episodenumber>
  <DVD_season>1</DVD_season>
  <Director></Director>
  <EpImgFlag>2</EpImgFlag>
  <EpisodeName>His Hero</EpisodeName>
  <EpisodeNumber>25</EpisodeNumber>
  <FirstAired>2010-09-20</FirstAired>
  <GuestStars></GuestStars>
  <IMDB_ID></IMDB_ID>
  <Language>en</Language>
  <Overview>The great warrior Billy inspires Finn and Jake to practice nonviolence, but the duo finds it difficult to resist old ways. </Overview>
  <ProductionCode>692-026</ProductionCode>
  <Rating>7.5</Rating>
  <RatingCount>6</RatingCount>
  <SeasonNumber>1</SeasonNumber>
  <Writer></Writer>
  <absolute_number></absolute_number>
  <filename>episodes/152831/2803641.jpg</filename>
  <lastupdated>1326643369</lastupdated>
  <seasonid>221091</seasonid>
  <seriesid>152831</seriesid>
</Episode>
<Episode>
  <id>2803651</id>
  <Combined_episodenumber>13.2</Combined_episodenumber>
  <Combined_season>1</Combined_season>
  <DVD_chapter></DVD_chapter>
  <DVD_discid></DVD_discid>
  <DVD_episodenumber>13.2</DVD_episodenumber>
  <DVD_season>1</DVD_season>
  <Director></Director>
  <EpImgFlag>2</EpImgFlag>
  <EpisodeName>Gut Grinder</EpisodeName>
  <EpisodeNumber>26</EpisodeNumber>
  <FirstAired>2010-09-27</FirstAired>
  <GuestStars></GuestStars>
  <IMDB_ID></IMDB_ID>
  <Language>en</Language>
  <Overview>When the Fluffy People's gold has been devoured by a culprit only known as &quot;The Gut Grinder&quot;, Finn and Jake team up to find him with his tracks. </Overview>
  <ProductionCode>692-024</ProductionCode>
  <Rating>7.4</Rating>
  <RatingCount>5</RatingCount>
  <SeasonNumber>1</SeasonNumber>
  <Writer></Writer>
  <absolute_number></absolute_number>
  <filename>episodes/152831/2803651.jpg</filename>
  <lastupdated>1326643374</lastupdated>
  <seasonid>221091</seasonid>
  <seriesid>152831</seriesid>
</Episode>
<Episode>
  <id>2923061</id>
  <Combined_episodenumber>1.1</Combined_episodenumber>
  <Combined_season>2</Combined_season>
  <DVD_chapter></DVD_chapter>
  <DVD_discid></DVD_discid>
  <DVD_episodenumber>1.1</DVD_episodenumber>
  <DVD_season>2</DVD_season>
  <Director>Larry Leichliter</Director>
  <EpImgFlag>2</EpImgFlag>
  <EpisodeName>It Came from the Nightosphere</EpisodeName>
  <EpisodeNumber>1</EpisodeNumber>
  <FirstAired>2010-10-11</FirstAired>
  <GuestStars>Martin Olson</GuestStars>
  <IMDB_ID></IMDB_ID>
  <Language>en</Language>
  <Overview>Marceline's evil father goes on a soul-sucking rampage after Finn and Marceline accidentally release him from the Nightosphere.</Overview>
  <ProductionCode>1002-029</ProductionCode>
  <Rating>9.0</Rating>
  <RatingCount>4</RatingCount>
  <SeasonNumber>2</SeasonNumber>
  <Writer>Adam Muto | Rebecca Sugar</Writer>
  <absolute_number></absolute_number>
  <filename>episodes/152831/2923061.jpg</filename>
  <lastupdated>1326640520</lastupdated>
  <seasonid>329151</seasonid>
  <seriesid>152831</seriesid>
</Episode>
<Episode>
  <id>2961671</id>
  <Combined_episodenumber>1.2</Combined_episodenumber>
  <Combined_season>2</Combined_season>
  <DVD_chapter></DVD_chapter>
  <DVD_discid></DVD_discid>
  <DVD_episodenumber>1.2</DVD_episodenumber>
  <DVD_season>2</DVD_season>
  <Director>Larry Leichliter</Director>
  <EpImgFlag>2</EpImgFlag>
  <EpisodeName>The Eyes</EpisodeName>
  <EpisodeNumber>2</EpisodeNumber>
  <FirstAired>2010-10-18</FirstAired>
  <GuestStars></GuestStars>
  <IMDB_ID></IMDB_ID>
  <Language>en</Language>
  <Overview>Finn and Jake try to rid themselves of a weird horse that creeps them out.</Overview>
  <ProductionCode>1002-031</ProductionCode>
  <Rating>7.6</Rating>
  <RatingCount>5</RatingCount>
  <SeasonNumber>2</SeasonNumber>
  <Writer>Kent Osborne, Somvilay Xayaphone</Writer>
  <absolute_number></absolute_number>
  <filename>episodes/152831/2961671.jpg</filename>
  <lastupdated>1326640529</lastupdated>
  <seasonid>329151</seasonid>
  <seriesid>152831</seriesid>
</Episode>
<Episode>
  <id>3047601</id>
  <Combined_episodenumber>2.1</Combined_episodenumber>
  <Combined_season>2</Combined_season>
  <DVD_chapter></DVD_chapter>
  <DVD_discid></DVD_discid>
  <DVD_episodenumber>2.1</DVD_episodenumber>
  <DVD_season>2</DVD_season>
  <Director>Larry Leichliter</Director>
  <EpImgFlag>2</EpImgFlag>
  <EpisodeName>Loyalty to the King </EpisodeName>
  <EpisodeNumber>3</EpisodeNumber>
  <FirstAired>2010-10-25</FirstAired>
  <GuestStars></GuestStars>
  <IMDB_ID></IMDB_ID>
  <Language>en</Language>
  <Overview>Finn and Jake are excited to meet the Nice King who has come to Ooo. They soon realize that he looks suspiciously like someone else they know; the Ice King.</Overview>
  <ProductionCode>1002-027</ProductionCode>
  <Rating>7.6</Rating>
  <RatingCount>5</RatingCount>
  <SeasonNumber>2</SeasonNumber>
  <Writer>Kent Osborne, Somvilay Xayaphone</Writer>
  <absolute_number></absolute_number>
  <filename>episodes/152831/3047601.jpg</filename>
  <lastupdated>1326640564</lastupdated>
  <seasonid>329151</seasonid>
  <seriesid>152831</seriesid>
</Episode>
<Episode>
  <id>3082871</id>
  <Combined_episodenumber>2.2</Combined_episodenumber>
  <Combined_season>2</Combined_season>
  <DVD_chapter></DVD_chapter>
  <DVD_discid></DVD_discid>
  <DVD_episodenumber>2.2</DVD_episodenumber>
  <DVD_season>2</DVD_season>
  <Director>Larry Leichliter</Director>
  <EpImgFlag>2</EpImgFlag>
  <EpisodeName>Blood Under the Skin</EpisodeName>
  <EpisodeNumber>4</EpisodeNumber>
  <FirstAired>2010-11-01</FirstAired>
  <GuestStars></GuestStars>
  <IMDB_ID></IMDB_ID>
  <Language>en</Language>
  <Overview>When Finn gets a splinter on his finger, he wants to get the best armor. In order to receive it, he must go on a quest to get the Magical Armor of Zelderon and survive one embarrassing situation after another.</Overview>
  <ProductionCode>1002-028</ProductionCode>
  <Rating>8.3</Rating>
  <RatingCount>4</RatingCount>
  <SeasonNumber>2</SeasonNumber>
  <Writer>Cole Sanchez, Benton Conner</Writer>
  <absolute_number></absolute_number>
  <filename>episodes/152831/3082871.jpg</filename>
  <lastupdated>1326640571</lastupdated>
  <seasonid>329151</seasonid>
  <seriesid>152831</seriesid>
</Episode>
<Episode>
  <id>3113411</id>
  <Combined_episodenumber>3.1</Combined_episodenumber>
  <Combined_season>2</Combined_season>
  <DVD_chapter></DVD_chapter>
  <DVD_discid></DVD_discid>
  <DVD_episodenumber>3.1</DVD_episodenumber>
  <DVD_season>2</DVD_season>
  <Director></Director>
  <EpImgFlag>2</EpImgFlag>
  <EpisodeName>Storytelling</EpisodeName>
  <EpisodeNumber>5</EpisodeNumber>
  <FirstAired>2010-11-08</FirstAired>
  <GuestStars></GuestStars>
  <IMDB_ID></IMDB_ID>
  <Language>en</Language>
  <Overview>Jake is sick and demands to hear a good story full of romance, fighting and suspense.</Overview>
  <ProductionCode>1002-030</ProductionCode>
  <Rating>8.3</Rating>
  <RatingCount>4</RatingCount>
  <SeasonNumber>2</SeasonNumber>
  <Writer></Writer>
  <absolute_number></absolute_number>
  <filename>episodes/152831/3113411.jpg</filename>
  <lastupdated>1326640587</lastupdated>
  <seasonid>329151</seasonid>
  <seriesid>152831</seriesid>
</Episode>
<Episode>
  <id>3188141</id>
  <Combined_episodenumber>3.2</Combined_episodenumber>
  <Combined_season>2</Combined_season>
  <DVD_chapter></DVD_chapter>
  <DVD_discid></DVD_discid>
  <DVD_episodenumber>3.2</DVD_episodenumber>
  <DVD_season>2</DVD_season>
  <Director>Larry Leichliter</Director>
  <EpImgFlag>2</EpImgFlag>
  <EpisodeName>Slow Love</EpisodeName>
  <EpisodeNumber>6</EpisodeNumber>
  <FirstAired>2010-11-15</FirstAired>
  <GuestStars>Biz Markie</GuestStars>
  <IMDB_ID></IMDB_ID>
  <Language>en</Language>
  <Overview>Finn and Jake agree to help a snail named Snorlock find a girlfriend.</Overview>
  <ProductionCode>1002-032</ProductionCode>
  <Rating>8.0</Rating>
  <RatingCount>4</RatingCount>
  <SeasonNumber>2</SeasonNumber>
  <Writer>|Cole Sanchez|Benton Conner|</Writer>
  <absolute_number></absolute_number>
  <filename>episodes/152831/3188141.jpg</filename>
  <lastupdated>1326640593</lastupdated>
  <seasonid>329151</seasonid>
  <seriesid>152831</seriesid>
</Episode>
<Episode>
  <id>3188151</id>
  <Combined_episodenumber>4.1</Combined_episodenumber>
  <Combined_season>2</Combined_season>
  <DVD_chapter></DVD_chapter>
  <DVD_discid></DVD_discid>
  <DVD_episodenumber>4.1</DVD_episodenumber>
  <DVD_season>2</DVD_season>
  <Director>Larry Leichliter</Director>
  <EpImgFlag>2</EpImgFlag>
  <EpisodeName>Power Animal</EpisodeName>
  <EpisodeNumber>7</EpisodeNumber>
  <FirstAired>2010-11-22</FirstAired>
  <GuestStars>Paul Reubens</GuestStars>
  <IMDB_ID></IMDB_ID>
  <Language>en</Language>
  <Overview>Finn is captured by the gnomes and it's up to Jake to stay focused and rescue him.</Overview>
  <ProductionCode>1002-033</ProductionCode>
  <Rating>8.0</Rating>
  <RatingCount>6</RatingCount>
  <SeasonNumber>2</SeasonNumber>
  <Writer>Adam Muto</Writer>
  <absolute_number></absolute_number>
  <filename>episodes/152831/3188151.jpg</filename>
  <lastupdated>1326640643</lastupdated>
  <seasonid>329151</seasonid>
  <seriesid>152831</seriesid>
</Episode>
<Episode>
  <id>3221261</id>
  <Combined_episodenumber>4.2</Combined_episodenumber>
  <Combined_season>2</Combined_season>
  <DVD_chapter></DVD_chapter>
  <DVD_discid></DVD_discid>
  <DVD_episodenumber>4.2</DVD_episodenumber>
  <DVD_season>2</DVD_season>
  <Director>Larry Leichliter</Director>
  <EpImgFlag>6</EpImgFlag>
  <EpisodeName>Crystals Have Power</EpisodeName>
  <EpisodeNumber>8</EpisodeNumber>
  <FirstAired>2010-11-29</FirstAired>
  <GuestStars>|Polly Lou Livingston|</GuestStars>
  <IMDB_ID></IMDB_ID>
  <Language>en</Language>
  <Overview>Jake takes a pledge of nonviolence just before Finn is kidnapped by outlaws from the crystalline dimension.
</Overview>
  <ProductionCode>1002-036</ProductionCode>
  <Rating>8.2</Rating>
  <RatingCount>5</RatingCount>
  <SeasonNumber>2</SeasonNumber>
  <Writer>|Cole Sanchez|Jesse Moynihan|</Writer>
  <absolute_number></absolute_number>
  <filename>episodes/152831/3221261.jpg</filename>
  <lastupdated>1326640650</lastupdated>
  <seasonid>329151</seasonid>
  <seriesid>152831</seriesid>
</Episode>
<Episode>
  <id>3436681</id>
  <Combined_episodenumber>5.1</Combined_episodenumber>
  <Combined_season>2</Combined_season>
  <DVD_chapter></DVD_chapter>
  <DVD_discid></DVD_discid>
  <DVD_episodenumber>5.1</DVD_episodenumber>
  <DVD_season>2</DVD_season>
  <Director></Director>
  <EpImgFlag>7</EpImgFlag>
  <EpisodeName>The Other Tarts</EpisodeName>
  <EpisodeNumber>9</EpisodeNumber>
  <FirstAired>2011-01-03</FirstAired>
  <GuestStars></GuestStars>
  <IMDB_ID></IMDB_ID>
  <Language>en</Language>
  <Overview>Finn choses to cross the Desert of Doom to deliver the royal tarts to the annual back rubbing ceremony.</Overview>
  <ProductionCode></ProductionCode>
  <Rating>8.0</Rating>
  <RatingCount>6</RatingCount>
  <SeasonNumber>2</SeasonNumber>
  <Writer></Writer>
  <absolute_number></absolute_number>
  <filename>episodes/152831/3436681.jpg</filename>
  <lastupdated>1326640661</lastupdated>
  <seasonid>329151</seasonid>
  <seriesid>152831</seriesid>
</Episode>
<Episode>
  <id>3459511</id>
  <Combined_episodenumber>5.2</Combined_episodenumber>
  <Combined_season>2</Combined_season>
  <DVD_chapter></DVD_chapter>
  <DVD_discid></DVD_discid>
  <DVD_episodenumber>5.2</DVD_episodenumber>
  <DVD_season>2</DVD_season>
  <Director>Larry Leichliter</Director>
  <EpImgFlag>2</EpImgFlag>
  <EpisodeName>To Cut a Woman's Hair</EpisodeName>
  <EpisodeNumber>10</EpisodeNumber>
  <FirstAired>2011-01-10</FirstAired>
  <GuestStars></GuestStars>
  <IMDB_ID></IMDB_ID>
  <Language>en</Language>
  <Overview>A tree witch demands a lock of princess hair else Jake will be sucked into her bottomless bottom.</Overview>
  <ProductionCode></ProductionCode>
  <Rating>8.0</Rating>
  <RatingCount>4</RatingCount>
  <SeasonNumber>2</SeasonNumber>
  <Writer>Kent Osborne, Somvilay Xayaphone</Writer>
  <absolute_number></absolute_number>
  <filename>episodes/152831/3459511.jpg</filename>
  <lastupdated>1331139046</lastupdated>
  <seasonid>329151</seasonid>
  <seriesid>152831</seriesid>
</Episode>
<Episode>
  <id>3459531</id>
  <Combined_episodenumber>6.1</Combined_episodenumber>
  <Combined_season>2</Combined_season>
  <DVD_chapter></DVD_chapter>
  <DVD_discid></DVD_discid>
  <DVD_episodenumber>6.1</DVD_episodenumber>
  <DVD_season>2</DVD_season>
  <Director></Director>
  <EpImgFlag>2</EpImgFlag>
  <EpisodeName>The Chamber of Frozen Blades</EpisodeName>
  <EpisodeNumber>11</EpisodeNumber>
  <FirstAired>2011-01-17</FirstAired>
  <GuestStars></GuestStars>
  <IMDB_ID></IMDB_ID>
  <Language>en</Language>
  <Overview>Whilst the Ice King goes out to take Gunther to the hospital, Finn and Jake decide to sneak inside his lair and flex their ninja skills.</Overview>
  <ProductionCode></ProductionCode>
  <Rating>8.3</Rating>
  <RatingCount>6</RatingCount>
  <SeasonNumber>2</SeasonNumber>
  <Writer></Writer>
  <absolute_number></absolute_number>
  <filename>episodes/152831/3459531.jpg</filename>
  <lastupdated>1333869511</lastupdated>
  <seasonid>329151</seasonid>
  <seriesid>152831</seriesid>
</Episode>
<Episode>
  <id>3459541</id>
  <Combined_episodenumber>6.2</Combined_episodenumber>
  <Combined_season>2</Combined_season>
  <DVD_chapter></DVD_chapter>
  <DVD_discid></DVD_discid>
  <DVD_episodenumber>6.2</DVD_episodenumber>
  <DVD_season>2</DVD_season>
  <Director></Director>
  <EpImgFlag>2</EpImgFlag>
  <EpisodeName>Her Parents</EpisodeName>
  <EpisodeNumber>12</EpisodeNumber>
  <FirstAired>2011-01-24</FirstAired>
  <GuestStars>|Henry Rollins|Laura Silverman|</GuestStars>
  <IMDB_ID></IMDB_ID>
  <Language>en</Language>
  <Overview>Jake's relationship with Lady Rainicorn is in danger when he promises to meet with her parents, as both species had a long history of war with each other. However, thanks to Jake's shape-shifting powers, they mistake the dog as one of their own, but for how long?</Overview>
  <ProductionCode>1002-034</ProductionCode>
  <Rating>8.6</Rating>
  <RatingCount>5</RatingCount>
  <SeasonNumber>2</SeasonNumber>
  <Writer></Writer>
  <absolute_number></absolute_number>
  <filename>episodes/152831/3459541.jpg</filename>
  <lastupdated>1333869599</lastupdated>
  <seasonid>329151</seasonid>
  <seriesid>152831</seriesid>
</Episode>
<Episode>
  <id>3593501</id>
  <Combined_episodenumber>7.1</Combined_episodenumber>
  <Combined_season>2</Combined_season>
  <DVD_chapter></DVD_chapter>
  <DVD_discid></DVD_discid>
  <DVD_episodenumber>7.1</DVD_episodenumber>
  <DVD_season>2</DVD_season>
  <Director></Director>
  <EpImgFlag>2</EpImgFlag>
  <EpisodeName>The Pods</EpisodeName>
  <EpisodeNumber>13</EpisodeNumber>
  <FirstAired>2011-01-31</FirstAired>
  <GuestStars></GuestStars>
  <IMDB_ID></IMDB_ID>
  <Language>en</Language>
  <Overview>Finn and Jake discover baby pigs wearing silly costumes that come out of the pods of a strange plant. Jake thinks they are adorable, but Finn says that they should test them in case they're evil. </Overview>
  <ProductionCode></ProductionCode>
  <Rating>7.6</Rating>
  <RatingCount>5</RatingCount>
  <SeasonNumber>2</SeasonNumber>
  <Writer></Writer>
  <absolute_number></absolute_number>
  <filename>episodes/152831/3593501.jpg</filename>
  <lastupdated>1333869768</lastupdated>
  <seasonid>329151</seasonid>
  <seriesid>152831</seriesid>
</Episode>
<Episode>
  <id>3666411</id>
  <Combined_episodenumber>7.2</Combined_episodenumber>
  <Combined_season>2</Combined_season>
  <DVD_chapter></DVD_chapter>
  <DVD_discid></DVD_discid>
  <DVD_episodenumber>7.2</DVD_episodenumber>
  <DVD_season>2</DVD_season>
  <Director></Director>
  <EpImgFlag>7</EpImgFlag>
  <EpisodeName>The Silent King</EpisodeName>
  <EpisodeNumber>14</EpisodeNumber>
  <FirstAired>2011-02-06</FirstAired>
  <GuestStars></GuestStars>
  <IMDB_ID></IMDB_ID>
  <Language>en</Language>
  <Overview>After defeating a evil king of goblins, Finn finds himself crowned as their new king. Unfortunately, he's unable to do anything for them due to the rules of the previous king including defending the goblins from the previous king.</Overview>
  <ProductionCode></ProductionCode>
  <Rating>7.3</Rating>
  <RatingCount>4</RatingCount>
  <SeasonNumber>2</SeasonNumber>
  <Writer></Writer>
  <absolute_number></absolute_number>
  <filename>episodes/152831/3666411.jpg</filename>
  <lastupdated>1326640702</lastupdated>
  <seasonid>329151</seasonid>
  <seriesid>152831</seriesid>
</Episode>
<Episode>
  <id>3666421</id>
  <Combined_episodenumber>8.1</Combined_episodenumber>
  <Combined_season>2</Combined_season>
  <DVD_chapter></DVD_chapter>
  <DVD_discid></DVD_discid>
  <DVD_episodenumber>8.1</DVD_episodenumber>
  <DVD_season>2</DVD_season>
  <Director></Director>
  <EpImgFlag>7</EpImgFlag>
  <EpisodeName>The Real You</EpisodeName>
  <EpisodeNumber>15</EpisodeNumber>
  <FirstAired>2011-02-14</FirstAired>
  <GuestStars></GuestStars>
  <IMDB_ID></IMDB_ID>
  <Language>en</Language>
  <Overview>Finn has to give a speech at Princess Bubblegum's science barbecue and seeks a quick fix to make himself smarter.</Overview>
  <ProductionCode></ProductionCode>
  <Rating>8.0</Rating>
  <RatingCount>5</RatingCount>
  <SeasonNumber>2</SeasonNumber>
  <Writer></Writer>
  <absolute_number></absolute_number>
  <filename>episodes/152831/3666421.jpg</filename>
  <lastupdated>1326640768</lastupdated>
  <seasonid>329151</seasonid>
  <seriesid>152831</seriesid>
</Episode>
<Episode>
  <id>3666431</id>
  <Combined_episodenumber>8.2</Combined_episodenumber>
  <Combined_season>2</Combined_season>
  <DVD_chapter></DVD_chapter>
  <DVD_discid></DVD_discid>
  <DVD_episodenumber>8.2</DVD_episodenumber>
  <DVD_season>2</DVD_season>
  <Director>Larry Leichliter</Director>
  <EpImgFlag>3</EpImgFlag>
  <EpisodeName>Guardians of Sunshine</EpisodeName>
  <EpisodeNumber>16</EpisodeNumber>
  <FirstAired>2011-02-21</FirstAired>
  <GuestStars></GuestStars>
  <IMDB_ID></IMDB_ID>
  <Language>en</Language>
  <Overview>Finn and Jake get sucked into one of BMO's games and they have to defeat all three of his bosses. </Overview>
  <ProductionCode>1002-042</ProductionCode>
  <Rating>7.8</Rating>
  <RatingCount>4</RatingCount>
  <SeasonNumber>2</SeasonNumber>
  <Writer>Ako Castuera, Tom Herpich</Writer>
  <absolute_number></absolute_number>
  <filename>episodes/152831/3666431.jpg</filename>
  <lastupdated>1326640776</lastupdated>
  <seasonid>329151</seasonid>
  <seriesid>152831</seriesid>
</Episode>
<Episode>
  <id>3722111</id>
  <Combined_episodenumber>9.1</Combined_episodenumber>
  <Combined_season>2</Combined_season>
  <DVD_chapter></DVD_chapter>
  <DVD_discid></DVD_discid>
  <DVD_episodenumber>9.1</DVD_episodenumber>
  <DVD_season>2</DVD_season>
  <Director>Larry Leichliter</Director>
  <EpImgFlag>7</EpImgFlag>
  <EpisodeName>Death in Bloom</EpisodeName>
  <EpisodeNumber>17</EpisodeNumber>
  <FirstAired>2011-02-28</FirstAired>
  <GuestStars></GuestStars>
  <IMDB_ID></IMDB_ID>
  <Language>en</Language>
  <Overview>After killing Princess Bubblegum's plant when left to take care of it, Finn and Jake make a trip to the Land of the Dead in order to get it's soul back.</Overview>
  <ProductionCode>1002-044</ProductionCode>
  <Rating>7.8</Rating>
  <RatingCount>4</RatingCount>
  <SeasonNumber>2</SeasonNumber>
  <Writer>Cole Sanchez, Jesse Moynihan</Writer>
  <absolute_number></absolute_number>
  <filename>episodes/152831/3722111.jpg</filename>
  <lastupdated>1326640810</lastupdated>
  <seasonid>329151</seasonid>
  <seriesid>152831</seriesid>
</Episode>
<Episode>
  <id>3770361</id>
  <Combined_episodenumber>9.2</Combined_episodenumber>
  <Combined_season>2</Combined_season>
  <DVD_chapter></DVD_chapter>
  <DVD_discid></DVD_discid>
  <DVD_episodenumber>9.2</DVD_episodenumber>
  <DVD_season>2</DVD_season>
  <Director>Larry Leichliter</Director>
  <EpImgFlag>2</EpImgFlag>
  <EpisodeName>Susan Strong</EpisodeName>
  <EpisodeNumber>18</EpisodeNumber>
  <FirstAired>2011-03-07</FirstAired>
  <GuestStars></GuestStars>
  <IMDB_ID></IMDB_ID>
  <Language>en</Language>
  <Overview>Finn is excited to discover what appears to be a tribe of humans living underground near the Candy Kingdom, but gets more than he expected when he tries to teach one of them about the surface world. </Overview>
  <ProductionCode>1002-0045</ProductionCode>
  <Rating>8.3</Rating>
  <RatingCount>3</RatingCount>
  <SeasonNumber>2</SeasonNumber>
  <Writer>Adam Muto, Rebecca Sugar</Writer>
  <absolute_number></absolute_number>
  <filename>episodes/152831/3770361.jpg</filename>
  <lastupdated>1326640816</lastupdated>
  <seasonid>329151</seasonid>
  <seriesid>152831</seriesid>
</Episode>
<Episode>
  <id>3825771</id>
  <Combined_episodenumber>10.1</Combined_episodenumber>
  <Combined_season>2</Combined_season>
  <DVD_chapter></DVD_chapter>
  <DVD_discid></DVD_discid>
  <DVD_episodenumber>10.1</DVD_episodenumber>
  <DVD_season>2</DVD_season>
  <Director>Larry Leichliter</Director>
  <EpImgFlag>2</EpImgFlag>
  <EpisodeName>Mystery Train</EpisodeName>
  <EpisodeNumber>19</EpisodeNumber>
  <FirstAired>2011-03-14</FirstAired>
  <GuestStars></GuestStars>
  <IMDB_ID></IMDB_ID>
  <Language>en</Language>
  <Overview>Wanting to surprise Finn on his birthday, Jake takes Finn on a train, where they get wrapped up in a murder mystery. 
</Overview>
  <ProductionCode>1002-043</ProductionCode>
  <Rating>8.0</Rating>
  <RatingCount>5</RatingCount>
  <SeasonNumber>2</SeasonNumber>
  <Writer>Kent Osborne, Somvilay Xayaphone</Writer>
  <absolute_number></absolute_number>
  <filename>episodes/152831/3825771.jpg</filename>
  <lastupdated>1326640825</lastupdated>
  <seasonid>329151</seasonid>
  <seriesid>152831</seriesid>
</Episode>
<Episode>
  <id>3891851</id>
  <Combined_episodenumber>10.2</Combined_episodenumber>
  <Combined_season>2</Combined_season>
  <DVD_chapter></DVD_chapter>
  <DVD_discid></DVD_discid>
  <DVD_episodenumber>10.2</DVD_episodenumber>
  <DVD_season>2</DVD_season>
  <Director>Larry Leichliter</Director>
  <EpImgFlag>2</EpImgFlag>
  <EpisodeName>Go With Me</EpisodeName>
  <EpisodeNumber>20</EpisodeNumber>
  <FirstAired>2011-03-28</FirstAired>
  <GuestStars></GuestStars>
  <IMDB_ID></IMDB_ID>
  <Language>en</Language>
  <Overview>Marceline and Jake give Finn advice so he can ask Princess Bubblegum to see a movie with him. </Overview>
  <ProductionCode>1002-046</ProductionCode>
  <Rating>7.8</Rating>
  <RatingCount>4</RatingCount>
  <SeasonNumber>2</SeasonNumber>
  <Writer>Ako Castuera, Tom Herpich</Writer>
  <absolute_number></absolute_number>
  <filename>episodes/152831/3891851.jpg</filename>
  <lastupdated>1326640831</lastupdated>
  <seasonid>329151</seasonid>
  <seriesid>152831</seriesid>
</Episode>
<Episode>
  <id>4026291</id>
  <Combined_episodenumber>11.1</Combined_episodenumber>
  <Combined_season>2</Combined_season>
  <DVD_chapter></DVD_chapter>
  <DVD_discid></DVD_discid>
  <DVD_episodenumber>11.1</DVD_episodenumber>
  <DVD_season>2</DVD_season>
  <Director>Larry Leichliter</Director>
  <EpImgFlag>2</EpImgFlag>
  <EpisodeName>Belly of the Beast</EpisodeName>
  <EpisodeNumber>21</EpisodeNumber>
  <FirstAired>2011-04-04</FirstAired>
  <GuestStars>Andy Samberg</GuestStars>
  <IMDB_ID></IMDB_ID>
  <Language>en</Language>
  <Overview>In order to cure the stomach ache of a giant, Finn and Jake must break up a party happening in his belly.</Overview>
  <ProductionCode>1002-047</ProductionCode>
  <Rating>7.3</Rating>
  <RatingCount>4</RatingCount>
  <SeasonNumber>2</SeasonNumber>
  <Writer>Kent Osborne, Somvilay Xayaphone</Writer>
  <absolute_number></absolute_number>
  <filename>episodes/152831/4026291.jpg</filename>
  <lastupdated>1326640888</lastupdated>
  <seasonid>329151</seasonid>
  <seriesid>152831</seriesid>
</Episode>
<Episode>
  <id>4026301</id>
  <Combined_episodenumber>11.2</Combined_episodenumber>
  <Combined_season>2</Combined_season>
  <DVD_chapter></DVD_chapter>
  <DVD_discid></DVD_discid>
  <DVD_episodenumber>11.2</DVD_episodenumber>
  <DVD_season>2</DVD_season>
  <Director>Larry Leichliter</Director>
  <EpImgFlag>2</EpImgFlag>
  <EpisodeName>The Limit</EpisodeName>
  <EpisodeNumber>22</EpisodeNumber>
  <FirstAired>2011-04-11</FirstAired>
  <GuestStars></GuestStars>
  <IMDB_ID></IMDB_ID>
  <Language>en</Language>
  <Overview>On a mission to save soldiers of the Hot Dog Princess, Finn and Jake go inside a massive maze where wishes can be granted and where Jake's stretching powers are pushed to their limits.</Overview>
  <ProductionCode>1002-048</ProductionCode>
  <Rating>6.8</Rating>
  <RatingCount>4</RatingCount>
  <SeasonNumber>2</SeasonNumber>
  <Writer>Cole Sanchez, Jesse Moynihan</Writer>
  <absolute_number></absolute_number>
  <filename>episodes/152831/4026301.jpg</filename>
  <lastupdated>1326640896</lastupdated>
  <seasonid>329151</seasonid>
  <seriesid>152831</seriesid>
</Episode>
<Episode>
  <id>4060691</id>
  <Combined_episodenumber>12.1</Combined_episodenumber>
  <Combined_season>2</Combined_season>
  <DVD_chapter></DVD_chapter>
  <DVD_discid></DVD_discid>
  <DVD_episodenumber>12.1</DVD_episodenumber>
  <DVD_season>2</DVD_season>
  <Director>Larry Leichliter</Director>
  <EpImgFlag>2</EpImgFlag>
  <EpisodeName>Video Makers</EpisodeName>
  <EpisodeNumber>23</EpisodeNumber>
  <FirstAired>2011-04-18</FirstAired>
  <GuestStars></GuestStars>
  <IMDB_ID></IMDB_ID>
  <Language>en</Language>
  <Overview>After discovering government warnings prior to movies for their film club, Finn and Jake decide to make their own, but get into a fight over the direction of their film.</Overview>
  <ProductionCode>1002-051</ProductionCode>
  <Rating>8.2</Rating>
  <RatingCount>5</RatingCount>
  <SeasonNumber>2</SeasonNumber>
  <Writer>Kent Osborne, Somvilay Xayaphone, David C. Smith</Writer>
  <absolute_number></absolute_number>
  <filename>episodes/152831/4060691.jpg</filename>
  <lastupdated>1326640917</lastupdated>
  <seasonid>329151</seasonid>
  <seriesid>152831</seriesid>
</Episode>
<Episode>
  <id>4078570</id>
  <Combined_episodenumber>12.2</Combined_episodenumber>
  <Combined_season>2</Combined_season>
  <DVD_chapter></DVD_chapter>
  <DVD_discid></DVD_discid>
  <DVD_episodenumber>12.2</DVD_episodenumber>
  <DVD_season>2</DVD_season>
  <Director>Larry Leichliter</Director>
  <EpImgFlag>2</EpImgFlag>
  <EpisodeName>Heat Signature</EpisodeName>
  <EpisodeNumber>24</EpisodeNumber>
  <FirstAired>2011-05-09</FirstAired>
  <GuestStars></GuestStars>
  <IMDB_ID></IMDB_ID>
  <Language>en</Language>
  <Overview>Marceline plays a prank on Finn and Jake by making them believe they're vampires, but it nearly goes too far when they're manipulated by her ghost friends.</Overview>
  <ProductionCode>1002-050</ProductionCode>
  <Rating>7.3</Rating>
  <RatingCount>3</RatingCount>
  <SeasonNumber>2</SeasonNumber>
  <Writer>Ako Castuera, Tom Herpich</Writer>
  <absolute_number></absolute_number>
  <filename>episodes/152831/4078570.jpg</filename>
  <lastupdated>1326640924</lastupdated>
  <seasonid>329151</seasonid>
  <seriesid>152831</seriesid>
</Episode>
<Episode>
  <id>4088753</id>
  <Combined_episodenumber>13.1</Combined_episodenumber>
  <Combined_season>2</Combined_season>
  <DVD_chapter></DVD_chapter>
  <DVD_discid></DVD_discid>
  <DVD_episodenumber>13.1</DVD_episodenumber>
  <DVD_season>2</DVD_season>
  <Director>Larry Leichliter</Director>
  <EpImgFlag>2</EpImgFlag>
  <EpisodeName>Mortal Folly</EpisodeName>
  <EpisodeNumber>25</EpisodeNumber>
  <FirstAired>2011-05-02</FirstAired>
  <GuestStars>Ron Perlman</GuestStars>
  <IMDB_ID></IMDB_ID>
  <Language>en</Language>
  <Overview>Part 1 of the season finale. Finn and Jake must go on a quest to find the Lich King (originally sealed away by Billy), while the Ice King pesters them for permission to date Princess Bubblegum.</Overview>
  <ProductionCode>1002-049</ProductionCode>
  <Rating>8.3</Rating>
  <RatingCount>4</RatingCount>
  <SeasonNumber>2</SeasonNumber>
  <Writer>Rebecca Sugar, Adam Muto</Writer>
  <absolute_number></absolute_number>
  <filename>episodes/152831/4088753.jpg</filename>
  <lastupdated>1326640931</lastupdated>
  <seasonid>329151</seasonid>
  <seriesid>152831</seriesid>
</Episode>
<Episode>
  <id>4088754</id>
  <Combined_episodenumber>13.2</Combined_episodenumber>
  <Combined_season>2</Combined_season>
  <DVD_chapter></DVD_chapter>
  <DVD_discid></DVD_discid>
  <DVD_episodenumber>13.2</DVD_episodenumber>
  <DVD_season>2</DVD_season>
  <Director>Larry Leichliter</Director>
  <EpImgFlag>2</EpImgFlag>
  <EpisodeName>Mortal Recoil</EpisodeName>
  <EpisodeNumber>26</EpisodeNumber>
  <FirstAired>2011-05-02</FirstAired>
  <GuestStars>|Isabella Acres|Kevin Michael Richardson|</GuestStars>
  <IMDB_ID></IMDB_ID>
  <Language>en</Language>
  <Overview>Part 2 of the season finale. Finn and Jake's most powerful enemy, the Lich King, is accidentally released and it is up to Finn and Jake to stop him before he takes over Ooo in Finn and Jake's final epic battle of the season. </Overview>
  <ProductionCode>1002-052</ProductionCode>
  <Rating>8.7</Rating>
  <RatingCount>3</RatingCount>
  <SeasonNumber>2</SeasonNumber>
  <Writer>Cole Sanchez, Jesse Moynihan</Writer>
  <absolute_number></absolute_number>
  <filename>episodes/152831/4088754.jpg</filename>
  <lastupdated>1326640939</lastupdated>
  <seasonid>329151</seasonid>
  <seriesid>152831</seriesid>
</Episode>
<Episode>
  <id>4100408</id>
  <Combined_episodenumber>1.1</Combined_episodenumber>
  <Combined_season>3</Combined_season>
  <DVD_chapter></DVD_chapter>
  <DVD_discid></DVD_discid>
  <DVD_episodenumber>1.1</DVD_episodenumber>
  <DVD_season>3</DVD_season>
  <Director></Director>
  <EpImgFlag>2</EpImgFlag>
  <EpisodeName>Conquest of Cuteness</EpisodeName>
  <EpisodeNumber>1</EpisodeNumber>
  <FirstAired>2011-07-11</FirstAired>
  <GuestStars></GuestStars>
  <IMDB_ID></IMDB_ID>
  <Language>en</Language>
  <Overview>Finn and Jake must defend their home from the Cuties, a tiny race who believe themselves to be evil, destructive invaders.</Overview>
  <ProductionCode></ProductionCode>
  <Rating>7.8</Rating>
  <RatingCount>4</RatingCount>
  <SeasonNumber>3</SeasonNumber>
  <Writer></Writer>
  <absolute_number></absolute_number>
  <filename>episodes/152831/4100408.jpg</filename>
  <lastupdated>1326641123</lastupdated>
  <seasonid>466088</seasonid>
  <seriesid>152831</seriesid>
</Episode>
<Episode>
  <id>4131510</id>
  <Combined_episodenumber>1.2</Combined_episodenumber>
  <Combined_season>3</Combined_season>
  <DVD_chapter></DVD_chapter>
  <DVD_discid></DVD_discid>
  <DVD_episodenumber>1.2</DVD_episodenumber>
  <DVD_season>3</DVD_season>
  <Director></Director>
  <EpImgFlag>2</EpImgFlag>
  <EpisodeName>Morituri te Salutamus</EpisodeName>
  <EpisodeNumber>2</EpisodeNumber>
  <FirstAired>2011-07-18</FirstAired>
  <GuestStars></GuestStars>
  <IMDB_ID></IMDB_ID>
  <Language>en</Language>
  <Overview>The duo choose to partake in gladiatorial combat against the Fight King's ghost warriors, but Finn succumbs to bloodlust while Jake becomes obsessed in keeping a cool morale.</Overview>
  <ProductionCode></ProductionCode>
  <Rating>7.3</Rating>
  <RatingCount>3</RatingCount>
  <SeasonNumber>3</SeasonNumber>
  <Writer></Writer>
  <absolute_number></absolute_number>
  <filename>episodes/152831/4131510.jpg</filename>
  <lastupdated>1334044104</lastupdated>
  <seasonid>466088</seasonid>
  <seriesid>152831</seriesid>
</Episode>
<Episode>
  <id>4131511</id>
  <Combined_episodenumber>2.1</Combined_episodenumber>
  <Combined_season>3</Combined_season>
  <DVD_chapter></DVD_chapter>
  <DVD_discid></DVD_discid>
  <DVD_episodenumber>2.1</DVD_episodenumber>
  <DVD_season>3</DVD_season>
  <Director></Director>
  <EpImgFlag>2</EpImgFlag>
  <EpisodeName>Memory of a Memory</EpisodeName>
  <EpisodeNumber>3</EpisodeNumber>
  <FirstAired>2011-07-25</FirstAired>
  <GuestStars></GuestStars>
  <IMDB_ID></IMDB_ID>
  <Language>en</Language>
  <Overview>Finn and Jake enter Marceline's mind to awaken her from a sleep spell she had cast on herself, without knowing that they are being tricked by a person from her past. </Overview>
  <ProductionCode>1008-057</ProductionCode>
  <Rating>8.7</Rating>
  <RatingCount>3</RatingCount>
  <SeasonNumber>3</SeasonNumber>
  <Writer></Writer>
  <absolute_number></absolute_number>
  <filename>episodes/152831/4131511.jpg</filename>
  <lastupdated>1326641139</lastupdated>
  <seasonid>466088</seasonid>
  <seriesid>152831</seriesid>
</Episode>
<Episode>
  <id>4131512</id>
  <Combined_episodenumber>2.2</Combined_episodenumber>
  <Combined_season>3</Combined_season>
  <DVD_chapter></DVD_chapter>
  <DVD_discid></DVD_discid>
  <DVD_episodenumber>2.2</DVD_episodenumber>
  <DVD_season>3</DVD_season>
  <Director></Director>
  <EpImgFlag>2</EpImgFlag>
  <EpisodeName>Hitman</EpisodeName>
  <EpisodeNumber>4</EpisodeNumber>
  <FirstAired>2011-08-01</FirstAired>
  <GuestStars></GuestStars>
  <IMDB_ID></IMDB_ID>
  <Language>en</Language>
  <Overview>The grounded Ice King hires a fire-manipulating hitman to attack Finn and Jake, without realizing the potentially deadly consequences. </Overview>
  <ProductionCode>1008-056</ProductionCode>
  <Rating>7.5</Rating>
  <RatingCount>2</RatingCount>
  <SeasonNumber>3</SeasonNumber>
  <Writer></Writer>
  <absolute_number></absolute_number>
  <filename>episodes/152831/4131512.jpg</filename>
  <lastupdated>1326641155</lastupdated>
  <seasonid>466088</seasonid>
  <seriesid>152831</seriesid>
</Episode>
<Episode>
  <id>4131515</id>
  <Combined_episodenumber>3.1</Combined_episodenumber>
  <Combined_season>3</Combined_season>
  <DVD_chapter></DVD_chapter>
  <DVD_discid></DVD_discid>
  <DVD_episodenumber>3.1</DVD_episodenumber>
  <DVD_season>3</DVD_season>
  <Director></Director>
  <EpImgFlag>2</EpImgFlag>
  <EpisodeName>Too Young</EpisodeName>
  <EpisodeNumber>5</EpisodeNumber>
  <FirstAired>2011-08-08</FirstAired>
  <GuestStars></GuestStars>
  <IMDB_ID></IMDB_ID>
  <Language>en</Language>
  <Overview>The Earl of Lemongrab takes over the Candy Kingdom due to Princess Bubblegum's age regression, forcing her and Finn to try and get rid of him even if it means a life-altering decision.</Overview>
  <ProductionCode></ProductionCode>
  <Rating>7.5</Rating>
  <RatingCount>2</RatingCount>
  <SeasonNumber>3</SeasonNumber>
  <Writer></Writer>
  <absolute_number></absolute_number>
  <filename>episodes/152831/4131515.jpg</filename>
  <lastupdated>1326641169</lastupdated>
  <seasonid>466088</seasonid>
  <seriesid>152831</seriesid>
</Episode>
<Episode>
  <id>4131513</id>
  <Combined_episodenumber>3.2</Combined_episodenumber>
  <Combined_season>3</Combined_season>
  <DVD_chapter></DVD_chapter>
  <DVD_discid></DVD_discid>
  <DVD_episodenumber>3.2</DVD_episodenumber>
  <DVD_season>3</DVD_season>
  <Director></Director>
  <EpImgFlag>2</EpImgFlag>
  <EpisodeName>The Monster</EpisodeName>
  <EpisodeNumber>6</EpisodeNumber>
  <FirstAired>2011-08-15</FirstAired>
  <GuestStars></GuestStars>
  <IMDB_ID></IMDB_ID>
  <Language>en</Language>
  <Overview>The king and queen of Lumpy Space ask Finn and Jake to bring their daughter back home. At the same time, they attempt to stop a &quot;monster&quot; from destroying a village.</Overview>
  <ProductionCode></ProductionCode>
  <Rating>7.0</Rating>
  <RatingCount>2</RatingCount>
  <SeasonNumber>3</SeasonNumber>
  <Writer></Writer>
  <absolute_number></absolute_number>
  <filename>episodes/152831/4131513.jpg</filename>
  <lastupdated>1326641175</lastupdated>
  <seasonid>466088</seasonid>
  <seriesid>152831</seriesid>
</Episode>
<Episode>
  <id>4131516</id>
  <Combined_episodenumber>4.1</Combined_episodenumber>
  <Combined_season>3</Combined_season>
  <DVD_chapter></DVD_chapter>
  <DVD_discid></DVD_discid>
  <DVD_episodenumber>4.1</DVD_episodenumber>
  <DVD_season>3</DVD_season>
  <Director></Director>
  <EpImgFlag>2</EpImgFlag>
  <EpisodeName>Still</EpisodeName>
  <EpisodeNumber>7</EpisodeNumber>
  <FirstAired>2011-08-22</FirstAired>
  <GuestStars></GuestStars>
  <IMDB_ID></IMDB_ID>
  <Language>en</Language>
  <Overview>Finn and Jake are literally unable to move and are at the mercy of the Ice King.</Overview>
  <ProductionCode></ProductionCode>
  <Rating>8.0</Rating>
  <RatingCount>2</RatingCount>
  <SeasonNumber>3</SeasonNumber>
  <Writer></Writer>
  <absolute_number></absolute_number>
  <filename>episodes/152831/4131516.jpg</filename>
  <lastupdated>1334161596</lastupdated>
  <seasonid>466088</seasonid>
  <seriesid>152831</seriesid>
</Episode>
<Episode>
  <id>4131517</id>
  <Combined_episodenumber>4.2</Combined_episodenumber>
  <Combined_season>3</Combined_season>
  <DVD_chapter></DVD_chapter>
  <DVD_discid></DVD_discid>
  <DVD_episodenumber>4.2</DVD_episodenumber>
  <DVD_season>3</DVD_season>
  <Director></Director>
  <EpImgFlag>2</EpImgFlag>
  <EpisodeName>Wizard Battle</EpisodeName>
  <EpisodeNumber>8</EpisodeNumber>
  <FirstAired>2011-08-29</FirstAired>
  <GuestStars></GuestStars>
  <IMDB_ID></IMDB_ID>
  <Language>en</Language>
  <Overview>Finn and Jake enter a competition for wizards in disguise so they can prevent Ice King from winning the grand prize: a kiss from Princess Bubblegum.</Overview>
  <ProductionCode></ProductionCode>
  <Rating>8.0</Rating>
  <RatingCount>3</RatingCount>
  <SeasonNumber>3</SeasonNumber>
  <Writer></Writer>
  <absolute_number></absolute_number>
  <filename>episodes/152831/4131517.jpg</filename>
  <lastupdated>1334161588</lastupdated>
  <seasonid>466088</seasonid>
  <seriesid>152831</seriesid>
</Episode>
<Episode>
  <id>4131514</id>
  <Combined_episodenumber>5.1</Combined_episodenumber>
  <Combined_season>3</Combined_season>
  <DVD_chapter></DVD_chapter>
  <DVD_discid></DVD_discid>
  <DVD_episodenumber>5.1</DVD_episodenumber>
  <DVD_season>3</DVD_season>
  <Director></Director>
  <EpImgFlag>2</EpImgFlag>
  <EpisodeName>Fionna and Cake</EpisodeName>
  <EpisodeNumber>9</EpisodeNumber>
  <FirstAired>2011-09-05</FirstAired>
  <GuestStars></GuestStars>
  <IMDB_ID></IMDB_ID>
  <Language>en</Language>
  <Overview>In this gender-swapped episode, Fionna and Cake must battle the evil Ice Queen.</Overview>
  <ProductionCode></ProductionCode>
  <Rating>8.0</Rating>
  <RatingCount>2</RatingCount>
  <SeasonNumber>3</SeasonNumber>
  <Writer></Writer>
  <absolute_number></absolute_number>
  <filename>episodes/152831/4131514.jpg</filename>
  <lastupdated>1334161606</lastupdated>
  <seasonid>466088</seasonid>
  <seriesid>152831</seriesid>
</Episode>
<Episode>
  <id>4131518</id>
  <Combined_episodenumber>5.2</Combined_episodenumber>
  <Combined_season>3</Combined_season>
  <DVD_chapter></DVD_chapter>
  <DVD_discid></DVD_discid>
  <DVD_episodenumber>5.2</DVD_episodenumber>
  <DVD_season>3</DVD_season>
  <Director></Director>
  <EpImgFlag>2</EpImgFlag>
  <EpisodeName>What Was Missing</EpisodeName>
  <EpisodeNumber>10</EpisodeNumber>
  <FirstAired>2011-09-26</FirstAired>
  <GuestStars></GuestStars>
  <IMDB_ID></IMDB_ID>
  <Language>en</Language>
  <Overview>Finn and his friends must come together as a genuine band in order to open the gate of the Door Lord and get back their taken items. </Overview>
  <ProductionCode></ProductionCode>
  <Rating>9.5</Rating>
  <RatingCount>2</RatingCount>
  <SeasonNumber>3</SeasonNumber>
  <Writer></Writer>
  <absolute_number></absolute_number>
  <filename>episodes/152831/4131518.jpg</filename>
  <lastupdated>1326641246</lastupdated>
  <seasonid>466088</seasonid>
  <seriesid>152831</seriesid>
</Episode>
<Episode>
  <id>4131523</id>
  <Combined_episodenumber>6.1</Combined_episodenumber>
  <Combined_season>3</Combined_season>
  <DVD_chapter></DVD_chapter>
  <DVD_discid></DVD_discid>
  <DVD_episodenumber>6.1</DVD_episodenumber>
  <DVD_season>3</DVD_season>
  <Director></Director>
  <EpImgFlag>2</EpImgFlag>
  <EpisodeName>Apple Thief</EpisodeName>
  <EpisodeNumber>11</EpisodeNumber>
  <FirstAired>2011-10-03</FirstAired>
  <GuestStars></GuestStars>
  <IMDB_ID></IMDB_ID>
  <Language>en</Language>
  <Overview>When Tree Trunks's apples go missing, she, Finn and Jake descend into the dark side of the Candy Kingdom in order to find the thief. </Overview>
  <ProductionCode></ProductionCode>
  <Rating>8.0</Rating>
  <RatingCount>2</RatingCount>
  <SeasonNumber>3</SeasonNumber>
  <Writer></Writer>
  <absolute_number></absolute_number>
  <filename>episodes/152831/4131523.jpg</filename>
  <lastupdated>1326641253</lastupdated>
  <seasonid>466088</seasonid>
  <seriesid>152831</seriesid>
</Episode>
<Episode>
  <id>4131526</id>
  <Combined_episodenumber>6.2</Combined_episodenumber>
  <Combined_season>3</Combined_season>
  <DVD_chapter></DVD_chapter>
  <DVD_discid></DVD_discid>
  <DVD_episodenumber>6.2</DVD_episodenumber>
  <DVD_season>3</DVD_season>
  <Director></Director>
  <EpImgFlag>2</EpImgFlag>
  <EpisodeName>The Creeps</EpisodeName>
  <EpisodeNumber>12</EpisodeNumber>
  <FirstAired>2011-10-17</FirstAired>
  <GuestStars></GuestStars>
  <IMDB_ID></IMDB_ID>
  <Language>en</Language>
  <Overview>Finn and Jake receive an invitation to a masquerade dinner. It turns into a whodunit as guests start to meet their demise.</Overview>
  <ProductionCode></ProductionCode>
  <Rating>8.5</Rating>
  <RatingCount>2</RatingCount>
  <SeasonNumber>3</SeasonNumber>
  <Writer></Writer>
  <absolute_number></absolute_number>
  <filename>episodes/152831/4131526.jpg</filename>
  <lastupdated>1326641262</lastupdated>
  <seasonid>466088</seasonid>
  <seriesid>152831</seriesid>
</Episode>
<Episode>
  <id>4131520</id>
  <Combined_episodenumber>7.1</Combined_episodenumber>
  <Combined_season>3</Combined_season>
  <DVD_chapter></DVD_chapter>
  <DVD_discid></DVD_discid>
  <DVD_episodenumber>7.1</DVD_episodenumber>
  <DVD_season>3</DVD_season>
  <Director></Director>
  <EpImgFlag>2</EpImgFlag>
  <EpisodeName>From Bad to Worse</EpisodeName>
  <EpisodeNumber>13</EpisodeNumber>
  <FirstAired>2011-10-24</FirstAired>
  <GuestStars></GuestStars>
  <IMDB_ID></IMDB_ID>
  <Language>en</Language>
  <Overview>When another plague of Candy Zombies arises and Princess Bubblegum is among the undead, Finn and his friends are in a race against time to figure out how to stop it...without making things even worse! </Overview>
  <ProductionCode>1008-064</ProductionCode>
  <Rating>7.0</Rating>
  <RatingCount>1</RatingCount>
  <SeasonNumber>3</SeasonNumber>
  <Writer></Writer>
  <absolute_number></absolute_number>
  <filename>episodes/152831/4131520.jpg</filename>
  <lastupdated>1326641269</lastupdated>
  <seasonid>466088</seasonid>
  <seriesid>152831</seriesid>
</Episode>
<Episode>
  <id>4131521</id>
  <Combined_episodenumber>7.2</Combined_episodenumber>
  <Combined_season>3</Combined_season>
  <DVD_chapter></DVD_chapter>
  <DVD_discid></DVD_discid>
  <DVD_episodenumber>7.2</DVD_episodenumber>
  <DVD_season>3</DVD_season>
  <Director></Director>
  <EpImgFlag>2</EpImgFlag>
  <EpisodeName>Beautopia</EpisodeName>
  <EpisodeNumber>14</EpisodeNumber>
  <FirstAired>2011-11-07</FirstAired>
  <GuestStars></GuestStars>
  <IMDB_ID></IMDB_ID>
  <Language>en</Language>
  <Overview>Susan Strong asks Finn and Jake to help fight off the Glub Glubs and regain her people's home in Beautopia. </Overview>
  <ProductionCode>1008-065</ProductionCode>
  <Rating>7.5</Rating>
  <RatingCount>2</RatingCount>
  <SeasonNumber>3</SeasonNumber>
  <Writer></Writer>
  <absolute_number></absolute_number>
  <filename>episodes/152831/4131521.jpg</filename>
  <lastupdated>1326641276</lastupdated>
  <seasonid>466088</seasonid>
  <seriesid>152831</seriesid>
</Episode>
<Episode>
  <id>4131522</id>
  <Combined_episodenumber>8.1</Combined_episodenumber>
  <Combined_season>3</Combined_season>
  <DVD_chapter></DVD_chapter>
  <DVD_discid></DVD_discid>
  <DVD_episodenumber>8.1</DVD_episodenumber>
  <DVD_season>3</DVD_season>
  <Director></Director>
  <EpImgFlag>2</EpImgFlag>
  <EpisodeName>No One Can Hear You</EpisodeName>
  <EpisodeNumber>15</EpisodeNumber>
  <FirstAired>2011-11-14</FirstAired>
  <GuestStars></GuestStars>
  <IMDB_ID></IMDB_ID>
  <Language>en</Language>
  <Overview>Finn awakens after an accident to find the Candy Kingdom citizens mysteriously gone and Jake acting crazier than usual. </Overview>
  <ProductionCode>1008-066</ProductionCode>
  <Rating>7.0</Rating>
  <RatingCount>1</RatingCount>
  <SeasonNumber>3</SeasonNumber>
  <Writer></Writer>
  <absolute_number></absolute_number>
  <filename>episodes/152831/4131522.jpg</filename>
  <lastupdated>1326641319</lastupdated>
  <seasonid>466088</seasonid>
  <seriesid>152831</seriesid>
</Episode>
<Episode>
  <id>4131527</id>
  <Combined_episodenumber>8.2</Combined_episodenumber>
  <Combined_season>3</Combined_season>
  <DVD_chapter></DVD_chapter>
  <DVD_discid></DVD_discid>
  <DVD_episodenumber>8.2</DVD_episodenumber>
  <DVD_season>3</DVD_season>
  <Director></Director>
  <EpImgFlag>2</EpImgFlag>
  <EpisodeName>Jake vs. Me-Mow</EpisodeName>
  <EpisodeNumber>16</EpisodeNumber>
  <FirstAired>2011-11-21</FirstAired>
  <GuestStars></GuestStars>
  <IMDB_ID></IMDB_ID>
  <Language>en</Language>
  <Overview>Finn and Jake take on a request to protect Wildberry Princess from an unknown assassin. The assassin turns out to be a tiny cat assassin called Me-Mow, who ends up bribing Jake by poisoning him. </Overview>
  <ProductionCode>1008-071</ProductionCode>
  <Rating>7.0</Rating>
  <RatingCount>1</RatingCount>
  <SeasonNumber>3</SeasonNumber>
  <Writer></Writer>
  <absolute_number></absolute_number>
  <filename>episodes/152831/4131527.jpg</filename>
  <lastupdated>1327085515</lastupdated>
  <seasonid>466088</seasonid>
  <seriesid>152831</seriesid>
</Episode>
<Episode>
  <id>4131519</id>
  <Combined_episodenumber>9.1</Combined_episodenumber>
  <Combined_season>3</Combined_season>
  <DVD_chapter></DVD_chapter>
  <DVD_discid></DVD_discid>
  <DVD_episodenumber>9.1</DVD_episodenumber>
  <DVD_season>3</DVD_season>
  <Director></Director>
  <EpImgFlag>2</EpImgFlag>
  <EpisodeName>Thank You</EpisodeName>
  <EpisodeNumber>17</EpisodeNumber>
  <FirstAired>2011-11-23</FirstAired>
  <GuestStars></GuestStars>
  <IMDB_ID></IMDB_ID>
  <Language>en</Language>
  <Overview>The Snow Golem visits the Fire Kingdom. </Overview>
  <ProductionCode>1008-063</ProductionCode>
  <Rating>9.0</Rating>
  <RatingCount>1</RatingCount>
  <SeasonNumber>3</SeasonNumber>
  <Writer></Writer>
  <absolute_number></absolute_number>
  <filename>episodes/152831/4131519.jpg</filename>
  <lastupdated>1326641336</lastupdated>
  <seasonid>466088</seasonid>
  <seriesid>152831</seriesid>
</Episode>
<Episode>
  <id>4131524</id>
  <Combined_episodenumber>9.2</Combined_episodenumber>
  <Combined_season>3</Combined_season>
  <DVD_chapter></DVD_chapter>
  <DVD_discid></DVD_discid>
  <DVD_episodenumber>9.2</DVD_episodenumber>
  <DVD_season>3</DVD_season>
  <Director></Director>
  <EpImgFlag>2</EpImgFlag>
  <EpisodeName>The New Frontier</EpisodeName>
  <EpisodeNumber>18</EpisodeNumber>
  <FirstAired>2011-11-28</FirstAired>
  <GuestStars></GuestStars>
  <IMDB_ID></IMDB_ID>
  <Language>en</Language>
  <Overview>Jake dreams about his death, and Finn takes action when events from the dream start to come true.</Overview>
  <ProductionCode>1008-068</ProductionCode>
  <Rating>10.0</Rating>
  <RatingCount>1</RatingCount>
  <SeasonNumber>3</SeasonNumber>
  <Writer></Writer>
  <absolute_number></absolute_number>
  <filename>episodes/152831/4131524.jpg</filename>
  <lastupdated>1326641346</lastupdated>
  <seasonid>466088</seasonid>
  <seriesid>152831</seriesid>
</Episode>
<Episode>
  <id>4131525</id>
  <Combined_episodenumber>10.1</Combined_episodenumber>
  <Combined_season>3</Combined_season>
  <DVD_chapter></DVD_chapter>
  <DVD_discid></DVD_discid>
  <DVD_episodenumber>10.1</DVD_episodenumber>
  <DVD_season>3</DVD_season>
  <Director></Director>
  <EpImgFlag>2</EpImgFlag>
  <EpisodeName>Holly Jolly Secrets (1)</EpisodeName>
  <EpisodeNumber>19</EpisodeNumber>
  <FirstAired>2011-12-05</FirstAired>
  <GuestStars></GuestStars>
  <IMDB_ID></IMDB_ID>
  <Language>en</Language>
  <Overview>Finn and Jake find the Ice King's video diary and have a chance to unearth his secrets. </Overview>
  <ProductionCode>1008-069</ProductionCode>
  <Rating>7.0</Rating>
  <RatingCount>1</RatingCount>
  <SeasonNumber>3</SeasonNumber>
  <Writer></Writer>
  <absolute_number></absolute_number>
  <filename>episodes/152831/4131525.jpg</filename>
  <lastupdated>1326641352</lastupdated>
  <seasonid>466088</seasonid>
  <seriesid>152831</seriesid>
</Episode>
<Episode>
  <id>4131532</id>
  <Combined_episodenumber>10.2</Combined_episodenumber>
  <Combined_season>3</Combined_season>
  <DVD_chapter></DVD_chapter>
  <DVD_discid></DVD_discid>
  <DVD_episodenumber>10.2</DVD_episodenumber>
  <DVD_season>3</DVD_season>
  <Director></Director>
  <EpImgFlag>2</EpImgFlag>
  <EpisodeName>Holly Jolly Secrets (2)</EpisodeName>
  <EpisodeNumber>20</EpisodeNumber>
  <FirstAired>2011-12-05</FirstAired>
  <GuestStars></GuestStars>
  <IMDB_ID></IMDB_ID>
  <Language>en</Language>
  <Overview>Finn and Jake stumble across the Ice King’s video diary and look to uncover his secrets.</Overview>
  <ProductionCode>1008-076</ProductionCode>
  <Rating>7.0</Rating>
  <RatingCount>1</RatingCount>
  <SeasonNumber>3</SeasonNumber>
  <Writer></Writer>
  <absolute_number></absolute_number>
  <filename>episodes/152831/4131532.jpg</filename>
  <lastupdated>1326641362</lastupdated>
  <seasonid>466088</seasonid>
  <seriesid>152831</seriesid>
</Episode>
<Episode>
  <id>4131529</id>
  <Combined_episodenumber>11.1</Combined_episodenumber>
  <Combined_season>3</Combined_season>
  <DVD_chapter></DVD_chapter>
  <DVD_discid></DVD_discid>
  <DVD_episodenumber>11.1</DVD_episodenumber>
  <DVD_season>3</DVD_season>
  <Director></Director>
  <EpImgFlag>2</EpImgFlag>
  <EpisodeName>Marceline's Closet</EpisodeName>
  <EpisodeNumber>21</EpisodeNumber>
  <FirstAired>2011-12-12</FirstAired>
  <GuestStars></GuestStars>
  <IMDB_ID></IMDB_ID>
  <Language>en</Language>
  <Overview>Finn and Jake play Cloud Hunt in Marceline's house, but they get trapped in her closet after she comes home. </Overview>
  <ProductionCode></ProductionCode>
  <Rating>7.0</Rating>
  <RatingCount>1</RatingCount>
  <SeasonNumber>3</SeasonNumber>
  <Writer></Writer>
  <absolute_number></absolute_number>
  <filename>episodes/152831/4131529.jpg</filename>
  <lastupdated>1326641368</lastupdated>
  <seasonid>466088</seasonid>
  <seriesid>152831</seriesid>
</Episode>
<Episode>
  <id>4131528</id>
  <Combined_episodenumber>11.2</Combined_episodenumber>
  <Combined_season>3</Combined_season>
  <DVD_chapter></DVD_chapter>
  <DVD_discid></DVD_discid>
  <DVD_episodenumber>11.2</DVD_episodenumber>
  <DVD_season>3</DVD_season>
  <Director></Director>
  <EpImgFlag>2</EpImgFlag>
  <EpisodeName>Paper Pete</EpisodeName>
  <EpisodeNumber>22</EpisodeNumber>
  <FirstAired>2012-01-16</FirstAired>
  <GuestStars></GuestStars>
  <IMDB_ID></IMDB_ID>
  <Language>en</Language>
  <Overview>Library books seek help from Finn and Jake to save them from the evil Moldari.</Overview>
  <ProductionCode>1008-075</ProductionCode>
  <Rating>9.0</Rating>
  <RatingCount>1</RatingCount>
  <SeasonNumber>3</SeasonNumber>
  <Writer></Writer>
  <absolute_number></absolute_number>
  <filename>episodes/152831/4131528.jpg</filename>
  <lastupdated>1326641377</lastupdated>
  <seasonid>466088</seasonid>
  <seriesid>152831</seriesid>
</Episode>
<Episode>
  <id>4131530</id>
  <Combined_episodenumber>12.1</Combined_episodenumber>
  <Combined_season>3</Combined_season>
  <DVD_chapter></DVD_chapter>
  <DVD_discid></DVD_discid>
  <DVD_episodenumber>12.1</DVD_episodenumber>
  <DVD_season>3</DVD_season>
  <Director></Director>
  <EpImgFlag>2</EpImgFlag>
  <EpisodeName>Another Way</EpisodeName>
  <EpisodeNumber>23</EpisodeNumber>
  <FirstAired>2012-01-23</FirstAired>
  <GuestStars></GuestStars>
  <IMDB_ID></IMDB_ID>
  <Language>en</Language>
  <Overview>Cyclops tears may heal Finn and Jake's broken toes.</Overview>
  <ProductionCode></ProductionCode>
  <Rating>7.0</Rating>
  <RatingCount>1</RatingCount>
  <SeasonNumber>3</SeasonNumber>
  <Writer></Writer>
  <absolute_number></absolute_number>
  <filename>episodes/152831/4131530.jpg</filename>
  <lastupdated>1327433810</lastupdated>
  <seasonid>466088</seasonid>
  <seriesid>152831</seriesid>
</Episode>
<Episode>
  <id>4131531</id>
  <Combined_episodenumber>12.2</Combined_episodenumber>
  <Combined_season>3</Combined_season>
  <DVD_chapter></DVD_chapter>
  <DVD_discid></DVD_discid>
  <DVD_episodenumber>12.2</DVD_episodenumber>
  <DVD_season>3</DVD_season>
  <Director></Director>
  <EpImgFlag>2</EpImgFlag>
  <EpisodeName>Ghost Princess</EpisodeName>
  <EpisodeNumber>24</EpisodeNumber>
  <FirstAired>2012-01-30</FirstAired>
  <GuestStars></GuestStars>
  <IMDB_ID></IMDB_ID>
  <Language>en</Language>
  <Overview>Finn and Jake play detective and try to solve Ghost Princess' murder.</Overview>
  <ProductionCode></ProductionCode>
  <Rating>8.0</Rating>
  <RatingCount>1</RatingCount>
  <SeasonNumber>3</SeasonNumber>
  <Writer></Writer>
  <absolute_number></absolute_number>
  <filename>episodes/152831/4131531.jpg</filename>
  <lastupdated>1327771939</lastupdated>
  <seasonid>466088</seasonid>
  <seriesid>152831</seriesid>
</Episode>
<Episode>
  <id>4131534</id>
  <Combined_episodenumber>13.2</Combined_episodenumber>
  <Combined_season>3</Combined_season>
  <DVD_chapter></DVD_chapter>
  <DVD_discid></DVD_discid>
  <DVD_episodenumber>13.2</DVD_episodenumber>
  <DVD_season>3</DVD_season>
  <Director></Director>
  <EpImgFlag>2</EpImgFlag>
  <EpisodeName>Dad's Dungeon</EpisodeName>
  <EpisodeNumber>25</EpisodeNumber>
  <FirstAired>2012-02-06</FirstAired>
  <GuestStars></GuestStars>
  <IMDB_ID></IMDB_ID>
  <Language>en</Language>
  <Overview>Jake's dad presents a strange challenge to the guys when he appears to them in a holographic message, telling them about a dungeon he made for them. </Overview>
  <ProductionCode></ProductionCode>
  <Rating>7.0</Rating>
  <RatingCount>1</RatingCount>
  <SeasonNumber>3</SeasonNumber>
  <Writer></Writer>
  <absolute_number></absolute_number>
  <filename>episodes/152831/4131534.jpg</filename>
  <lastupdated>1329108084</lastupdated>
  <seasonid>466088</seasonid>
  <seriesid>152831</seriesid>
</Episode>
<Episode>
  <id>4131533</id>
  <Combined_episodenumber>13.1</Combined_episodenumber>
  <Combined_season>3</Combined_season>
  <DVD_chapter></DVD_chapter>
  <DVD_discid></DVD_discid>
  <DVD_episodenumber>13.1</DVD_episodenumber>
  <DVD_season>3</DVD_season>
  <Director></Director>
  <EpImgFlag>3</EpImgFlag>
  <EpisodeName>Incendium</EpisodeName>
  <EpisodeNumber>26</EpisodeNumber>
  <FirstAired>2012-02-13</FirstAired>
  <GuestStars></GuestStars>
  <IMDB_ID></IMDB_ID>
  <Language>en</Language>
  <Overview>Jake embarks on a solo mission to help a broken-hearted Finn. </Overview>
  <ProductionCode></ProductionCode>
  <Rating>8.0</Rating>
  <RatingCount>1</RatingCount>
  <SeasonNumber>3</SeasonNumber>
  <Writer></Writer>
  <absolute_number></absolute_number>
  <filename>episodes/152831/4131533.jpg</filename>
  <lastupdated>1329778477</lastupdated>
  <seasonid>466088</seasonid>
  <seriesid>152831</seriesid>
</Episode>
<Episode>
  <id>4292143</id>
  <Combined_episodenumber>1</Combined_episodenumber>
  <Combined_season>4</Combined_season>
  <DVD_chapter></DVD_chapter>
  <DVD_discid></DVD_discid>
  <DVD_episodenumber></DVD_episodenumber>
  <DVD_season></DVD_season>
  <Director></Director>
  <EpImgFlag></EpImgFlag>
  <EpisodeName>Hot to the Touch</EpisodeName>
  <EpisodeNumber>1</EpisodeNumber>
  <FirstAired>2012-04-02</FirstAired>
  <GuestStars></GuestStars>
  <IMDB_ID></IMDB_ID>
  <Language>en</Language>
  <Overview>Finn develops a crush on Flame Princess and tries to get to know her, which proves difficult due to her destructive power.</Overview>
  <ProductionCode></ProductionCode>
  <Rating>8.5</Rating>
  <RatingCount>2</RatingCount>
  <SeasonNumber>4</SeasonNumber>
  <Writer></Writer>
  <absolute_number></absolute_number>
  <filename></filename>
  <lastupdated>1332519750</lastupdated>
  <seasonid>488359</seasonid>
  <seriesid>152831</seriesid>
</Episode>
<Episode>
  <id>4296787</id>
  <Combined_episodenumber>2</Combined_episodenumber>
  <Combined_season>4</Combined_season>
  <DVD_chapter></DVD_chapter>
  <DVD_discid></DVD_discid>
  <DVD_episodenumber></DVD_episodenumber>
  <DVD_season></DVD_season>
  <Director></Director>
  <EpImgFlag></EpImgFlag>
  <EpisodeName>Five Short Graybles</EpisodeName>
  <EpisodeNumber>2</EpisodeNumber>
  <FirstAired>2012-04-09</FirstAired>
  <GuestStars></GuestStars>
  <IMDB_ID></IMDB_ID>
  <Language>en</Language>
  <Overview>Follow as 5 stories intertwine together, can you find the connection?</Overview>
  <ProductionCode></ProductionCode>
  <Rating>8.0</Rating>
  <RatingCount>1</RatingCount>
  <SeasonNumber>4</SeasonNumber>
  <Writer></Writer>
  <absolute_number></absolute_number>
  <filename></filename>
  <lastupdated>1334027781</lastupdated>
  <seasonid>488359</seasonid>
  <seriesid>152831</seriesid>
</Episode>
<Episode>
  <id>4296788</id>
  <Combined_episodenumber>3</Combined_episodenumber>
  <Combined_season>4</Combined_season>
  <DVD_chapter></DVD_chapter>
  <DVD_discid></DVD_discid>
  <DVD_episodenumber></DVD_episodenumber>
  <DVD_season></DVD_season>
  <Director></Director>
  <EpImgFlag></EpImgFlag>
  <EpisodeName>Web Weirdos</EpisodeName>
  <EpisodeNumber>3</EpisodeNumber>
  <FirstAired>2012-04-16</FirstAired>
  <GuestStars></GuestStars>
  <IMDB_ID></IMDB_ID>
  <Language>en</Language>
  <Overview></Overview>
  <ProductionCode></ProductionCode>
  <Rating></Rating>
  <RatingCount>0</RatingCount>
  <SeasonNumber>4</SeasonNumber>
  <Writer></Writer>
  <absolute_number></absolute_number>
  <filename></filename>
  <lastupdated>1333238176</lastupdated>
  <seasonid>488359</seasonid>
  <seriesid>152831</seriesid>
</Episode>
<Episode>
  <id>4296789</id>
  <Combined_episodenumber>4</Combined_episodenumber>
  <Combined_season>4</Combined_season>
  <DVD_chapter></DVD_chapter>
  <DVD_discid></DVD_discid>
  <DVD_episodenumber></DVD_episodenumber>
  <DVD_season></DVD_season>
  <Director></Director>
  <EpImgFlag></EpImgFlag>
  <EpisodeName>Dream of Love</EpisodeName>
  <EpisodeNumber>4</EpisodeNumber>
  <FirstAired>2012-04-23</FirstAired>
  <GuestStars></GuestStars>
  <IMDB_ID></IMDB_ID>
  <Language>en</Language>
  <Overview></Overview>
  <ProductionCode></ProductionCode>
  <Rating></Rating>
  <RatingCount>0</RatingCount>
  <SeasonNumber>4</SeasonNumber>
  <Writer></Writer>
  <absolute_number></absolute_number>
  <filename></filename>
  <lastupdated>1333238188</lastupdated>
  <seasonid>488359</seasonid>
  <seriesid>152831</seriesid>
</Episode>
<Episode>
  <id>4296790</id>
  <Combined_episodenumber>5</Combined_episodenumber>
  <Combined_season>4</Combined_season>
  <DVD_chapter></DVD_chapter>
  <DVD_discid></DVD_discid>
  <DVD_episodenumber></DVD_episodenumber>
  <DVD_season></DVD_season>
  <Director></Director>
  <EpImgFlag></EpImgFlag>
  <EpisodeName>They Went to the Nightosphere</EpisodeName>
  <EpisodeNumber>5</EpisodeNumber>
  <FirstAired>2012-04-30</FirstAired>
  <GuestStars></GuestStars>
  <IMDB_ID></IMDB_ID>
  <Language>en</Language>
  <Overview></Overview>
  <ProductionCode></ProductionCode>
  <Rating></Rating>
  <RatingCount>0</RatingCount>
  <SeasonNumber>4</SeasonNumber>
  <Writer></Writer>
  <absolute_number></absolute_number>
  <filename></filename>
  <lastupdated>1334097144</lastupdated>
  <seasonid>488359</seasonid>
  <seriesid>152831</seriesid>
</Episode>
<Episode>
  <id>4296791</id>
  <Combined_episodenumber>6</Combined_episodenumber>
  <Combined_season>4</Combined_season>
  <DVD_chapter></DVD_chapter>
  <DVD_discid></DVD_discid>
  <DVD_episodenumber></DVD_episodenumber>
  <DVD_season></DVD_season>
  <Director></Director>
  <EpImgFlag></EpImgFlag>
  <EpisodeName>Daddy's Little Monster</EpisodeName>
  <EpisodeNumber>6</EpisodeNumber>
  <FirstAired>2012-04-30</FirstAired>
  <GuestStars></GuestStars>
  <IMDB_ID></IMDB_ID>
  <Language>en</Language>
  <Overview></Overview>
  <ProductionCode></ProductionCode>
  <Rating></Rating>
  <RatingCount>0</RatingCount>
  <SeasonNumber>4</SeasonNumber>
  <Writer></Writer>
  <absolute_number></absolute_number>
  <filename></filename>
  <lastupdated>1334097152</lastupdated>
  <seasonid>488359</seasonid>
  <seriesid>152831</seriesid>
</Episode>
</Data>