<?xml version="1.0" encoding="UTF-8" ?>
<Actors>
<Actor>
  <id>283082</id>
  <Image>actors/283082.jpg</Image>
  <Name>Patrick J. Adams</Name>
  <Role>Mike Ross</Role>
  <SortOrder>0</SortOrder>
</Actor>
<Actor>
  <id>283081</id>
  <Image>actors/283081.jpg</Image>
  <Name>Gabriel Macht</Name>
  <Role>Harvey Specter</Role>
  <SortOrder>0</SortOrder>
</Actor>
<Actor>
  <id>284276</id>
  <Image>actors/284276.jpg</Image>
  <Name>Gina Torres</Name>
  <Role>Jessica Pearson</Role>
  <SortOrder>1</SortOrder>
</Actor>
<Actor>
  <id>284277</id>
  <Image>actors/284277.jpg</Image>
  <Name>Meghan Markle</Name>
  <Role>Rachel Zane</Role>
  <SortOrder>2</SortOrder>
</Actor>
<Actor>
  <id>284278</id>
  <Image>actors/284278.jpg</Image>
  <Name>Rick Hoffman</Name>
  <Role>Louis Litt</Role>
  <SortOrder>3</SortOrder>
</Actor>
</Actors>