<?xml version="1.0" encoding="UTF-8" ?>
<Data><Series>
  <id>247808</id>
  <Actors>|Patrick J. Adams|Gabriel Macht|Gina Torres|Meghan Markle|Rick Hoffman|</Actors>
  <Airs_DayOfWeek>Thursday</Airs_DayOfWeek>
  <Airs_Time>10:00 pm</Airs_Time>
  <ContentRating>TV-14</ContentRating>
  <FirstAired>2011-06-23</FirstAired>
  <Genre>|Drama|</Genre>
  <IMDB_ID>tt1632701</IMDB_ID>
  <Language>en</Language>
  <Network>USA Network</Network>
  <NetworkID></NetworkID>
  <Overview>Suits follows college drop-out Mike Ross, who accidentally lands a job with one of New York's best legal closers, Harvey Specter. They soon become a winning team with Mike's raw talent and photographic memory, and Mike soon reminds Harvey of why he went into the field of law in the first place.</Overview>
  <Rating>9.0</Rating>
  <RatingCount>33</RatingCount>
  <Runtime>60</Runtime>
  <SeriesID>79071</SeriesID>
  <SeriesName>Suits</SeriesName>
  <Status>Continuing</Status>
  <added>2011-04-09 20:32:27</added>
  <addedBy>339921</addedBy>
  <banner>graphical/247808-g6.jpg</banner>
  <fanart>fanart/original/247808-3.jpg</fanart>
  <lastupdated>1334092756</lastupdated>
  <poster>posters/247808-4.jpg</poster>
  <zap2it_id>SH01407658</zap2it_id>
</Series>
<Episode>
  <id>4077754</id>
  <Combined_episodenumber>1</Combined_episodenumber>
  <Combined_season>1</Combined_season>
  <DVD_chapter></DVD_chapter>
  <DVD_discid></DVD_discid>
  <DVD_episodenumber></DVD_episodenumber>
  <DVD_season></DVD_season>
  <Director>Kevin Bray</Director>
  <EpImgFlag>2</EpImgFlag>
  <EpisodeName>Pilot</EpisodeName>
  <EpisodeNumber>1</EpisodeNumber>
  <FirstAired>2011-06-23</FirstAired>
  <GuestStars></GuestStars>
  <IMDB_ID></IMDB_ID>
  <Language>en</Language>
  <Overview>Harvey throws Mike his first case, a ''pro bono'' sexual harassment suit involving a CEO. But will Mike's need to raise twenty-five thousand dollars and his ''bad influence'' best friend get in his way? If Harvey is going to stay on top of his game, he'll have to keep Mike motivated and honest.

And the burning question....will Percy ever get out of the sleeping bag??</Overview>
  <ProductionCode>S101-75</ProductionCode>
  <Rating>8.1</Rating>
  <RatingCount>67</RatingCount>
  <SeasonNumber>1</SeasonNumber>
  <Writer>Aaron Korsh</Writer>
  <absolute_number></absolute_number>
  <filename>episodes/247808/4077754.jpg</filename>
  <lastupdated>1331887678</lastupdated>
  <seasonid>463443</seasonid>
  <seriesid>247808</seriesid>
</Episode>
<Episode>
  <id>4108880</id>
  <Combined_episodenumber>2</Combined_episodenumber>
  <Combined_season>1</Combined_season>
  <DVD_chapter></DVD_chapter>
  <DVD_discid></DVD_discid>
  <DVD_episodenumber></DVD_episodenumber>
  <DVD_season></DVD_season>
  <Director>John Scott</Director>
  <EpImgFlag>2</EpImgFlag>
  <EpisodeName>Errors and Omissions</EpisodeName>
  <EpisodeNumber>2</EpisodeNumber>
  <FirstAired>2011-06-30</FirstAired>
  <GuestStars></GuestStars>
  <IMDB_ID></IMDB_ID>
  <Language>en</Language>
  <Overview>Mike has an ethical dilemma when Louis forces him to make a decision that could hurt his relationship with Harvey. Elsewhere, Harvey's past comes back to haunt him during a case.</Overview>
  <ProductionCode>S102</ProductionCode>
  <Rating>8.0</Rating>
  <RatingCount>66</RatingCount>
  <SeasonNumber>1</SeasonNumber>
  <Writer>Sean Jablonski</Writer>
  <absolute_number></absolute_number>
  <filename>episodes/247808/4108880.jpg</filename>
  <lastupdated>1332074341</lastupdated>
  <seasonid>463443</seasonid>
  <seriesid>247808</seriesid>
</Episode>
<Episode>
  <id>4108881</id>
  <Combined_episodenumber>3</Combined_episodenumber>
  <Combined_season>1</Combined_season>
  <DVD_chapter></DVD_chapter>
  <DVD_discid></DVD_discid>
  <DVD_episodenumber></DVD_episodenumber>
  <DVD_season></DVD_season>
  <Director>Kevin Bray</Director>
  <EpImgFlag>2</EpImgFlag>
  <EpisodeName>Inside Track</EpisodeName>
  <EpisodeNumber>3</EpisodeNumber>
  <FirstAired>2011-07-07</FirstAired>
  <GuestStars></GuestStars>
  <IMDB_ID></IMDB_ID>
  <Language>en</Language>
  <Overview>Harvey goes rogue in order to fix a crisis with a client despite Jessica's desire to reign him in. Elsewhere, Mike turns to Rachel for guidance when he learns he'll be hosting a dinner for rookies, an important tradition at the firm.</Overview>
  <ProductionCode>S103</ProductionCode>
  <Rating>7.9</Rating>
  <RatingCount>59</RatingCount>
  <SeasonNumber>1</SeasonNumber>
  <Writer>Aaron Korsh</Writer>
  <absolute_number></absolute_number>
  <filename>episodes/247808/4108881.jpg</filename>
  <lastupdated>1332517843</lastupdated>
  <seasonid>463443</seasonid>
  <seriesid>247808</seriesid>
</Episode>
<Episode>
  <id>4118454</id>
  <Combined_episodenumber>4</Combined_episodenumber>
  <Combined_season>1</Combined_season>
  <DVD_chapter></DVD_chapter>
  <DVD_discid></DVD_discid>
  <DVD_episodenumber></DVD_episodenumber>
  <DVD_season></DVD_season>
  <Director>Dennie Gordon</Director>
  <EpImgFlag>2</EpImgFlag>
  <EpisodeName>Dirty Little Secrets</EpisodeName>
  <EpisodeNumber>4</EpisodeNumber>
  <FirstAired>2011-07-14</FirstAired>
  <GuestStars></GuestStars>
  <IMDB_ID></IMDB_ID>
  <Language>en</Language>
  <Overview>Harvey defends someone from Jessica's (Gina Torres) past. Meanwhile, Mike is assigned his first solo case, and his secret is almost discovered. </Overview>
  <ProductionCode>S104</ProductionCode>
  <Rating>7.8</Rating>
  <RatingCount>51</RatingCount>
  <SeasonNumber>1</SeasonNumber>
  <Writer>Jon Cowan</Writer>
  <absolute_number></absolute_number>
  <filename>episodes/247808/4118454.jpg</filename>
  <lastupdated>1333277980</lastupdated>
  <seasonid>463443</seasonid>
  <seriesid>247808</seriesid>
</Episode>
<Episode>
  <id>4118456</id>
  <Combined_episodenumber>5</Combined_episodenumber>
  <Combined_season>1</Combined_season>
  <DVD_chapter></DVD_chapter>
  <DVD_discid></DVD_discid>
  <DVD_episodenumber></DVD_episodenumber>
  <DVD_season></DVD_season>
  <Director>Kate Woods</Director>
  <EpImgFlag>2</EpImgFlag>
  <EpisodeName>Bail Out</EpisodeName>
  <EpisodeNumber>5</EpisodeNumber>
  <FirstAired>2011-07-21</FirstAired>
  <GuestStars></GuestStars>
  <IMDB_ID></IMDB_ID>
  <Language>en</Language>
  <Overview>Mike's life becomes complicated when an old friend reappears and needs his help. Harvey must decide between closing a multi-million dollar deal and helping his trusted driver defend himself against a law suit.</Overview>
  <ProductionCode>S105</ProductionCode>
  <Rating>7.9</Rating>
  <RatingCount>55</RatingCount>
  <SeasonNumber>1</SeasonNumber>
  <Writer>Ethan Drogin</Writer>
  <absolute_number></absolute_number>
  <filename>episodes/247808/4118456.jpg</filename>
  <lastupdated>1333277987</lastupdated>
  <seasonid>463443</seasonid>
  <seriesid>247808</seriesid>
</Episode>
<Episode>
  <id>4118458</id>
  <Combined_episodenumber>6</Combined_episodenumber>
  <Combined_season>1</Combined_season>
  <DVD_chapter></DVD_chapter>
  <DVD_discid></DVD_discid>
  <DVD_episodenumber></DVD_episodenumber>
  <DVD_season></DVD_season>
  <Director>Terry McDonough</Director>
  <EpImgFlag>7</EpImgFlag>
  <EpisodeName>Tricks of the Trade</EpisodeName>
  <EpisodeNumber>6</EpisodeNumber>
  <FirstAired>2011-07-28</FirstAired>
  <GuestStars></GuestStars>
  <IMDB_ID></IMDB_ID>
  <Language>en</Language>
  <Overview>The guys defend a woman falsely accused of insider trading. Elsewhere, Mike helps Rachel study for the LSAT and realizes she's close to discovering his secret.</Overview>
  <ProductionCode>S106</ProductionCode>
  <Rating>8.0</Rating>
  <RatingCount>55</RatingCount>
  <SeasonNumber>1</SeasonNumber>
  <Writer>Rick Muirragui</Writer>
  <absolute_number></absolute_number>
  <filename>episodes/247808/4118458.jpg</filename>
  <lastupdated>1331887762</lastupdated>
  <seasonid>463443</seasonid>
  <seriesid>247808</seriesid>
</Episode>
<Episode>
  <id>4129213</id>
  <Combined_episodenumber>7</Combined_episodenumber>
  <Combined_season>1</Combined_season>
  <DVD_chapter></DVD_chapter>
  <DVD_discid></DVD_discid>
  <DVD_episodenumber></DVD_episodenumber>
  <DVD_season></DVD_season>
  <Director>Tim Matheson</Director>
  <EpImgFlag>2</EpImgFlag>
  <EpisodeName>Play the Man</EpisodeName>
  <EpisodeNumber>7</EpisodeNumber>
  <FirstAired>2011-08-04</FirstAired>
  <GuestStars></GuestStars>
  <IMDB_ID></IMDB_ID>
  <Language>en</Language>
  <Overview>It's mock trial time at Pearson Hardman as Mike faces off against Louis' protege Devon. But the tension between Mike and Rachel threatens to torpedo his case.</Overview>
  <ProductionCode>S107</ProductionCode>
  <Rating>7.8</Rating>
  <RatingCount>50</RatingCount>
  <SeasonNumber>1</SeasonNumber>
  <Writer>Erica Lipez</Writer>
  <absolute_number></absolute_number>
  <filename>episodes/247808/4129213.jpg</filename>
  <lastupdated>1331396915</lastupdated>
  <seasonid>463443</seasonid>
  <seriesid>247808</seriesid>
</Episode>
<Episode>
  <id>4129214</id>
  <Combined_episodenumber>8</Combined_episodenumber>
  <Combined_season>1</Combined_season>
  <DVD_chapter></DVD_chapter>
  <DVD_discid></DVD_discid>
  <DVD_episodenumber></DVD_episodenumber>
  <DVD_season></DVD_season>
  <Director>Norberto Barba</Director>
  <EpImgFlag>2</EpImgFlag>
  <EpisodeName>Identity Crisis</EpisodeName>
  <EpisodeNumber>8</EpisodeNumber>
  <FirstAired>2011-08-11</FirstAired>
  <GuestStars></GuestStars>
  <IMDB_ID></IMDB_ID>
  <Language>en</Language>
  <Overview>Harvey and Louis are forced to work together to go after an investment firm that ripped off a nonprofit. But Louis, anxious to make a good impression, inadvertently hurts the case. Elsewhere, Mike tries to contain a modern-day Robin Hood whose actions are damaging a client's business.</Overview>
  <ProductionCode>S108</ProductionCode>
  <Rating>7.9</Rating>
  <RatingCount>43</RatingCount>
  <SeasonNumber>1</SeasonNumber>
  <Writer>Ethan Drogin</Writer>
  <absolute_number></absolute_number>
  <filename>episodes/247808/4129214.jpg</filename>
  <lastupdated>1331396924</lastupdated>
  <seasonid>463443</seasonid>
  <seriesid>247808</seriesid>
</Episode>
<Episode>
  <id>4129215</id>
  <Combined_episodenumber>9</Combined_episodenumber>
  <Combined_season>1</Combined_season>
  <DVD_chapter></DVD_chapter>
  <DVD_discid></DVD_discid>
  <DVD_episodenumber></DVD_episodenumber>
  <DVD_season></DVD_season>
  <Director>Felix Alcala</Director>
  <EpImgFlag>2</EpImgFlag>
  <EpisodeName>Undefeated</EpisodeName>
  <EpisodeNumber>9</EpisodeNumber>
  <FirstAired>2011-08-18</FirstAired>
  <GuestStars></GuestStars>
  <IMDB_ID></IMDB_ID>
  <Language>en</Language>
  <Overview>An undefeated lawyer's shady tactics keep him one step ahead of Harvey, who must decide if he's willing to compromise his ethics to win the case. Meanwhile, Mike must defend Rachel from accusations of treason.</Overview>
  <ProductionCode>S109</ProductionCode>
  <Rating>7.6</Rating>
  <RatingCount>44</RatingCount>
  <SeasonNumber>1</SeasonNumber>
  <Writer>Rick Muirragui</Writer>
  <absolute_number></absolute_number>
  <filename>episodes/247808/4129215.jpg</filename>
  <lastupdated>1331396935</lastupdated>
  <seasonid>463443</seasonid>
  <seriesid>247808</seriesid>
</Episode>
<Episode>
  <id>4138543</id>
  <Combined_episodenumber>10</Combined_episodenumber>
  <Combined_season>1</Combined_season>
  <DVD_chapter></DVD_chapter>
  <DVD_discid></DVD_discid>
  <DVD_episodenumber></DVD_episodenumber>
  <DVD_season></DVD_season>
  <Director>Jennifer Getzinger</Director>
  <EpImgFlag>7</EpImgFlag>
  <EpisodeName>The Shelf Life</EpisodeName>
  <EpisodeNumber>10</EpisodeNumber>
  <FirstAired>2011-08-25</FirstAired>
  <GuestStars></GuestStars>
  <IMDB_ID></IMDB_ID>
  <Language>en</Language>
  <Overview>Mike questions the firing of an executive, whom Harvey dismissed at the request of a client.</Overview>
  <ProductionCode>S110</ProductionCode>
  <Rating>8.0</Rating>
  <RatingCount>46</RatingCount>
  <SeasonNumber>1</SeasonNumber>
  <Writer>Sean Jablonski</Writer>
  <absolute_number></absolute_number>
  <filename>episodes/247808/4138543.jpg</filename>
  <lastupdated>1331396944</lastupdated>
  <seasonid>463443</seasonid>
  <seriesid>247808</seriesid>
</Episode>
<Episode>
  <id>4147478</id>
  <Combined_episodenumber>11</Combined_episodenumber>
  <Combined_season>1</Combined_season>
  <DVD_chapter></DVD_chapter>
  <DVD_discid></DVD_discid>
  <DVD_episodenumber></DVD_episodenumber>
  <DVD_season></DVD_season>
  <Director>Mike Smith</Director>
  <EpImgFlag>2</EpImgFlag>
  <EpisodeName>Rules of the Game</EpisodeName>
  <EpisodeNumber>11</EpisodeNumber>
  <FirstAired>2011-09-01</FirstAired>
  <GuestStars>Gary Cole</GuestStars>
  <IMDB_ID></IMDB_ID>
  <Language>en</Language>
  <Overview>Harvey's former mentor turns to his protégé when his office comes under investigation. Elsewhere, Mike and Louis try to settle a mogul's estate in the midst of family clashes; and Jenny worries that Mike is hiding something.</Overview>
  <ProductionCode>S111</ProductionCode>
  <Rating>7.9</Rating>
  <RatingCount>45</RatingCount>
  <SeasonNumber>1</SeasonNumber>
  <Writer>Jon Cowan</Writer>
  <absolute_number></absolute_number>
  <filename>episodes/247808/4147478.jpg</filename>
  <lastupdated>1331396959</lastupdated>
  <seasonid>463443</seasonid>
  <seriesid>247808</seriesid>
</Episode>
<Episode>
  <id>4147480</id>
  <Combined_episodenumber>12</Combined_episodenumber>
  <Combined_season>1</Combined_season>
  <DVD_chapter></DVD_chapter>
  <DVD_discid></DVD_discid>
  <DVD_episodenumber></DVD_episodenumber>
  <DVD_season></DVD_season>
  <Director>Kevin Bray</Director>
  <EpImgFlag>7</EpImgFlag>
  <EpisodeName>Dog Fight</EpisodeName>
  <EpisodeNumber>12</EpisodeNumber>
  <FirstAired>2011-09-08</FirstAired>
  <GuestStars></GuestStars>
  <IMDB_ID></IMDB_ID>
  <Language>en</Language>
  <Overview>In the season finale, Harvey tries to free an innocent man but hits a wall when he goes to the district attorney, who seems more focused on preserving the system than seeking justice. Elsewhere, Trevor causes problems for Mike when he shows up on his doorstep.</Overview>
  <ProductionCode>S112</ProductionCode>
  <Rating>8.2</Rating>
  <RatingCount>39</RatingCount>
  <SeasonNumber>1</SeasonNumber>
  <Writer>Aaron Korsh</Writer>
  <absolute_number></absolute_number>
  <filename>episodes/247808/4147480.jpg</filename>
  <lastupdated>1331396968</lastupdated>
  <seasonid>463443</seasonid>
  <seriesid>247808</seriesid>
</Episode>
<Episode>
  <id>4279841</id>
  <Combined_episodenumber>1</Combined_episodenumber>
  <Combined_season>2</Combined_season>
  <DVD_chapter></DVD_chapter>
  <DVD_discid></DVD_discid>
  <DVD_episodenumber></DVD_episodenumber>
  <DVD_season></DVD_season>
  <Director></Director>
  <EpImgFlag></EpImgFlag>
  <EpisodeName>TBA</EpisodeName>
  <EpisodeNumber>1</EpisodeNumber>
  <FirstAired>2012-07-16</FirstAired>
  <GuestStars></GuestStars>
  <IMDB_ID></IMDB_ID>
  <Language>en</Language>
  <Overview></Overview>
  <ProductionCode></ProductionCode>
  <Rating></Rating>
  <RatingCount>0</RatingCount>
  <SeasonNumber>2</SeasonNumber>
  <Writer></Writer>
  <absolute_number></absolute_number>
  <filename></filename>
  <lastupdated>1330969958</lastupdated>
  <seasonid>486857</seasonid>
  <seriesid>247808</seriesid>
</Episode>
</Data>