<?xml version="1.0" encoding="UTF-8" ?>
<Actors>
<Actor>
  <id>284670</id>
  <Image>actors/284670.jpg</Image>
  <Name>Peter Dinklage</Name>
  <Role>Tyrion Lannister</Role>
  <SortOrder>0</SortOrder>
</Actor>
<Actor>
  <id>284354</id>
  <Image>actors/284354.jpg</Image>
  <Name>Kit Harington</Name>
  <Role>Jon Snow</Role>
  <SortOrder>1</SortOrder>
</Actor>
<Actor>
  <id>120801</id>
  <Image>actors/120801.jpg</Image>
  <Name>Lena Headey</Name>
  <Role>Cersei Lannister</Role>
  <SortOrder>1</SortOrder>
</Actor>
<Actor>
  <id>120791</id>
  <Image>actors/120791.jpg</Image>
  <Name>Nikolaj Coster-Waldau</Name>
  <Role>Jamie Lannister</Role>
  <SortOrder>1</SortOrder>
</Actor>
<Actor>
  <id>284667</id>
  <Image>actors/284667.jpg</Image>
  <Name>Richard Madden</Name>
  <Role>Robb Stark</Role>
  <SortOrder>2</SortOrder>
</Actor>
<Actor>
  <id>284665</id>
  <Image>actors/284665.jpg</Image>
  <Name>Maisie Williams</Name>
  <Role>Arya Stark</Role>
  <SortOrder>2</SortOrder>
</Actor>
<Actor>
  <id>224041</id>
  <Image>actors/224041.jpg</Image>
  <Name>Emilia Clarke</Name>
  <Role>Daenerys Targaryen</Role>
  <SortOrder>2</SortOrder>
</Actor>
<Actor>
  <id>120821</id>
  <Image>actors/120821.jpg</Image>
  <Name>Michelle Fairley</Name>
  <Role>Catelyn Stark</Role>
  <SortOrder>2</SortOrder>
</Actor>
<Actor>
  <id>287005</id>
  <Image>actors/287005.jpg</Image>
  <Name>Conleth Hill</Name>
  <Role>Lord Varys</Role>
  <SortOrder>3</SortOrder>
</Actor>
<Actor>
  <id>284669</id>
  <Image>actors/284669.jpg</Image>
  <Name>Sophie Turner</Name>
  <Role>Sansa Stark</Role>
  <SortOrder>3</SortOrder>
</Actor>
<Actor>
  <id>284668</id>
  <Image>actors/284668.jpg</Image>
  <Name>Rory McCann</Name>
  <Role>Sandor &quot;The Hound&quot; Clegane</Role>
  <SortOrder>3</SortOrder>
</Actor>
<Actor>
  <id>284666</id>
  <Image>actors/284666.jpg</Image>
  <Name>Mark Addy</Name>
  <Role>King Robert Baratheon</Role>
  <SortOrder>3</SortOrder>
</Actor>
<Actor>
  <id>284664</id>
  <Image>actors/284664.jpg</Image>
  <Name>Jack Gleeson</Name>
  <Role>Prince Joffrey Baratheon</Role>
  <SortOrder>3</SortOrder>
</Actor>
<Actor>
  <id>284663</id>
  <Image>actors/284663.jpg</Image>
  <Name>Iain Glen</Name>
  <Role>Ser Jorah Mormont</Role>
  <SortOrder>3</SortOrder>
</Actor>
<Actor>
  <id>284662</id>
  <Image>actors/284662.jpg</Image>
  <Name>Alfie Allen</Name>
  <Role>Theon Greyjoy</Role>
  <SortOrder>3</SortOrder>
</Actor>
<Actor>
  <id>284661</id>
  <Image>actors/284661.jpg</Image>
  <Name>Aidan Gillen</Name>
  <Role>Petyr &quot;Littlefinger&quot; Baelish</Role>
  <SortOrder>3</SortOrder>
</Actor>
<Actor>
  <id>284356</id>
  <Image>actors/284356.jpg</Image>
  <Name>Harry Lloyd</Name>
  <Role>Viserys Targaryen</Role>
  <SortOrder>3</SortOrder>
</Actor>
<Actor>
  <id>284355</id>
  <Image>actors/284355.jpg</Image>
  <Name>Isaac Hempstead-Wright</Name>
  <Role>Bran Stark</Role>
  <SortOrder>3</SortOrder>
</Actor>
<Actor>
  <id>284353</id>
  <Image>actors/284353.jpg</Image>
  <Name>Jason Momoa</Name>
  <Role>Khal Drogo</Role>
  <SortOrder>3</SortOrder>
</Actor>
<Actor>
  <id>120781</id>
  <Image>actors/120781.jpg</Image>
  <Name>Sean Bean</Name>
  <Role>Eddard &quot;Ned&quot; Stark</Role>
  <SortOrder>3</SortOrder>
</Actor>
</Actors>