<?xml version="1.0" encoding="UTF-8" ?>
<Banners>
<Banner>
  <id>858638</id>
  <BannerPath>fanart/original/121361-15.jpg</BannerPath>
  <BannerType>fanart</BannerType>
  <BannerType2>1920x1080</BannerType2>
  <Colors>|206,210,222|27,27,27|75,80,86|</Colors>
  <Language>en</Language>
  <Rating>7.8235</Rating>
  <RatingCount>34</RatingCount>
  <SeriesName>false</SeriesName>
  <ThumbnailPath>_cache/fanart/original/121361-15.jpg</ThumbnailPath>
  <VignettePath>fanart/vignette/121361-15.jpg</VignettePath>
</Banner>
<Banner>
  <id>900071</id>
  <BannerPath>fanart/original/121361-14.jpg</BannerPath>
  <BannerType>fanart</BannerType>
  <BannerType2>1920x1080</BannerType2>
  <Colors>|222,178,133|57,39,29|143,103,77|</Colors>
  <Language>en</Language>
  <Rating>7.6667</Rating>
  <RatingCount>6</RatingCount>
  <SeriesName>false</SeriesName>
  <ThumbnailPath>_cache/fanart/original/121361-14.jpg</ThumbnailPath>
  <VignettePath>fanart/vignette/121361-14.jpg</VignettePath>
</Banner>
<Banner>
  <id>864344</id>
  <BannerPath>fanart/original/121361-19.jpg</BannerPath>
  <BannerType>fanart</BannerType>
  <BannerType2>1920x1080</BannerType2>
  <Colors>|254,255,198|86,90,91|201,188,109|</Colors>
  <Language>en</Language>
  <Rating>6.7619</Rating>
  <RatingCount>21</RatingCount>
  <SeriesName>false</SeriesName>
  <ThumbnailPath>_cache/fanart/original/121361-19.jpg</ThumbnailPath>
  <VignettePath>fanart/vignette/121361-19.jpg</VignettePath>
</Banner>
<Banner>
  <id>888172</id>
  <BannerPath>fanart/original/121361-20.jpg</BannerPath>
  <BannerType>fanart</BannerType>
  <BannerType2>1920x1080</BannerType2>
  <Colors>|1,1,1|216,196,172|239,212,205|</Colors>
  <Language>fr</Language>
  <Rating>5.8000</Rating>
  <RatingCount>5</RatingCount>
  <SeriesName>false</SeriesName>
  <ThumbnailPath>_cache/fanart/original/121361-20.jpg</ThumbnailPath>
  <VignettePath>fanart/vignette/121361-20.jpg</VignettePath>
</Banner>
<Banner>
  <id>864398</id>
  <BannerPath>fanart/original/121361-6.jpg</BannerPath>
  <BannerType>fanart</BannerType>
  <BannerType2>1280x720</BannerType2>
  <Colors>|251,251,249|23,19,16|234,223,217|</Colors>
  <Language>en</Language>
  <Rating>5.7143</Rating>
  <RatingCount>14</RatingCount>
  <SeriesName>false</SeriesName>
  <ThumbnailPath>_cache/fanart/original/121361-6.jpg</ThumbnailPath>
  <VignettePath>fanart/vignette/121361-6.jpg</VignettePath>
</Banner>
<Banner>
  <id>864087</id>
  <BannerPath>fanart/original/121361-25.jpg</BannerPath>
  <BannerType>fanart</BannerType>
  <BannerType2>1920x1080</BannerType2>
  <Colors>|247,247,247|43,39,28|200,174,137|</Colors>
  <Language>en</Language>
  <Rating>5.6000</Rating>
  <RatingCount>10</RatingCount>
  <SeriesName>false</SeriesName>
  <ThumbnailPath>_cache/fanart/original/121361-25.jpg</ThumbnailPath>
  <VignettePath>fanart/vignette/121361-25.jpg</VignettePath>
</Banner>
<Banner>
  <id>700371</id>
  <BannerPath>fanart/original/121361-3.jpg</BannerPath>
  <BannerType>fanart</BannerType>
  <BannerType2>1280x720</BannerType2>
  <Colors>|228,232,235|15,16,18|71,75,78|</Colors>
  <Language>en</Language>
  <Rating>5.4000</Rating>
  <RatingCount>20</RatingCount>
  <SeriesName>true</SeriesName>
  <ThumbnailPath>_cache/fanart/original/121361-3.jpg</ThumbnailPath>
  <VignettePath>fanart/vignette/121361-3.jpg</VignettePath>
</Banner>
<Banner>
  <id>844741</id>
  <BannerPath>fanart/original/121361-8.jpg</BannerPath>
  <BannerType>fanart</BannerType>
  <BannerType2>1920x1080</BannerType2>
  <Colors>|197,229,254|24,34,33|136,168,193|</Colors>
  <Language>en</Language>
  <Rating>5.3333</Rating>
  <RatingCount>15</RatingCount>
  <SeriesName>false</SeriesName>
  <ThumbnailPath>_cache/fanart/original/121361-8.jpg</ThumbnailPath>
  <VignettePath>fanart/vignette/121361-8.jpg</VignettePath>
</Banner>
<Banner>
  <id>860026</id>
  <BannerPath>fanart/original/121361-16.jpg</BannerPath>
  <BannerType>fanart</BannerType>
  <BannerType2>1280x720</BannerType2>
  <Colors>|0,1,2|3,4,8|44,9,7|</Colors>
  <Language>en</Language>
  <Rating>5.2857</Rating>
  <RatingCount>21</RatingCount>
  <SeriesName>false</SeriesName>
  <ThumbnailPath>_cache/fanart/original/121361-16.jpg</ThumbnailPath>
  <VignettePath>fanart/vignette/121361-16.jpg</VignettePath>
</Banner>
<Banner>
  <id>700391</id>
  <BannerPath>fanart/original/121361-4.jpg</BannerPath>
  <BannerType>fanart</BannerType>
  <BannerType2>1920x1080</BannerType2>
  <Colors>|202,202,204|21,21,21|96,92,80|</Colors>
  <Language>en</Language>
  <Rating>5.2500</Rating>
  <RatingCount>20</RatingCount>
  <SeriesName>true</SeriesName>
  <ThumbnailPath>_cache/fanart/original/121361-4.jpg</ThumbnailPath>
  <VignettePath>fanart/vignette/121361-4.jpg</VignettePath>
</Banner>
<Banner>
  <id>864081</id>
  <BannerPath>fanart/original/121361-21.jpg</BannerPath>
  <BannerType>fanart</BannerType>
  <BannerType2>1920x1080</BannerType2>
  <Colors>|165,166,161|29,29,31|58,57,62|</Colors>
  <Language>en</Language>
  <Rating>5.2500</Rating>
  <RatingCount>8</RatingCount>
  <SeriesName>false</SeriesName>
  <ThumbnailPath>_cache/fanart/original/121361-21.jpg</ThumbnailPath>
  <VignettePath>fanart/vignette/121361-21.jpg</VignettePath>
</Banner>
<Banner>
  <id>864092</id>
  <BannerPath>fanart/original/121361-28.jpg</BannerPath>
  <BannerType>fanart</BannerType>
  <BannerType2>1920x1080</BannerType2>
  <Colors>|255,255,255|32,28,25|123,124,84|</Colors>
  <Language>en</Language>
  <Rating>5.1000</Rating>
  <RatingCount>10</RatingCount>
  <SeriesName>false</SeriesName>
  <ThumbnailPath>_cache/fanart/original/121361-28.jpg</ThumbnailPath>
  <VignettePath>fanart/vignette/121361-28.jpg</VignettePath>
</Banner>
<Banner>
  <id>689801</id>
  <BannerPath>fanart/original/121361-1.jpg</BannerPath>
  <BannerType>fanart</BannerType>
  <BannerType2>1920x1080</BannerType2>
  <Colors>|215,212,207|23,19,16|114,106,103|</Colors>
  <Language>de</Language>
  <Rating>5.0870</Rating>
  <RatingCount>23</RatingCount>
  <SeriesName>false</SeriesName>
  <ThumbnailPath>_cache/fanart/original/121361-1.jpg</ThumbnailPath>
  <VignettePath>fanart/vignette/121361-1.jpg</VignettePath>
</Banner>
<Banner>
  <id>862299</id>
  <BannerPath>fanart/original/121361-18.jpg</BannerPath>
  <BannerType>fanart</BannerType>
  <BannerType2>1280x720</BannerType2>
  <Colors>|235,242,252|86,71,48|209,178,147|</Colors>
  <Language>en</Language>
  <Rating>5.0000</Rating>
  <RatingCount>8</RatingCount>
  <SeriesName>false</SeriesName>
  <ThumbnailPath>_cache/fanart/original/121361-18.jpg</ThumbnailPath>
  <VignettePath>fanart/vignette/121361-18.jpg</VignettePath>
</Banner>
<Banner>
  <id>700421</id>
  <BannerPath>fanart/original/121361-7.jpg</BannerPath>
  <BannerType>fanart</BannerType>
  <BannerType2>1920x1080</BannerType2>
  <Colors>|225,236,242|18,18,18|144,174,212|</Colors>
  <Language>en</Language>
  <Rating>4.9231</Rating>
  <RatingCount>13</RatingCount>
  <SeriesName>false</SeriesName>
  <ThumbnailPath>_cache/fanart/original/121361-7.jpg</ThumbnailPath>
  <VignettePath>fanart/vignette/121361-7.jpg</VignettePath>
</Banner>
<Banner>
  <id>856201</id>
  <BannerPath>fanart/original/121361-10.jpg</BannerPath>
  <BannerType>fanart</BannerType>
  <BannerType2>1920x1080</BannerType2>
  <Colors>|229,233,236|12,4,2|142,123,109|</Colors>
  <Language>en</Language>
  <Rating>4.9091</Rating>
  <RatingCount>11</RatingCount>
  <SeriesName>false</SeriesName>
  <ThumbnailPath>_cache/fanart/original/121361-10.jpg</ThumbnailPath>
  <VignettePath>fanart/vignette/121361-10.jpg</VignettePath>
</Banner>
<Banner>
  <id>864084</id>
  <BannerPath>fanart/original/121361-23.jpg</BannerPath>
  <BannerType>fanart</BannerType>
  <BannerType2>1920x1080</BannerType2>
  <Colors>|248,248,248|0,3,2|72,94,118|</Colors>
  <Language>en</Language>
  <Rating>4.7500</Rating>
  <RatingCount>8</RatingCount>
  <SeriesName>false</SeriesName>
  <ThumbnailPath>_cache/fanart/original/121361-23.jpg</ThumbnailPath>
  <VignettePath>fanart/vignette/121361-23.jpg</VignettePath>
</Banner>
<Banner>
  <id>856251</id>
  <BannerPath>fanart/original/121361-12.jpg</BannerPath>
  <BannerType>fanart</BannerType>
  <BannerType2>1920x1080</BannerType2>
  <Colors>|216,217,212|21,18,25|116,144,44|</Colors>
  <Language>en</Language>
  <Rating>4.7333</Rating>
  <RatingCount>15</RatingCount>
  <SeriesName>false</SeriesName>
  <ThumbnailPath>_cache/fanart/original/121361-12.jpg</ThumbnailPath>
  <VignettePath>fanart/vignette/121361-12.jpg</VignettePath>
</Banner>
<Banner>
  <id>700541</id>
  <BannerPath>fanart/original/121361-9.jpg</BannerPath>
  <BannerType>fanart</BannerType>
  <BannerType2>1920x1080</BannerType2>
  <Colors>|238,238,228|9,6,1|136,118,70|</Colors>
  <Language>en</Language>
  <Rating>4.7143</Rating>
  <RatingCount>14</RatingCount>
  <SeriesName>false</SeriesName>
  <ThumbnailPath>_cache/fanart/original/121361-9.jpg</ThumbnailPath>
  <VignettePath>fanart/vignette/121361-9.jpg</VignettePath>
</Banner>
<Banner>
  <id>700401</id>
  <BannerPath>fanart/original/121361-5.jpg</BannerPath>
  <BannerType>fanart</BannerType>
  <BannerType2>1280x720</BannerType2>
  <Colors>|180,180,182|40,40,40|107,104,87|</Colors>
  <Language>en</Language>
  <Rating>4.5000</Rating>
  <RatingCount>12</RatingCount>
  <SeriesName>false</SeriesName>
  <ThumbnailPath>_cache/fanart/original/121361-5.jpg</ThumbnailPath>
  <VignettePath>fanart/vignette/121361-5.jpg</VignettePath>
</Banner>
<Banner>
  <id>856211</id>
  <BannerPath>fanart/original/121361-11.jpg</BannerPath>
  <BannerType>fanart</BannerType>
  <BannerType2>1920x1080</BannerType2>
  <Colors>|242,241,239|5,4,9|151,125,110|</Colors>
  <Language>en</Language>
  <Rating>4.2500</Rating>
  <RatingCount>8</RatingCount>
  <SeriesName>false</SeriesName>
  <ThumbnailPath>_cache/fanart/original/121361-11.jpg</ThumbnailPath>
  <VignettePath>fanart/vignette/121361-11.jpg</VignettePath>
</Banner>
<Banner>
  <id>864094</id>
  <BannerPath>fanart/original/121361-29.jpg</BannerPath>
  <BannerType>fanart</BannerType>
  <BannerType2>1920x1080</BannerType2>
  <Colors>|255,255,253|59,52,36|240,185,164|</Colors>
  <Language>en</Language>
  <Rating>4.0000</Rating>
  <RatingCount>9</RatingCount>
  <SeriesName>false</SeriesName>
  <ThumbnailPath>_cache/fanart/original/121361-29.jpg</ThumbnailPath>
  <VignettePath>fanart/vignette/121361-29.jpg</VignettePath>
</Banner>
<Banner>
  <id>864090</id>
  <BannerPath>fanart/original/121361-27.jpg</BannerPath>
  <BannerType>fanart</BannerType>
  <BannerType2>1920x1080</BannerType2>
  <Colors>|200,216,231|68,33,37|141,144,127|</Colors>
  <Language>en</Language>
  <Rating>4.0000</Rating>
  <RatingCount>7</RatingCount>
  <SeriesName>false</SeriesName>
  <ThumbnailPath>_cache/fanart/original/121361-27.jpg</ThumbnailPath>
  <VignettePath>fanart/vignette/121361-27.jpg</VignettePath>
</Banner>
<Banner>
  <id>862298</id>
  <BannerPath>fanart/original/121361-17.jpg</BannerPath>
  <BannerType>fanart</BannerType>
  <BannerType2>1280x720</BannerType2>
  <Colors>|254,255,250|100,95,101|204,156,120|</Colors>
  <Language>en</Language>
  <Rating>3.8889</Rating>
  <RatingCount>9</RatingCount>
  <SeriesName>false</SeriesName>
  <ThumbnailPath>_cache/fanart/original/121361-17.jpg</ThumbnailPath>
  <VignettePath>fanart/vignette/121361-17.jpg</VignettePath>
</Banner>
<Banner>
  <id>858175</id>
  <BannerPath>fanart/original/121361-13.jpg</BannerPath>
  <BannerType>fanart</BannerType>
  <BannerType2>1920x1080</BannerType2>
  <Colors>|205,206,210|33,13,12|138,160,75|</Colors>
  <Language>en</Language>
  <Rating>3.6667</Rating>
  <RatingCount>12</RatingCount>
  <SeriesName>false</SeriesName>
  <ThumbnailPath>_cache/fanart/original/121361-13.jpg</ThumbnailPath>
  <VignettePath>fanart/vignette/121361-13.jpg</VignettePath>
</Banner>
<Banner>
  <id>700361</id>
  <BannerPath>fanart/original/121361-2.jpg</BannerPath>
  <BannerType>fanart</BannerType>
  <BannerType2>1280x720</BannerType2>
  <Colors>|239,220,206|2,4,45|167,131,109|</Colors>
  <Language>en</Language>
  <Rating>3.5556</Rating>
  <RatingCount>18</RatingCount>
  <SeriesName>true</SeriesName>
  <ThumbnailPath>_cache/fanart/original/121361-2.jpg</ThumbnailPath>
  <VignettePath>fanart/vignette/121361-2.jpg</VignettePath>
</Banner>
<Banner>
  <id>833691</id>
  <BannerPath>posters/121361-4.jpg</BannerPath>
  <BannerType>poster</BannerType>
  <BannerType2>680x1000</BannerType2>
  <Language>en</Language>
  <Rating>8.3214</Rating>
  <RatingCount>28</RatingCount>
</Banner>
<Banner>
  <id>902122</id>
  <BannerPath>posters/121361-3.jpg</BannerPath>
  <BannerType>poster</BannerType>
  <BannerType2>680x1000</BannerType2>
  <Language>en</Language>
  <Rating>7.6250</Rating>
  <RatingCount>8</RatingCount>
</Banner>
<Banner>
  <id>892353</id>
  <BannerPath>posters/121361-13.jpg</BannerPath>
  <BannerType>poster</BannerType>
  <BannerType2>680x1000</BannerType2>
  <Language>en</Language>
  <Rating>7.4286</Rating>
  <RatingCount>7</RatingCount>
</Banner>
<Banner>
  <id>856231</id>
  <BannerPath>posters/121361-5.jpg</BannerPath>
  <BannerType>poster</BannerType>
  <BannerType2>680x1000</BannerType2>
  <Language>en</Language>
  <Rating>7.2000</Rating>
  <RatingCount>10</RatingCount>
</Banner>
<Banner>
  <id>700471</id>
  <BannerPath>posters/121361-1.jpg</BannerPath>
  <BannerType>poster</BannerType>
  <BannerType2>680x1000</BannerType2>
  <Language>en</Language>
  <Rating>6.6364</Rating>
  <RatingCount>11</RatingCount>
</Banner>
<Banner>
  <id>700481</id>
  <BannerPath>posters/121361-2.jpg</BannerPath>
  <BannerType>poster</BannerType>
  <BannerType2>680x1000</BannerType2>
  <Language>en</Language>
  <Rating>5.9231</Rating>
  <RatingCount>13</RatingCount>
</Banner>
<Banner>
  <id>856241</id>
  <BannerPath>posters/121361-6.jpg</BannerPath>
  <BannerType>poster</BannerType>
  <BannerType2>680x1000</BannerType2>
  <Language>en</Language>
  <Rating>5.7143</Rating>
  <RatingCount>14</RatingCount>
</Banner>
<Banner>
  <id>882491</id>
  <BannerPath>posters/121361-9.jpg</BannerPath>
  <BannerType>poster</BannerType>
  <BannerType2>680x1000</BannerType2>
  <Language>en</Language>
  <Rating>5.6667</Rating>
  <RatingCount>3</RatingCount>
</Banner>
<Banner>
  <id>897984</id>
  <BannerPath>posters/121361-8.jpg</BannerPath>
  <BannerType>poster</BannerType>
  <BannerType2>680x1000</BannerType2>
  <Language>en</Language>
  <Rating>5.5000</Rating>
  <RatingCount>2</RatingCount>
</Banner>
<Banner>
  <id>891760</id>
  <BannerPath>posters/121361-12.jpg</BannerPath>
  <BannerType>poster</BannerType>
  <BannerType2>680x1000</BannerType2>
  <Language>en</Language>
  <Rating>5.5000</Rating>
  <RatingCount>2</RatingCount>
</Banner>
<Banner>
  <id>897985</id>
  <BannerPath>posters/121361-14.jpg</BannerPath>
  <BannerType>poster</BannerType>
  <BannerType2>680x1000</BannerType2>
  <Language>en</Language>
  <Rating>5.0000</Rating>
  <RatingCount>2</RatingCount>
</Banner>
<Banner>
  <id>898728</id>
  <BannerPath>posters/121361-15.jpg</BannerPath>
  <BannerType>poster</BannerType>
  <BannerType2>680x1000</BannerType2>
  <Language>en</Language>
  <Rating>5.0000</Rating>
  <RatingCount>5</RatingCount>
</Banner>
<Banner>
  <id>888174</id>
  <BannerPath>posters/121361-10.jpg</BannerPath>
  <BannerType>poster</BannerType>
  <BannerType2>680x1000</BannerType2>
  <Language>en</Language>
  <Rating>4.5000</Rating>
  <RatingCount>4</RatingCount>
</Banner>
<Banner>
  <id>888175</id>
  <BannerPath>posters/121361-11.jpg</BannerPath>
  <BannerType>poster</BannerType>
  <BannerType2>680x1000</BannerType2>
  <Language>en</Language>
  <Rating>4.2500</Rating>
  <RatingCount>4</RatingCount>
</Banner>
<Banner>
  <id>858698</id>
  <BannerPath>posters/121361-7.jpg</BannerPath>
  <BannerType>poster</BannerType>
  <BannerType2>680x1000</BannerType2>
  <Language>en</Language>
  <Rating>2.1250</Rating>
  <RatingCount>8</RatingCount>
</Banner>
<Banner>
  <id>904298</id>
  <BannerPath>seasons/121361-2-9.jpg</BannerPath>
  <BannerType>season</BannerType>
  <BannerType2>season</BannerType2>
  <Language>en</Language>
  <Rating>10.0000</Rating>
  <RatingCount>1</RatingCount>
  <Season>2</Season>
</Banner>
<Banner>
  <id>904297</id>
  <BannerPath>seasons/121361-1-7.jpg</BannerPath>
  <BannerType>season</BannerType>
  <BannerType2>season</BannerType2>
  <Language>en</Language>
  <Rating>10.0000</Rating>
  <RatingCount>1</RatingCount>
  <Season>1</Season>
</Banner>
<Banner>
  <id>896654</id>
  <BannerPath>seasons/121361-0-2.jpg</BannerPath>
  <BannerType>season</BannerType>
  <BannerType2>season</BannerType2>
  <Language>en</Language>
  <Rating>10.0000</Rating>
  <RatingCount>4</RatingCount>
  <Season>0</Season>
</Banner>
<Banner>
  <id>902012</id>
  <BannerPath>seasons/121361-3.jpg</BannerPath>
  <BannerType>season</BannerType>
  <BannerType2>season</BannerType2>
  <Language>en</Language>
  <Rating>9.7500</Rating>
  <RatingCount>4</RatingCount>
  <Season>3</Season>
</Banner>
<Banner>
  <id>896574</id>
  <BannerPath>seasons/121361-2.jpg</BannerPath>
  <BannerType>season</BannerType>
  <BannerType2>season</BannerType2>
  <Language>en</Language>
  <Rating>9.2000</Rating>
  <RatingCount>10</RatingCount>
  <Season>2</Season>
</Banner>
<Banner>
  <id>896579</id>
  <BannerPath>seasons/121361-1-6.jpg</BannerPath>
  <BannerType>season</BannerType>
  <BannerType2>season</BannerType2>
  <Language>en</Language>
  <Rating>9.2000</Rating>
  <RatingCount>10</RatingCount>
  <Season>1</Season>
</Banner>
<Banner>
  <id>894709</id>
  <BannerPath>seasons/121361-1-5.jpg</BannerPath>
  <BannerType>season</BannerType>
  <BannerType2>season</BannerType2>
  <Language>en</Language>
  <Rating>7.3333</Rating>
  <RatingCount>6</RatingCount>
  <Season>1</Season>
</Banner>
<Banner>
  <id>899459</id>
  <BannerPath>seasons/121361-0-4.jpg</BannerPath>
  <BannerType>season</BannerType>
  <BannerType2>season</BannerType2>
  <Language>en</Language>
  <Rating>7.0000</Rating>
  <RatingCount>3</RatingCount>
  <Season>0</Season>
</Banner>
<Banner>
  <id>899329</id>
  <BannerPath>seasons/121361-2-4.jpg</BannerPath>
  <BannerType>season</BannerType>
  <BannerType2>season</BannerType2>
  <Language>en</Language>
  <Rating>7.0000</Rating>
  <RatingCount>3</RatingCount>
  <Season>2</Season>
</Banner>
<Banner>
  <id>858223</id>
  <BannerPath>seasons/121361-1-3.jpg</BannerPath>
  <BannerType>season</BannerType>
  <BannerType2>season</BannerType2>
  <Language>en</Language>
  <Rating>6.5833</Rating>
  <RatingCount>12</RatingCount>
  <Season>1</Season>
</Banner>
<Banner>
  <id>903041</id>
  <BannerPath>seasons/121361-2-7.jpg</BannerPath>
  <BannerType>season</BannerType>
  <BannerType2>season</BannerType2>
  <Language>en</Language>
  <Rating>4.0000</Rating>
  <RatingCount>5</RatingCount>
  <Season>2</Season>
</Banner>
<Banner>
  <id>903025</id>
  <BannerPath>seasons/121361-2-2.jpg</BannerPath>
  <BannerType>season</BannerType>
  <BannerType2>season</BannerType2>
  <Language>en</Language>
  <Rating>4.0000</Rating>
  <RatingCount>3</RatingCount>
  <Season>2</Season>
</Banner>
<Banner>
  <id>887275</id>
  <BannerPath>seasons/121361-1-2.jpg</BannerPath>
  <BannerType>season</BannerType>
  <BannerType2>season</BannerType2>
  <Language>en</Language>
  <Rating>4.0000</Rating>
  <RatingCount>3</RatingCount>
  <Season>1</Season>
</Banner>
<Banner>
  <id>903026</id>
  <BannerPath>seasons/121361-2-3.jpg</BannerPath>
  <BannerType>season</BannerType>
  <BannerType2>season</BannerType2>
  <Language>en</Language>
  <Rating>3.6667</Rating>
  <RatingCount>3</RatingCount>
  <Season>2</Season>
</Banner>
<Banner>
  <id>899353</id>
  <BannerPath>seasons/121361-1-9.jpg</BannerPath>
  <BannerType>season</BannerType>
  <BannerType2>season</BannerType2>
  <Language>he</Language>
  <Rating>3.6000</Rating>
  <RatingCount>5</RatingCount>
  <Season>1</Season>
</Banner>
<Banner>
  <id>899354</id>
  <BannerPath>seasons/121361-2-5.jpg</BannerPath>
  <BannerType>season</BannerType>
  <BannerType2>season</BannerType2>
  <Language>he</Language>
  <Rating>3.6000</Rating>
  <RatingCount>5</RatingCount>
  <Season>2</Season>
</Banner>
<Banner>
  <id>700621</id>
  <BannerPath>seasons/121361-1.jpg</BannerPath>
  <BannerType>season</BannerType>
  <BannerType2>season</BannerType2>
  <Language>en</Language>
  <Rating>2.1250</Rating>
  <RatingCount>8</RatingCount>
  <Season>1</Season>
</Banner>
<Banner>
  <id>700611</id>
  <BannerPath>seasons/121361-0.jpg</BannerPath>
  <BannerType>season</BannerType>
  <BannerType2>season</BannerType2>
  <Language>en</Language>
  <Rating>1.0000</Rating>
  <RatingCount>1</RatingCount>
  <Season>0</Season>
</Banner>
<Banner>
  <id>888176</id>
  <BannerPath>seasons/121361-1-4.jpg</BannerPath>
  <BannerType>season</BannerType>
  <BannerType2>season</BannerType2>
  <Language>fr</Language>
  <Rating>1.0000</Rating>
  <RatingCount>3</RatingCount>
  <Season>1</Season>
</Banner>
<Banner>
  <id>903242</id>
  <BannerPath>seasons/121361-2-8.jpg</BannerPath>
  <BannerType>season</BannerType>
  <BannerType2>season</BannerType2>
  <Language>en</Language>
  <Rating>1.0000</Rating>
  <RatingCount>2</RatingCount>
  <Season>2</Season>
</Banner>
<Banner>
  <id>897983</id>
  <BannerPath>seasons/121361-1-8.jpg</BannerPath>
  <BannerType>season</BannerType>
  <BannerType2>season</BannerType2>
  <Language>hu</Language>
  <Rating>1.0000</Rating>
  <RatingCount>1</RatingCount>
  <Season>1</Season>
</Banner>
<Banner>
  <id>903027</id>
  <BannerPath>seasons/121361-2-6.jpg</BannerPath>
  <BannerType>season</BannerType>
  <BannerType2>season</BannerType2>
  <Language>en</Language>
  <Rating>1.0000</Rating>
  <RatingCount>2</RatingCount>
  <Season>2</Season>
</Banner>
<Banner>
  <id>896655</id>
  <BannerPath>seasonswide/121361-0.jpg</BannerPath>
  <BannerType>season</BannerType>
  <BannerType2>seasonwide</BannerType2>
  <Language>en</Language>
  <Rating>10.0000</Rating>
  <RatingCount>1</RatingCount>
  <Season>0</Season>
</Banner>
<Banner>
  <id>896576</id>
  <BannerPath>seasonswide/121361-1-2.jpg</BannerPath>
  <BannerType>season</BannerType>
  <BannerType2>seasonwide</BannerType2>
  <Language>en</Language>
  <Rating>10.0000</Rating>
  <RatingCount>1</RatingCount>
  <Season>1</Season>
</Banner>
<Banner>
  <id>896577</id>
  <BannerPath>seasonswide/121361-2.jpg</BannerPath>
  <BannerType>season</BannerType>
  <BannerType2>seasonwide</BannerType2>
  <Language>en</Language>
  <Rating>10.0000</Rating>
  <RatingCount>1</RatingCount>
  <Season>2</Season>
</Banner>
<Banner>
  <id>862723</id>
  <BannerPath>seasonswide/121361-1.jpg</BannerPath>
  <BannerType>season</BannerType>
  <BannerType2>seasonwide</BannerType2>
  <Language>en</Language>
  <Rating>7.5000</Rating>
  <RatingCount>2</RatingCount>
  <Season>1</Season>
</Banner>
<Banner>
  <id>902733</id>
  <BannerPath>seasonswide/121361-3.jpg</BannerPath>
  <BannerType>season</BannerType>
  <BannerType2>seasonwide</BannerType2>
  <Language>en</Language>
  <Rating></Rating>
  <RatingCount>0</RatingCount>
  <Season>3</Season>
</Banner>
<Banner>
  <id>900055</id>
  <BannerPath>graphical/121361-g19.jpg</BannerPath>
  <BannerType>series</BannerType>
  <BannerType2>graphical</BannerType2>
  <Language>en</Language>
  <Rating>9.5000</Rating>
  <RatingCount>8</RatingCount>
</Banner>
<Banner>
  <id>864337</id>
  <BannerPath>graphical/121361-g13.jpg</BannerPath>
  <BannerType>series</BannerType>
  <BannerType2>graphical</BannerType2>
  <Language>en</Language>
  <Rating>7.6250</Rating>
  <RatingCount>16</RatingCount>
</Banner>
<Banner>
  <id>864336</id>
  <BannerPath>graphical/121361-g12.jpg</BannerPath>
  <BannerType>series</BannerType>
  <BannerType2>graphical</BannerType2>
  <Language>en</Language>
  <Rating>7.4615</Rating>
  <RatingCount>13</RatingCount>
</Banner>
<Banner>
  <id>862297</id>
  <BannerPath>graphical/121361-g9.jpg</BannerPath>
  <BannerType>series</BannerType>
  <BannerType2>graphical</BannerType2>
  <Language>en</Language>
  <Rating>7.3750</Rating>
  <RatingCount>16</RatingCount>
</Banner>
<Banner>
  <id>864338</id>
  <BannerPath>graphical/121361-g14.jpg</BannerPath>
  <BannerType>series</BannerType>
  <BannerType2>graphical</BannerType2>
  <Language>en</Language>
  <Rating>7.2222</Rating>
  <RatingCount>9</RatingCount>
</Banner>
<Banner>
  <id>863854</id>
  <BannerPath>graphical/121361-g10.jpg</BannerPath>
  <BannerType>series</BannerType>
  <BannerType2>graphical</BannerType2>
  <Language>en</Language>
  <Rating>7.1667</Rating>
  <RatingCount>12</RatingCount>
</Banner>
<Banner>
  <id>700451</id>
  <BannerPath>graphical/121361-g3.jpg</BannerPath>
  <BannerType>series</BannerType>
  <BannerType2>graphical</BannerType2>
  <Language>en</Language>
  <Rating>6.3636</Rating>
  <RatingCount>11</RatingCount>
</Banner>
<Banner>
  <id>879832</id>
  <BannerPath>graphical/121361-g2.jpg</BannerPath>
  <BannerType>series</BannerType>
  <BannerType2>graphical</BannerType2>
  <Language>en</Language>
  <Rating>6.2000</Rating>
  <RatingCount>5</RatingCount>
</Banner>
<Banner>
  <id>766641</id>
  <BannerPath>graphical/121361-g.jpg</BannerPath>
  <BannerType>series</BannerType>
  <BannerType2>graphical</BannerType2>
  <Language>en</Language>
  <Rating>6.0000</Rating>
  <RatingCount>11</RatingCount>
</Banner>
<Banner>
  <id>862291</id>
  <BannerPath>graphical/121361-g8.jpg</BannerPath>
  <BannerType>series</BannerType>
  <BannerType2>graphical</BannerType2>
  <Language>en</Language>
  <Rating>5.7143</Rating>
  <RatingCount>7</RatingCount>
</Banner>
<Banner>
  <id>899950</id>
  <BannerPath>graphical/121361-g18.jpg</BannerPath>
  <BannerType>series</BannerType>
  <BannerType2>graphical</BannerType2>
  <Language>en</Language>
  <Rating>5.6667</Rating>
  <RatingCount>3</RatingCount>
</Banner>
<Banner>
  <id>857862</id>
  <BannerPath>graphical/121361-g5.jpg</BannerPath>
  <BannerType>series</BannerType>
  <BannerType2>graphical</BannerType2>
  <Language>en</Language>
  <Rating>5.2500</Rating>
  <RatingCount>8</RatingCount>
</Banner>
<Banner>
  <id>700441</id>
  <BannerPath>text/121361.jpg</BannerPath>
  <BannerType>series</BannerType>
  <BannerType2>text</BannerType2>
  <Language>en</Language>
  <Rating>4.7000</Rating>
  <RatingCount>10</RatingCount>
</Banner>
<Banner>
  <id>766671</id>
  <BannerPath>graphical/121361-g4.jpg</BannerPath>
  <BannerType>series</BannerType>
  <BannerType2>graphical</BannerType2>
  <Language>en</Language>
  <Rating>3.6667</Rating>
  <RatingCount>6</RatingCount>
</Banner>
<Banner>
  <id>882711</id>
  <BannerPath>graphical/121361-g11.jpg</BannerPath>
  <BannerType>series</BannerType>
  <BannerType2>graphical</BannerType2>
  <Language>hu</Language>
  <Rating>3.1667</Rating>
  <RatingCount>6</RatingCount>
</Banner>
<Banner>
  <id>897986</id>
  <BannerPath>graphical/121361-g16.jpg</BannerPath>
  <BannerType>series</BannerType>
  <BannerType2>graphical</BannerType2>
  <Language>hu</Language>
  <Rating>2.8000</Rating>
  <RatingCount>5</RatingCount>
</Banner>
<Banner>
  <id>899348</id>
  <BannerPath>graphical/121361-g17.jpg</BannerPath>
  <BannerType>series</BannerType>
  <BannerType2>graphical</BannerType2>
  <Language>he</Language>
  <Rating>2.5000</Rating>
  <RatingCount>6</RatingCount>
</Banner>
</Banners>