<?xml version="1.0" encoding="UTF-8" ?>
<Data><Series>
  <id>121361</id>
  <Actors>|Peter Dinklage|Kit Harington|Lena Headey|Nikolaj Coster-Waldau|Richard Madden|Maisie Williams|Emilia Clarke|Michelle Fairley|Conleth Hill|Sophie Turner|Rory McCann|Mark Addy|Jack Gleeson|Iain Glen|Alfie Allen|Aidan Gillen|Harry Lloyd|Isaac Hempstead-Wright|Jason Momoa|Sean Bean|</Actors>
  <Airs_DayOfWeek>Sunday</Airs_DayOfWeek>
  <Airs_Time>9:00 PM</Airs_Time>
  <ContentRating>TV-MA</ContentRating>
  <FirstAired>2011-04-17</FirstAired>
  <Genre>|Action and Adventure|Drama|Fantasy|</Genre>
  <IMDB_ID>tt0944947</IMDB_ID>
  <Language>en</Language>
  <Network>HBO</Network>
  <NetworkID></NetworkID>
  <Overview>Based on the fantasy novel series &quot;A Song of Ice and Fire,&quot; Game of Thrones explores the story of an epic battle among seven kingdoms and two ruling families in the only game that matters - the Game of Thrones. All seek control of the Iron Throne, the possession of which ensures survival through the 40-year winter to come.</Overview>
  <Rating>9.4</Rating>
  <RatingCount>277</RatingCount>
  <Runtime>60</Runtime>
  <SeriesID>77121</SeriesID>
  <SeriesName>Game of Thrones</SeriesName>
  <Status>Continuing</Status>
  <added>2009-10-26 16:51:46</added>
  <addedBy>10072</addedBy>
  <banner>graphical/121361-g19.jpg</banner>
  <fanart>fanart/original/121361-15.jpg</fanart>
  <lastupdated>1334168205</lastupdated>
  <poster>posters/121361-4.jpg</poster>
  <zap2it_id>SH01389809</zap2it_id>
</Series>
<Episode>
  <id>3226241</id>
  <Combined_episodenumber>1</Combined_episodenumber>
  <Combined_season>0</Combined_season>
  <DVD_chapter></DVD_chapter>
  <DVD_discid></DVD_discid>
  <DVD_episodenumber></DVD_episodenumber>
  <DVD_season></DVD_season>
  <Director></Director>
  <EpImgFlag>2</EpImgFlag>
  <EpisodeName>Inside Game of Thrones</EpisodeName>
  <EpisodeNumber>1</EpisodeNumber>
  <FirstAired>2010-12-05</FirstAired>
  <GuestStars></GuestStars>
  <IMDB_ID></IMDB_ID>
  <Language>en</Language>
  <Overview>A short look into the film-making process for the production Game of Thrones</Overview>
  <ProductionCode></ProductionCode>
  <Rating>7.7</Rating>
  <RatingCount>9</RatingCount>
  <SeasonNumber>0</SeasonNumber>
  <Writer></Writer>
  <absolute_number></absolute_number>
  <airsafter_season></airsafter_season>
  <airsbefore_episode></airsbefore_episode>
  <airsbefore_season></airsbefore_season>
  <filename>episodes/121361/3226241.jpg</filename>
  <lastupdated>1305321193</lastupdated>
  <seasonid>137481</seasonid>
  <seriesid>121361</seriesid>
</Episode>
<Episode>
  <id>4045941</id>
  <Combined_episodenumber>2</Combined_episodenumber>
  <Combined_season>0</Combined_season>
  <DVD_chapter></DVD_chapter>
  <DVD_discid></DVD_discid>
  <DVD_episodenumber></DVD_episodenumber>
  <DVD_season></DVD_season>
  <Director></Director>
  <EpImgFlag>2</EpImgFlag>
  <EpisodeName>15-Minute Preview</EpisodeName>
  <EpisodeNumber>2</EpisodeNumber>
  <FirstAired>2011-04-03</FirstAired>
  <GuestStars></GuestStars>
  <IMDB_ID></IMDB_ID>
  <Language>en</Language>
  <Overview>An approximately 15-minute preview of the first episode of Game of Thrones.</Overview>
  <ProductionCode></ProductionCode>
  <Rating>8.0</Rating>
  <RatingCount>3</RatingCount>
  <SeasonNumber>0</SeasonNumber>
  <Writer></Writer>
  <absolute_number></absolute_number>
  <airsafter_season></airsafter_season>
  <airsbefore_episode></airsbefore_episode>
  <airsbefore_season></airsbefore_season>
  <filename>episodes/121361/4045941.jpg</filename>
  <lastupdated>1310428162</lastupdated>
  <seasonid>137481</seasonid>
  <seriesid>121361</seriesid>
</Episode>
<Episode>
  <id>4073401</id>
  <Combined_episodenumber>3.0</Combined_episodenumber>
  <Combined_season>0</Combined_season>
  <DVD_chapter></DVD_chapter>
  <DVD_discid></DVD_discid>
  <DVD_episodenumber>3.0</DVD_episodenumber>
  <DVD_season></DVD_season>
  <Director></Director>
  <EpImgFlag>2</EpImgFlag>
  <EpisodeName>Making Game of Thrones</EpisodeName>
  <EpisodeNumber>3</EpisodeNumber>
  <FirstAired>2011-04-07</FirstAired>
  <GuestStars></GuestStars>
  <IMDB_ID></IMDB_ID>
  <Language>en</Language>
  <Overview>An exclusive 30-minute feature including never-before-seen footage from the set and interviews from the cast and crew</Overview>
  <ProductionCode></ProductionCode>
  <Rating>7.0</Rating>
  <RatingCount>3</RatingCount>
  <SeasonNumber>0</SeasonNumber>
  <Writer></Writer>
  <absolute_number></absolute_number>
  <airsafter_season></airsafter_season>
  <airsbefore_episode></airsbefore_episode>
  <airsbefore_season></airsbefore_season>
  <filename>episodes/121361/4073401.jpg</filename>
  <lastupdated>1332099043</lastupdated>
  <seasonid>137481</seasonid>
  <seriesid>121361</seriesid>
</Episode>
<Episode>
  <id>4082317</id>
  <Combined_episodenumber>4</Combined_episodenumber>
  <Combined_season>0</Combined_season>
  <DVD_chapter></DVD_chapter>
  <DVD_discid></DVD_discid>
  <DVD_episodenumber></DVD_episodenumber>
  <DVD_season></DVD_season>
  <Director></Director>
  <EpImgFlag>3</EpImgFlag>
  <EpisodeName>El Juego Comienza</EpisodeName>
  <EpisodeNumber>4</EpisodeNumber>
  <FirstAired>2011-04-10</FirstAired>
  <GuestStars></GuestStars>
  <IMDB_ID></IMDB_ID>
  <Language>en</Language>
  <Overview>A spanish &quot;Canal +`&quot; production with interviews to some famous spanish movie directors like Alex de La Iglesia and extracts from last special &quot;Making Game Of Thrones&quot;</Overview>
  <ProductionCode></ProductionCode>
  <Rating>7.0</Rating>
  <RatingCount>1</RatingCount>
  <SeasonNumber>0</SeasonNumber>
  <Writer></Writer>
  <absolute_number></absolute_number>
  <airsafter_season></airsafter_season>
  <airsbefore_episode></airsbefore_episode>
  <airsbefore_season></airsbefore_season>
  <filename>episodes/121361/4082317.jpg</filename>
  <lastupdated>1304928783</lastupdated>
  <seasonid>137481</seasonid>
  <seriesid>121361</seriesid>
</Episode>
<Episode>
  <id>4138149</id>
  <Combined_episodenumber>5</Combined_episodenumber>
  <Combined_season>0</Combined_season>
  <DVD_chapter></DVD_chapter>
  <DVD_discid></DVD_discid>
  <DVD_episodenumber></DVD_episodenumber>
  <DVD_season></DVD_season>
  <Director></Director>
  <EpImgFlag>2</EpImgFlag>
  <EpisodeName>2011 Comic Con Panel</EpisodeName>
  <EpisodeNumber>5</EpisodeNumber>
  <FirstAired>2011-07-21</FirstAired>
  <GuestStars></GuestStars>
  <IMDB_ID></IMDB_ID>
  <Language>en</Language>
  <Overview></Overview>
  <ProductionCode></ProductionCode>
  <Rating></Rating>
  <RatingCount>0</RatingCount>
  <SeasonNumber>0</SeasonNumber>
  <Writer></Writer>
  <absolute_number></absolute_number>
  <airsafter_season></airsafter_season>
  <airsbefore_episode></airsbefore_episode>
  <airsbefore_season></airsbefore_season>
  <filename>episodes/121361/4138149.jpg</filename>
  <lastupdated>1322167915</lastupdated>
  <seasonid>137481</seasonid>
  <seriesid>121361</seriesid>
</Episode>
<Episode>
  <id>4292422</id>
  <Combined_episodenumber>6</Combined_episodenumber>
  <Combined_season>0</Combined_season>
  <DVD_chapter></DVD_chapter>
  <DVD_discid></DVD_discid>
  <DVD_episodenumber></DVD_episodenumber>
  <DVD_season></DVD_season>
  <Director></Director>
  <EpImgFlag>2</EpImgFlag>
  <EpisodeName>You Win or You Die</EpisodeName>
  <EpisodeNumber>6</EpisodeNumber>
  <FirstAired>2012-03-24</FirstAired>
  <GuestStars></GuestStars>
  <IMDB_ID></IMDB_ID>
  <Language>en</Language>
  <Overview>A prequel to Game of Thrones Season 2 which recaps on the first season and gives insight into what's to come.</Overview>
  <ProductionCode></ProductionCode>
  <Rating>8.0</Rating>
  <RatingCount>3</RatingCount>
  <SeasonNumber>0</SeasonNumber>
  <Writer></Writer>
  <absolute_number></absolute_number>
  <airsafter_season></airsafter_season>
  <airsbefore_episode>1</airsbefore_episode>
  <airsbefore_season>2</airsbefore_season>
  <filename>episodes/121361/4292422.jpg</filename>
  <lastupdated>1332616218</lastupdated>
  <seasonid>137481</seasonid>
  <seriesid>121361</seriesid>
</Episode>
<Episode>
  <id>3254641</id>
  <Combined_episodenumber>1</Combined_episodenumber>
  <Combined_season>1</Combined_season>
  <DVD_chapter></DVD_chapter>
  <DVD_discid></DVD_discid>
  <DVD_episodenumber></DVD_episodenumber>
  <DVD_season></DVD_season>
  <Director>Tim Van Patten</Director>
  <EpImgFlag>2</EpImgFlag>
  <EpisodeName>Winter Is Coming</EpisodeName>
  <EpisodeNumber>1</EpisodeNumber>
  <FirstAired>2011-04-17</FirstAired>
  <GuestStars></GuestStars>
  <IMDB_ID>tt1480055</IMDB_ID>
  <Language>en</Language>
  <Overview>A Night’s Watch deserter is tracked down outside of Winterfell, prompting swift justice by Lord Eddard “Ned” Stark and raising concerns about the dangers in the lawless lands north of the Wall. Returning home, Ned learns from his wife Catelyn that his mentor, Jon Arryn, has died in the Westeros capital of King’s Landing, and that King Robert is on his way north to offer Ned Arryn’s position as the King’s Hand. Meanwhile, across the Narrow Sea in Pentos, Viserys Targaryen hatches a plan to win back the throne, which entails forging an allegiance with the nomadic Dothraki warriors by giving its leader, Khal Drogo, his lovely sister Daenerys’ hand in marriage. Robert arrives at Winterfell with his wife, Queen Cersei, and other members of the Lannister family: her twin brother Jaime, dwarf brother Tyrion and Cersei’s son and heir to the throne, 12-year-old Joffrey.</Overview>
  <ProductionCode></ProductionCode>
  <Rating>8.0</Rating>
  <RatingCount>412</RatingCount>
  <SeasonNumber>1</SeasonNumber>
  <Writer>|David Benioff|D. B. Weiss|</Writer>
  <absolute_number>1</absolute_number>
  <filename>episodes/121361/3254641.jpg</filename>
  <lastupdated>1329843254</lastupdated>
  <seasonid>364731</seasonid>
  <seriesid>121361</seriesid>
</Episode>
<Episode>
  <id>3436411</id>
  <Combined_episodenumber>2</Combined_episodenumber>
  <Combined_season>1</Combined_season>
  <DVD_chapter></DVD_chapter>
  <DVD_discid></DVD_discid>
  <DVD_episodenumber></DVD_episodenumber>
  <DVD_season></DVD_season>
  <Director>Tim Van Patten</Director>
  <EpImgFlag>2</EpImgFlag>
  <EpisodeName>The Kingsroad</EpisodeName>
  <EpisodeNumber>2</EpisodeNumber>
  <FirstAired>2011-04-24</FirstAired>
  <GuestStars></GuestStars>
  <IMDB_ID>tt1668746</IMDB_ID>
  <Language>en</Language>
  <Overview>Having agreed to become the King’s Hand, Ned leaves Winterfell with daughters Sansa and Arya, while Catelyn stays behind in Winterfell. Jon Snow heads north to join the brotherhood of the Night’s Watch. Tyrion decides to forego the trip south with his family, instead joining Jon in the entourage heading to the Wall. Viserys bides his time in hopes of winning back the throne, while Daenerys focuses her attention on learning how to please her new husband, Drogo.</Overview>
  <ProductionCode></ProductionCode>
  <Rating>8.0</Rating>
  <RatingCount>376</RatingCount>
  <SeasonNumber>1</SeasonNumber>
  <Writer>|David Benioff|D. B. Weiss|</Writer>
  <absolute_number>2</absolute_number>
  <filename>episodes/121361/3436411.jpg</filename>
  <lastupdated>1329985342</lastupdated>
  <seasonid>364731</seasonid>
  <seriesid>121361</seriesid>
</Episode>
<Episode>
  <id>3436421</id>
  <Combined_episodenumber>3</Combined_episodenumber>
  <Combined_season>1</Combined_season>
  <DVD_chapter></DVD_chapter>
  <DVD_discid></DVD_discid>
  <DVD_episodenumber></DVD_episodenumber>
  <DVD_season></DVD_season>
  <Director>Brian Kirk</Director>
  <EpImgFlag>2</EpImgFlag>
  <EpisodeName>Lord Snow</EpisodeName>
  <EpisodeNumber>3</EpisodeNumber>
  <FirstAired>2011-05-01</FirstAired>
  <GuestStars></GuestStars>
  <IMDB_ID>tt1829962</IMDB_ID>
  <Language>en</Language>
  <Overview>Arriving at King’s Landing after his long journey, Ned is shocked to learn of the Crown’s profligacy from his new advisors. At Castle Black, Jon Snow impresses Tyrion at the expense of greener recruits. Suspecting the Lannisters had a hand in Bran’s fall, Catelyn covertly follows her husband to King’s Landing, where she is intercepted by Petyr Baelish, a.k.a. “Littlefinger,” a shrewd longtime ally and brothel owner. Cersei and Jaime ponder the implications of Bran’s recovery; Arya studies swordsmanship. On the road to Vaes Dothrak, Daenerys finds herself at odds with Viserys.</Overview>
  <ProductionCode></ProductionCode>
  <Rating>8.0</Rating>
  <RatingCount>351</RatingCount>
  <SeasonNumber>1</SeasonNumber>
  <Writer>|David Benioff|D. B. Weiss|</Writer>
  <absolute_number>3</absolute_number>
  <filename>episodes/121361/3436421.jpg</filename>
  <lastupdated>1329985357</lastupdated>
  <seasonid>364731</seasonid>
  <seriesid>121361</seriesid>
</Episode>
<Episode>
  <id>3436431</id>
  <Combined_episodenumber>4</Combined_episodenumber>
  <Combined_season>1</Combined_season>
  <DVD_chapter></DVD_chapter>
  <DVD_discid></DVD_discid>
  <DVD_episodenumber></DVD_episodenumber>
  <DVD_season></DVD_season>
  <Director>Brian Kirk</Director>
  <EpImgFlag>2</EpImgFlag>
  <EpisodeName>Cripples, Bastards, and Broken Things</EpisodeName>
  <EpisodeNumber>4</EpisodeNumber>
  <FirstAired>2011-05-08</FirstAired>
  <GuestStars></GuestStars>
  <IMDB_ID>tt1829963</IMDB_ID>
  <Language>en</Language>
  <Overview>Ned looks to a book for clues to the death of his predecessor, and uncovers one of King Robert’s bastards. Robert and his guests witness a tournament honoring Ned. Jon takes measures to protect Sam from further abuse at Castle Black; a frustrated Viserys clashes with Daenerys in Vaes Dothrak; Sansa imagines her future as a queen, while Arya envisions a far different future. Catelyn rallies her husband’s allies to make a point, while Tyrion finds himself caught in the wrong place at the wrong time.</Overview>
  <ProductionCode></ProductionCode>
  <Rating>8.0</Rating>
  <RatingCount>322</RatingCount>
  <SeasonNumber>1</SeasonNumber>
  <Writer>Bryan Cogman</Writer>
  <absolute_number>4</absolute_number>
  <filename>episodes/121361/3436431.jpg</filename>
  <lastupdated>1329985373</lastupdated>
  <seasonid>364731</seasonid>
  <seriesid>121361</seriesid>
</Episode>
<Episode>
  <id>3436441</id>
  <Combined_episodenumber>5</Combined_episodenumber>
  <Combined_season>1</Combined_season>
  <DVD_chapter></DVD_chapter>
  <DVD_discid></DVD_discid>
  <DVD_episodenumber></DVD_episodenumber>
  <DVD_season></DVD_season>
  <Director>Brian Kirk</Director>
  <EpImgFlag>2</EpImgFlag>
  <EpisodeName>The Wolf and the Lion</EpisodeName>
  <EpisodeNumber>5</EpisodeNumber>
  <FirstAired>2011-05-15</FirstAired>
  <GuestStars></GuestStars>
  <IMDB_ID>tt1829964</IMDB_ID>
  <Language>en</Language>
  <Overview>Incensed over news of Daenerys’ alliance with the Dothrakis, Robert orders a preemptive strike on the Targaryens that drives a wedge in his relationship with Ned. A captive Tyrion helps Catelyn, but receives a cold reception at the Eyrie from her sister, Jon Arryn’s widow Lysa. Sansa is charmed by the dashing Ser Loras Tyrell, a.k.a. the Knight of Flowers. Arya overhears a plot against her father.</Overview>
  <ProductionCode></ProductionCode>
  <Rating>8.0</Rating>
  <RatingCount>328</RatingCount>
  <SeasonNumber>1</SeasonNumber>
  <Writer>|David Benioff|D. B. Weiss|</Writer>
  <absolute_number>5</absolute_number>
  <filename>episodes/121361/3436441.jpg</filename>
  <lastupdated>1329985389</lastupdated>
  <seasonid>364731</seasonid>
  <seriesid>121361</seriesid>
</Episode>
<Episode>
  <id>3436451</id>
  <Combined_episodenumber>6</Combined_episodenumber>
  <Combined_season>1</Combined_season>
  <DVD_chapter></DVD_chapter>
  <DVD_discid></DVD_discid>
  <DVD_episodenumber></DVD_episodenumber>
  <DVD_season></DVD_season>
  <Director>Daniel Minahan</Director>
  <EpImgFlag>2</EpImgFlag>
  <EpisodeName>A Golden Crown</EpisodeName>
  <EpisodeNumber>6</EpisodeNumber>
  <FirstAired>2011-05-22</FirstAired>
  <GuestStars></GuestStars>
  <IMDB_ID>tt1837862</IMDB_ID>
  <Language>en</Language>
  <Overview>Reinstated as the Hand, Ned sits for the King while Robert is on a hunt. Ned issues a decree that could have long-term consequences throughout the Seven Kingdoms. At the Eyrie, Tyrion confesses to his &quot;crimes,&quot; and demands that Lysa give him a trial by combat. Joffrey apologizes to Sansa. Viserys receives his final payment for Daenerys from Drogo.</Overview>
  <ProductionCode></ProductionCode>
  <Rating>8.2</Rating>
  <RatingCount>314</RatingCount>
  <SeasonNumber>1</SeasonNumber>
  <Writer>|Jane Espenson|David Benioff|D. B. Weiss|</Writer>
  <absolute_number>6</absolute_number>
  <filename>episodes/121361/3436451.jpg</filename>
  <lastupdated>1329985404</lastupdated>
  <seasonid>364731</seasonid>
  <seriesid>121361</seriesid>
</Episode>
<Episode>
  <id>3436461</id>
  <Combined_episodenumber>7</Combined_episodenumber>
  <Combined_season>1</Combined_season>
  <DVD_chapter></DVD_chapter>
  <DVD_discid></DVD_discid>
  <DVD_episodenumber></DVD_episodenumber>
  <DVD_season></DVD_season>
  <Director>Daniel Minahan</Director>
  <EpImgFlag>2</EpImgFlag>
  <EpisodeName>You Win or You Die</EpisodeName>
  <EpisodeNumber>7</EpisodeNumber>
  <FirstAired>2011-05-29</FirstAired>
  <GuestStars></GuestStars>
  <IMDB_ID>tt1837863</IMDB_ID>
  <Language>en</Language>
  <Overview>Explaining that the future of the Lannisters is at stake, Tywin presses Jaime to “be the man you were meant to be” as they prepare for battle. Ned confronts Cersei about the secrets that killed Jon Arryn. With the fate of the missing Benjen very much on his mind, Jon takes his Night’s Watch vows, though not with the assignment he coveted. After Ser Jorah saves Daenerys from treachery, an enraged Drogo vows to lead the Dothraki where they’ve never gone before. An injured Robert takes pains to ensure an orderly transition at King’s Landing.</Overview>
  <ProductionCode></ProductionCode>
  <Rating>8.2</Rating>
  <RatingCount>327</RatingCount>
  <SeasonNumber>1</SeasonNumber>
  <Writer>|David Benioff|D. B. Weiss|</Writer>
  <absolute_number>7</absolute_number>
  <filename>episodes/121361/3436461.jpg</filename>
  <lastupdated>1333435282</lastupdated>
  <seasonid>364731</seasonid>
  <seriesid>121361</seriesid>
</Episode>
<Episode>
  <id>3360391</id>
  <Combined_episodenumber>8</Combined_episodenumber>
  <Combined_season>1</Combined_season>
  <DVD_chapter></DVD_chapter>
  <DVD_discid></DVD_discid>
  <DVD_episodenumber></DVD_episodenumber>
  <DVD_season></DVD_season>
  <Director>Daniel Minahan</Director>
  <EpImgFlag>2</EpImgFlag>
  <EpisodeName>The Pointy End</EpisodeName>
  <EpisodeNumber>8</EpisodeNumber>
  <FirstAired>2011-06-05</FirstAired>
  <GuestStars></GuestStars>
  <IMDB_ID>tt1837864</IMDB_ID>
  <Language>en</Language>
  <Overview>In the aftermath of Ned's capture, Syrio and Arya face off against Lannister guards, while Cersei manipulates Sansa to her own ends. Robb rallies his father's northern allies against Tywin Lannister and heads south to war. Tyrion forms an uneasy alliance with the hill tribes and reunites with his father. Jon lashes out at Ser Alliser Thorne and battles a mysterious attacker from beyond the Wall. Dany is forced to reconcile her desire to conquer Westeros with Drogo's savagery after the Dothraki raid a peaceful village.</Overview>
  <ProductionCode></ProductionCode>
  <Rating>8.2</Rating>
  <RatingCount>312</RatingCount>
  <SeasonNumber>1</SeasonNumber>
  <Writer>George R. R. Martin</Writer>
  <absolute_number>8</absolute_number>
  <filename>episodes/121361/3360391.jpg</filename>
  <lastupdated>1333435296</lastupdated>
  <seasonid>364731</seasonid>
  <seriesid>121361</seriesid>
</Episode>
<Episode>
  <id>4063481</id>
  <Combined_episodenumber>9</Combined_episodenumber>
  <Combined_season>1</Combined_season>
  <DVD_chapter></DVD_chapter>
  <DVD_discid></DVD_discid>
  <DVD_episodenumber></DVD_episodenumber>
  <DVD_season></DVD_season>
  <Director>Alan Taylor</Director>
  <EpImgFlag>2</EpImgFlag>
  <EpisodeName>Baelor</EpisodeName>
  <EpisodeNumber>9</EpisodeNumber>
  <FirstAired>2011-06-12</FirstAired>
  <GuestStars></GuestStars>
  <IMDB_ID>tt1851398</IMDB_ID>
  <Language>en</Language>
  <Overview>With Sansa's life in danger, Ned makes a fateful decision. Catelyn brokers an unsavory deal with the slippery Walder Frey. Tyrion acquires a mistress and is forced by his father to fight on the front lines. Robb wins his first major victory and captures a prized prisoner. Jon is rewarded for his valor and discovers a dark secret about Maester Aemon. As Drogo's wound festers, Dany defies her bloodrider Qotho and puts her trust in the enslaved witch Mirri Maz Duur.</Overview>
  <ProductionCode></ProductionCode>
  <Rating>8.3</Rating>
  <RatingCount>307</RatingCount>
  <SeasonNumber>1</SeasonNumber>
  <Writer>|David Benioff|D. B. Weiss|</Writer>
  <absolute_number>9</absolute_number>
  <filename>episodes/121361/4063481.jpg</filename>
  <lastupdated>1333435312</lastupdated>
  <seasonid>364731</seasonid>
  <seriesid>121361</seriesid>
</Episode>
<Episode>
  <id>4063491</id>
  <Combined_episodenumber>10</Combined_episodenumber>
  <Combined_season>1</Combined_season>
  <DVD_chapter></DVD_chapter>
  <DVD_discid></DVD_discid>
  <DVD_episodenumber></DVD_episodenumber>
  <DVD_season></DVD_season>
  <Director>Alan Taylor</Director>
  <EpImgFlag>2</EpImgFlag>
  <EpisodeName>Fire and Blood</EpisodeName>
  <EpisodeNumber>10</EpisodeNumber>
  <FirstAired>2011-06-19</FirstAired>
  <GuestStars></GuestStars>
  <IMDB_ID>tt1851397</IMDB_ID>
  <Language>en</Language>
  <Overview>As tragic news spreads across the Seven Kingdoms, Bran and Rickon share a prophetic dream, Catelyn interrogates Jamie about her son's fall, and Robb's destiny is forever changed. After a surprising decision by his father, Tyrion heads south. Arya assumes a new identity in an attempt to escape King's Landing, and Sansa is terrorized by Joffrey. At the Wall, Jon is forced to choose between the Night's Watch and the family he left behind. Across the sea, Dany pays a terrible price for her love, but finds new hope.</Overview>
  <ProductionCode></ProductionCode>
  <Rating>8.6</Rating>
  <RatingCount>290</RatingCount>
  <SeasonNumber>1</SeasonNumber>
  <Writer>|David Benioff|D. B. Weiss|</Writer>
  <absolute_number>10</absolute_number>
  <filename>episodes/121361/4063491.jpg</filename>
  <lastupdated>1333435326</lastupdated>
  <seasonid>364731</seasonid>
  <seriesid>121361</seriesid>
</Episode>
<Episode>
  <id>4161693</id>
  <Combined_episodenumber>1</Combined_episodenumber>
  <Combined_season>2</Combined_season>
  <DVD_chapter></DVD_chapter>
  <DVD_discid></DVD_discid>
  <DVD_episodenumber></DVD_episodenumber>
  <DVD_season></DVD_season>
  <Director>Daniel Minahan</Director>
  <EpImgFlag>2</EpImgFlag>
  <EpisodeName>The North Remembers</EpisodeName>
  <EpisodeNumber>1</EpisodeNumber>
  <FirstAired>2012-04-01</FirstAired>
  <GuestStars></GuestStars>
  <IMDB_ID>tt1971833</IMDB_ID>
  <Language>en</Language>
  <Overview>As Robb Stark and his northern army continue the war against the Lannisters, Tyrion arrives in King’s Landing to counsel Joffrey and temper the young king’s excesses.  On the island of Dragonstone, Stannis Baratheon plots an invasion to claim his late brother’s throne, allying himself with the fiery Melisandre, a strange priestess of a stranger god.  Across the sea, Daenerys, her three young dragons, and the khalasar trek through the Red Waste in search of allies, or water.  In the North, Bran presides over a threadbare Winterfell, while beyond the Wall, Jon Snow and the Night’s Watch must shelter with a devious wildling.</Overview>
  <ProductionCode></ProductionCode>
  <Rating>8.2</Rating>
  <RatingCount>137</RatingCount>
  <SeasonNumber>2</SeasonNumber>
  <Writer>David Benioff</Writer>
  <absolute_number></absolute_number>
  <filename>episodes/121361/4161693.jpg</filename>
  <lastupdated>1333664752</lastupdated>
  <seasonid>473271</seasonid>
  <seriesid>121361</seriesid>
</Episode>
<Episode>
  <id>4245771</id>
  <Combined_episodenumber>2</Combined_episodenumber>
  <Combined_season>2</Combined_season>
  <DVD_chapter></DVD_chapter>
  <DVD_discid></DVD_discid>
  <DVD_episodenumber></DVD_episodenumber>
  <DVD_season></DVD_season>
  <Director>Alan Taylor</Director>
  <EpImgFlag>2</EpImgFlag>
  <EpisodeName>The Night Lands</EpisodeName>
  <EpisodeNumber>2</EpisodeNumber>
  <FirstAired>2012-04-08</FirstAired>
  <GuestStars></GuestStars>
  <IMDB_ID></IMDB_ID>
  <Language>en</Language>
  <Overview>In the wake of a bloody purge in the capital, Tyrion chastens Cersei for alienating the king’s subjects.  On the road north, Arya shares a secret with Gendry, a Night’s Watch recruit.  With supplies dwindling, one of Dany’s scouts returns with news of their position.  After nine years as a Stark ward, Theon Greyjoy reunites with his father Balon, who wants to restore the ancient Kingdom of the Iron Islands.  Davos enlists Salladhor Saan, a pirate, to join forces with Stannis and Melisandre for a naval invasion of King’s Landing.</Overview>
  <ProductionCode></ProductionCode>
  <Rating>8.1</Rating>
  <RatingCount>98</RatingCount>
  <SeasonNumber>2</SeasonNumber>
  <Writer>David Benioff|D.B. Weiss</Writer>
  <absolute_number></absolute_number>
  <filename>episodes/121361/4245771.jpg</filename>
  <lastupdated>1333999277</lastupdated>
  <seasonid>473271</seasonid>
  <seriesid>121361</seriesid>
</Episode>
<Episode>
  <id>4245772</id>
  <Combined_episodenumber>3</Combined_episodenumber>
  <Combined_season>2</Combined_season>
  <DVD_chapter></DVD_chapter>
  <DVD_discid></DVD_discid>
  <DVD_episodenumber></DVD_episodenumber>
  <DVD_season></DVD_season>
  <Director>Alik Sakharov</Director>
  <EpImgFlag></EpImgFlag>
  <EpisodeName>What is Dead May Never Die</EpisodeName>
  <EpisodeNumber>3</EpisodeNumber>
  <FirstAired>2012-04-15</FirstAired>
  <GuestStars></GuestStars>
  <IMDB_ID></IMDB_ID>
  <Language>en</Language>
  <Overview>At the Red Keep, Tyrion plots three alliances through the promise of marriage.  Catelyn arrives in the Stormlands to forge an alliance of her own.  But King Renly, his new wife Margaery and her brother Loras Tyrell have other plans.  At Winterfell, Luwin tries to decipher Bran’s dreams.</Overview>
  <ProductionCode></ProductionCode>
  <Rating></Rating>
  <RatingCount>0</RatingCount>
  <SeasonNumber>2</SeasonNumber>
  <Writer>Bryan Cogman</Writer>
  <absolute_number></absolute_number>
  <filename></filename>
  <lastupdated>1333317389</lastupdated>
  <seasonid>473271</seasonid>
  <seriesid>121361</seriesid>
</Episode>
<Episode>
  <id>4245773</id>
  <Combined_episodenumber>4</Combined_episodenumber>
  <Combined_season>2</Combined_season>
  <DVD_chapter></DVD_chapter>
  <DVD_discid></DVD_discid>
  <DVD_episodenumber></DVD_episodenumber>
  <DVD_season></DVD_season>
  <Director>David Petrarca</Director>
  <EpImgFlag></EpImgFlag>
  <EpisodeName>Garden of Bones</EpisodeName>
  <EpisodeNumber>4</EpisodeNumber>
  <FirstAired>2012-04-22</FirstAired>
  <GuestStars></GuestStars>
  <IMDB_ID></IMDB_ID>
  <Language>en</Language>
  <Overview>Joffrey punishes Sansa for Robb’s victories, while Tyrion and Bronn scramble to temper the king’s cruelty.  Catelyn entreats Stannis and Renly to forego their ambitions and unite against the Lannisters.  Dany and her exhausted khalasar arrive at the gates of Qarth, a prosperous city with strong walls and rulers who greet her outside them.  Tyrion coerces a queen’s man into being his eyes and ears.  Arya and Gendry are taken to Harrenhal, where their lives rest in the hands of “The Mountain,” Gregor Clegane.  Davos must revert to his old ways and smuggle Melisandre into a secret cove.</Overview>
  <ProductionCode></ProductionCode>
  <Rating></Rating>
  <RatingCount>0</RatingCount>
  <SeasonNumber>2</SeasonNumber>
  <Writer>Vanessa Taylor</Writer>
  <absolute_number></absolute_number>
  <filename></filename>
  <lastupdated>1333317432</lastupdated>
  <seasonid>473271</seasonid>
  <seriesid>121361</seriesid>
</Episode>
<Episode>
  <id>4245774</id>
  <Combined_episodenumber>5</Combined_episodenumber>
  <Combined_season>2</Combined_season>
  <DVD_chapter></DVD_chapter>
  <DVD_discid></DVD_discid>
  <DVD_episodenumber></DVD_episodenumber>
  <DVD_season></DVD_season>
  <Director>David Petrarca</Director>
  <EpImgFlag></EpImgFlag>
  <EpisodeName>The Ghost of Harrenhal</EpisodeName>
  <EpisodeNumber>5</EpisodeNumber>
  <FirstAired>2012-04-29</FirstAired>
  <GuestStars></GuestStars>
  <IMDB_ID></IMDB_ID>
  <Language>en</Language>
  <Overview>The end of the Baratheon rivalry drives Catelyn to flee and Littlefinger to act.  At King’s Landing, Tyrion’s source alerts him to Joffrey’s flawed defense plan and a mysterious secret weapon.  Theon sails to the Stony Shore to prove he’s worthy to be called Ironborn.  In Harrenhal, Arya receives a promise from Jaqen H’ghar, one of three prisoners she saved from the Gold Cloaks.  The Night’s Watch arrive at the Fist of the First Men, an ancient fortress where they hope to stem the advance of the wildling army.</Overview>
  <ProductionCode></ProductionCode>
  <Rating></Rating>
  <RatingCount>0</RatingCount>
  <SeasonNumber>2</SeasonNumber>
  <Writer>David Benioff and D.B. Weiss</Writer>
  <absolute_number></absolute_number>
  <filename></filename>
  <lastupdated>1333317471</lastupdated>
  <seasonid>473271</seasonid>
  <seriesid>121361</seriesid>
</Episode>
<Episode>
  <id>4245775</id>
  <Combined_episodenumber>6</Combined_episodenumber>
  <Combined_season>2</Combined_season>
  <DVD_chapter></DVD_chapter>
  <DVD_discid></DVD_discid>
  <DVD_episodenumber></DVD_episodenumber>
  <DVD_season></DVD_season>
  <Director>David Nutter</Director>
  <EpImgFlag></EpImgFlag>
  <EpisodeName>The Old Gods and the New</EpisodeName>
  <EpisodeNumber>6</EpisodeNumber>
  <FirstAired>2012-05-06</FirstAired>
  <GuestStars></GuestStars>
  <IMDB_ID></IMDB_ID>
  <Language>en</Language>
  <Overview>Arya has a surprise visitor; Dany vows to take what is hers; Joffrey meets his subjects; Qhorin gives Jon a chance to prove himself.</Overview>
  <ProductionCode></ProductionCode>
  <Rating></Rating>
  <RatingCount>0</RatingCount>
  <SeasonNumber>2</SeasonNumber>
  <Writer>Vanessa Taylor</Writer>
  <absolute_number></absolute_number>
  <filename></filename>
  <lastupdated>1333792018</lastupdated>
  <seasonid>473271</seasonid>
  <seriesid>121361</seriesid>
</Episode>
<Episode>
  <id>4245776</id>
  <Combined_episodenumber>7</Combined_episodenumber>
  <Combined_season>2</Combined_season>
  <DVD_chapter></DVD_chapter>
  <DVD_discid></DVD_discid>
  <DVD_episodenumber></DVD_episodenumber>
  <DVD_season></DVD_season>
  <Director>David Nutter</Director>
  <EpImgFlag></EpImgFlag>
  <EpisodeName>A Man Without Honor</EpisodeName>
  <EpisodeNumber>7</EpisodeNumber>
  <FirstAired>2012-05-13</FirstAired>
  <GuestStars></GuestStars>
  <IMDB_ID></IMDB_ID>
  <Language>en</Language>
  <Overview>Jaime meets a relative; Theon hunts; Dany receives an invitation.</Overview>
  <ProductionCode></ProductionCode>
  <Rating></Rating>
  <RatingCount>0</RatingCount>
  <SeasonNumber>2</SeasonNumber>
  <Writer>David Benioff &amp; D.B. Weiss</Writer>
  <absolute_number></absolute_number>
  <filename></filename>
  <lastupdated>1333791987</lastupdated>
  <seasonid>473271</seasonid>
  <seriesid>121361</seriesid>
</Episode>
<Episode>
  <id>4245777</id>
  <Combined_episodenumber>8</Combined_episodenumber>
  <Combined_season>2</Combined_season>
  <DVD_chapter></DVD_chapter>
  <DVD_discid></DVD_discid>
  <DVD_episodenumber></DVD_episodenumber>
  <DVD_season></DVD_season>
  <Director>Alan Taylor</Director>
  <EpImgFlag></EpImgFlag>
  <EpisodeName>The Prince of Winterfell</EpisodeName>
  <EpisodeNumber>8</EpisodeNumber>
  <FirstAired>2012-05-20</FirstAired>
  <GuestStars></GuestStars>
  <IMDB_ID></IMDB_ID>
  <Language>en</Language>
  <Overview>Theon holds down the fort; Arya calls in her debt with Jaqen; Robb is betrayed; Stannis and Davos approach their destination.</Overview>
  <ProductionCode></ProductionCode>
  <Rating></Rating>
  <RatingCount>0</RatingCount>
  <SeasonNumber>2</SeasonNumber>
  <Writer>David Benioff &amp; D.B. Weiss</Writer>
  <absolute_number></absolute_number>
  <filename></filename>
  <lastupdated>1333792057</lastupdated>
  <seasonid>473271</seasonid>
  <seriesid>121361</seriesid>
</Episode>
<Episode>
  <id>4245778</id>
  <Combined_episodenumber>9</Combined_episodenumber>
  <Combined_season>2</Combined_season>
  <DVD_chapter></DVD_chapter>
  <DVD_discid></DVD_discid>
  <DVD_episodenumber></DVD_episodenumber>
  <DVD_season></DVD_season>
  <Director>Neil Marshall</Director>
  <EpImgFlag></EpImgFlag>
  <EpisodeName>Blackwater</EpisodeName>
  <EpisodeNumber>9</EpisodeNumber>
  <FirstAired>2012-05-27</FirstAired>
  <GuestStars></GuestStars>
  <IMDB_ID></IMDB_ID>
  <Language>en</Language>
  <Overview>Tyrion and the Lannisters fight for their lives as Stannis’ fleet assaults King’s Landing.</Overview>
  <ProductionCode></ProductionCode>
  <Rating></Rating>
  <RatingCount>0</RatingCount>
  <SeasonNumber>2</SeasonNumber>
  <Writer>George R. R. Martin</Writer>
  <absolute_number></absolute_number>
  <filename></filename>
  <lastupdated>1333792087</lastupdated>
  <seasonid>473271</seasonid>
  <seriesid>121361</seriesid>
</Episode>
<Episode>
  <id>4245779</id>
  <Combined_episodenumber>10</Combined_episodenumber>
  <Combined_season>2</Combined_season>
  <DVD_chapter></DVD_chapter>
  <DVD_discid></DVD_discid>
  <DVD_episodenumber></DVD_episodenumber>
  <DVD_season></DVD_season>
  <Director></Director>
  <EpImgFlag></EpImgFlag>
  <EpisodeName>tba (season finale)</EpisodeName>
  <EpisodeNumber>10</EpisodeNumber>
  <FirstAired>2012-06-03</FirstAired>
  <GuestStars></GuestStars>
  <IMDB_ID></IMDB_ID>
  <Language>en</Language>
  <Overview>Season Finale: </Overview>
  <ProductionCode></ProductionCode>
  <Rating></Rating>
  <RatingCount>0</RatingCount>
  <SeasonNumber>2</SeasonNumber>
  <Writer></Writer>
  <absolute_number></absolute_number>
  <filename></filename>
  <lastupdated>1332624648</lastupdated>
  <seasonid>473271</seasonid>
  <seriesid>121361</seriesid>
</Episode>
<Episode>
  <id>4293685</id>
  <Combined_episodenumber>1</Combined_episodenumber>
  <Combined_season>3</Combined_season>
  <DVD_chapter></DVD_chapter>
  <DVD_discid></DVD_discid>
  <DVD_episodenumber></DVD_episodenumber>
  <DVD_season></DVD_season>
  <Director></Director>
  <EpImgFlag></EpImgFlag>
  <EpisodeName>TBA</EpisodeName>
  <EpisodeNumber>1</EpisodeNumber>
  <FirstAired>2013-04-07</FirstAired>
  <GuestStars></GuestStars>
  <IMDB_ID></IMDB_ID>
  <Language>en</Language>
  <Overview></Overview>
  <ProductionCode></ProductionCode>
  <Rating></Rating>
  <RatingCount>0</RatingCount>
  <SeasonNumber>3</SeasonNumber>
  <Writer></Writer>
  <absolute_number></absolute_number>
  <filename></filename>
  <lastupdated>1332720995</lastupdated>
  <seasonid>488434</seasonid>
  <seriesid>121361</seriesid>
</Episode>
</Data>