<?xml version="1.0" encoding="UTF-8" ?>
<Banners>
<Banner>
  <id>536761</id>
  <BannerPath>fanart/original/84676-19.jpg</BannerPath>
  <BannerType>fanart</BannerType>
  <BannerType2>1920x1080</BannerType2>
  <Colors></Colors>
  <Language>fr</Language>
  <Rating>8.7500</Rating>
  <RatingCount>4</RatingCount>
  <SeriesName>false</SeriesName>
  <ThumbnailPath>_cache/fanart/original/84676-19.jpg</ThumbnailPath>
  <VignettePath>fanart/vignette/84676-19.jpg</VignettePath>
</Banner>
<Banner>
  <id>144841</id>
  <BannerPath>fanart/original/84676-3.jpg</BannerPath>
  <BannerType>fanart</BannerType>
  <BannerType2>1920x1080</BannerType2>
  <Colors>|131,116,139|36,35,41|42,37,34|</Colors>
  <Language>de</Language>
  <Rating>8.6429</Rating>
  <RatingCount>14</RatingCount>
  <SeriesName>false</SeriesName>
  <ThumbnailPath>_cache/fanart/original/84676-3.jpg</ThumbnailPath>
  <VignettePath>fanart/vignette/84676-3.jpg</VignettePath>
</Banner>
<Banner>
  <id>171671</id>
  <BannerPath>fanart/original/84676-7.jpg</BannerPath>
  <BannerType>fanart</BannerType>
  <BannerType2>1920x1080</BannerType2>
  <Colors></Colors>
  <Language>en</Language>
  <Rating>8.3750</Rating>
  <RatingCount>8</RatingCount>
  <SeriesName>false</SeriesName>
  <ThumbnailPath>_cache/fanart/original/84676-7.jpg</ThumbnailPath>
  <VignettePath>fanart/vignette/84676-7.jpg</VignettePath>
</Banner>
<Banner>
  <id>144821</id>
  <BannerPath>fanart/original/84676-2.jpg</BannerPath>
  <BannerType>fanart</BannerType>
  <BannerType2>1920x1080</BannerType2>
  <Colors></Colors>
  <Language>en</Language>
  <Rating>7.5000</Rating>
  <RatingCount>4</RatingCount>
  <SeriesName>false</SeriesName>
  <ThumbnailPath>_cache/fanart/original/84676-2.jpg</ThumbnailPath>
  <VignettePath>fanart/vignette/84676-2.jpg</VignettePath>
</Banner>
<Banner>
  <id>706381</id>
  <BannerPath>fanart/original/84676-23.jpg</BannerPath>
  <BannerType>fanart</BannerType>
  <BannerType2>1920x1080</BannerType2>
  <Colors></Colors>
  <Language>en</Language>
  <Rating>7.0000</Rating>
  <RatingCount>3</RatingCount>
  <SeriesName>true</SeriesName>
  <ThumbnailPath>_cache/fanart/original/84676-23.jpg</ThumbnailPath>
  <VignettePath>fanart/vignette/84676-23.jpg</VignettePath>
</Banner>
<Banner>
  <id>877447</id>
  <BannerPath>fanart/original/84676-25.jpg</BannerPath>
  <BannerType>fanart</BannerType>
  <BannerType2>1280x720</BannerType2>
  <Colors></Colors>
  <Language>en</Language>
  <Rating>6.5000</Rating>
  <RatingCount>2</RatingCount>
  <SeriesName>false</SeriesName>
  <ThumbnailPath>_cache/fanart/original/84676-25.jpg</ThumbnailPath>
  <VignettePath>fanart/vignette/84676-25.jpg</VignettePath>
</Banner>
<Banner>
  <id>156801</id>
  <BannerPath>fanart/original/84676-6.jpg</BannerPath>
  <BannerType>fanart</BannerType>
  <BannerType2>1920x1080</BannerType2>
  <Colors></Colors>
  <Language>en</Language>
  <Rating>6.0000</Rating>
  <RatingCount>2</RatingCount>
  <SeriesName>true</SeriesName>
  <ThumbnailPath>_cache/fanart/original/84676-6.jpg</ThumbnailPath>
  <VignettePath>fanart/vignette/84676-6.jpg</VignettePath>
</Banner>
<Banner>
  <id>144861</id>
  <BannerPath>fanart/original/84676-5.jpg</BannerPath>
  <BannerType>fanart</BannerType>
  <BannerType2>1920x1080</BannerType2>
  <Colors>|174,147,152|27,15,27|179,144,104|</Colors>
  <Language>de</Language>
  <Rating>5.3333</Rating>
  <RatingCount>3</RatingCount>
  <SeriesName>false</SeriesName>
  <ThumbnailPath>_cache/fanart/original/84676-5.jpg</ThumbnailPath>
  <VignettePath>fanart/vignette/84676-5.jpg</VignettePath>
</Banner>
<Banner>
  <id>176651</id>
  <BannerPath>fanart/original/84676-1.jpg</BannerPath>
  <BannerType>fanart</BannerType>
  <BannerType2>1280x720</BannerType2>
  <Colors></Colors>
  <Language>en</Language>
  <Rating>5.0000</Rating>
  <RatingCount>1</RatingCount>
  <SeriesName>true</SeriesName>
  <ThumbnailPath>_cache/fanart/original/84676-1.jpg</ThumbnailPath>
  <VignettePath>fanart/vignette/84676-1.jpg</VignettePath>
</Banner>
<Banner>
  <id>216161</id>
  <BannerPath>fanart/original/84676-8.jpg</BannerPath>
  <BannerType>fanart</BannerType>
  <BannerType2>1280x720</BannerType2>
  <Colors></Colors>
  <Language>en</Language>
  <Rating>5.0000</Rating>
  <RatingCount>1</RatingCount>
  <SeriesName>true</SeriesName>
  <ThumbnailPath>_cache/fanart/original/84676-8.jpg</ThumbnailPath>
  <VignettePath>fanart/vignette/84676-8.jpg</VignettePath>
</Banner>
<Banner>
  <id>216171</id>
  <BannerPath>fanart/original/84676-9.jpg</BannerPath>
  <BannerType>fanart</BannerType>
  <BannerType2>1280x720</BannerType2>
  <Colors></Colors>
  <Language>en</Language>
  <Rating>5.0000</Rating>
  <RatingCount>1</RatingCount>
  <SeriesName>true</SeriesName>
  <ThumbnailPath>_cache/fanart/original/84676-9.jpg</ThumbnailPath>
  <VignettePath>fanart/vignette/84676-9.jpg</VignettePath>
</Banner>
<Banner>
  <id>144851</id>
  <BannerPath>fanart/original/84676-4.jpg</BannerPath>
  <BannerType>fanart</BannerType>
  <BannerType2>1920x1080</BannerType2>
  <Colors></Colors>
  <Language>de</Language>
  <Rating>4.0000</Rating>
  <RatingCount>3</RatingCount>
  <SeriesName>false</SeriesName>
  <ThumbnailPath>_cache/fanart/original/84676-4.jpg</ThumbnailPath>
  <VignettePath>fanart/vignette/84676-4.jpg</VignettePath>
</Banner>
<Banner>
  <id>536781</id>
  <BannerPath>fanart/original/84676-21.jpg</BannerPath>
  <BannerType>fanart</BannerType>
  <BannerType2>1920x1080</BannerType2>
  <Colors></Colors>
  <Language>fr</Language>
  <Rating></Rating>
  <RatingCount>0</RatingCount>
  <SeriesName>false</SeriesName>
  <ThumbnailPath>_cache/fanart/original/84676-21.jpg</ThumbnailPath>
  <VignettePath>fanart/vignette/84676-21.jpg</VignettePath>
</Banner>
<Banner>
  <id>352511</id>
  <BannerPath>fanart/original/84676-10.jpg</BannerPath>
  <BannerType>fanart</BannerType>
  <BannerType2>1920x1080</BannerType2>
  <Colors></Colors>
  <Language>de</Language>
  <Rating></Rating>
  <RatingCount>0</RatingCount>
  <SeriesName>false</SeriesName>
  <ThumbnailPath>_cache/fanart/original/84676-10.jpg</ThumbnailPath>
  <VignettePath>fanart/vignette/84676-10.jpg</VignettePath>
</Banner>
<Banner>
  <id>536791</id>
  <BannerPath>fanart/original/84676-22.jpg</BannerPath>
  <BannerType>fanart</BannerType>
  <BannerType2>1920x1080</BannerType2>
  <Colors></Colors>
  <Language>fr</Language>
  <Rating></Rating>
  <RatingCount>0</RatingCount>
  <SeriesName>false</SeriesName>
  <ThumbnailPath>_cache/fanart/original/84676-22.jpg</ThumbnailPath>
  <VignettePath>fanart/vignette/84676-22.jpg</VignettePath>
</Banner>
<Banner>
  <id>352561</id>
  <BannerPath>fanart/original/84676-13.jpg</BannerPath>
  <BannerType>fanart</BannerType>
  <BannerType2>1920x1080</BannerType2>
  <Colors></Colors>
  <Language>de</Language>
  <Rating></Rating>
  <RatingCount>0</RatingCount>
  <SeriesName>false</SeriesName>
  <ThumbnailPath>_cache/fanart/original/84676-13.jpg</ThumbnailPath>
  <VignettePath>fanart/vignette/84676-13.jpg</VignettePath>
</Banner>
<Banner>
  <id>352571</id>
  <BannerPath>fanart/original/84676-14.jpg</BannerPath>
  <BannerType>fanart</BannerType>
  <BannerType2>1920x1080</BannerType2>
  <Colors></Colors>
  <Language>de</Language>
  <Rating></Rating>
  <RatingCount>0</RatingCount>
  <SeriesName>false</SeriesName>
  <ThumbnailPath>_cache/fanart/original/84676-14.jpg</ThumbnailPath>
  <VignettePath>fanart/vignette/84676-14.jpg</VignettePath>
</Banner>
<Banner>
  <id>352601</id>
  <BannerPath>fanart/original/84676-17.jpg</BannerPath>
  <BannerType>fanart</BannerType>
  <BannerType2>1280x720</BannerType2>
  <Colors></Colors>
  <Language>de</Language>
  <Rating></Rating>
  <RatingCount>0</RatingCount>
  <SeriesName>false</SeriesName>
  <ThumbnailPath>_cache/fanart/original/84676-17.jpg</ThumbnailPath>
  <VignettePath>fanart/vignette/84676-17.jpg</VignettePath>
</Banner>
<Banner>
  <id>352591</id>
  <BannerPath>fanart/original/84676-16.jpg</BannerPath>
  <BannerType>fanart</BannerType>
  <BannerType2>1280x720</BannerType2>
  <Colors></Colors>
  <Language>de</Language>
  <Rating></Rating>
  <RatingCount>0</RatingCount>
  <SeriesName>false</SeriesName>
  <ThumbnailPath>_cache/fanart/original/84676-16.jpg</ThumbnailPath>
  <VignettePath>fanart/vignette/84676-16.jpg</VignettePath>
</Banner>
<Banner>
  <id>867808</id>
  <BannerPath>fanart/original/84676-24.jpg</BannerPath>
  <BannerType>fanart</BannerType>
  <BannerType2>1920x1080</BannerType2>
  <Colors></Colors>
  <Language>en</Language>
  <Rating></Rating>
  <RatingCount>0</RatingCount>
  <SeriesName>true</SeriesName>
  <ThumbnailPath>_cache/fanart/original/84676-24.jpg</ThumbnailPath>
  <VignettePath>fanart/vignette/84676-24.jpg</VignettePath>
</Banner>
<Banner>
  <id>536771</id>
  <BannerPath>fanart/original/84676-20.jpg</BannerPath>
  <BannerType>fanart</BannerType>
  <BannerType2>1920x1080</BannerType2>
  <Colors></Colors>
  <Language>fr</Language>
  <Rating></Rating>
  <RatingCount>0</RatingCount>
  <SeriesName>false</SeriesName>
  <ThumbnailPath>_cache/fanart/original/84676-20.jpg</ThumbnailPath>
  <VignettePath>fanart/vignette/84676-20.jpg</VignettePath>
</Banner>
<Banner>
  <id>352551</id>
  <BannerPath>fanart/original/84676-12.jpg</BannerPath>
  <BannerType>fanart</BannerType>
  <BannerType2>1280x720</BannerType2>
  <Colors></Colors>
  <Language>de</Language>
  <Rating></Rating>
  <RatingCount>0</RatingCount>
  <SeriesName>false</SeriesName>
  <ThumbnailPath>_cache/fanart/original/84676-12.jpg</ThumbnailPath>
  <VignettePath>fanart/vignette/84676-12.jpg</VignettePath>
</Banner>
<Banner>
  <id>352611</id>
  <BannerPath>fanart/original/84676-18.jpg</BannerPath>
  <BannerType>fanart</BannerType>
  <BannerType2>1920x1080</BannerType2>
  <Colors></Colors>
  <Language>de</Language>
  <Rating></Rating>
  <RatingCount>0</RatingCount>
  <SeriesName>false</SeriesName>
  <ThumbnailPath>_cache/fanart/original/84676-18.jpg</ThumbnailPath>
  <VignettePath>fanart/vignette/84676-18.jpg</VignettePath>
</Banner>
<Banner>
  <id>352581</id>
  <BannerPath>fanart/original/84676-15.jpg</BannerPath>
  <BannerType>fanart</BannerType>
  <BannerType2>1920x1080</BannerType2>
  <Colors></Colors>
  <Language>de</Language>
  <Rating></Rating>
  <RatingCount>0</RatingCount>
  <SeriesName>false</SeriesName>
  <ThumbnailPath>_cache/fanart/original/84676-15.jpg</ThumbnailPath>
  <VignettePath>fanart/vignette/84676-15.jpg</VignettePath>
</Banner>
<Banner>
  <id>352541</id>
  <BannerPath>fanart/original/84676-11.jpg</BannerPath>
  <BannerType>fanart</BannerType>
  <BannerType2>1280x720</BannerType2>
  <Colors></Colors>
  <Language>de</Language>
  <Rating></Rating>
  <RatingCount>0</RatingCount>
  <SeriesName>true</SeriesName>
  <ThumbnailPath>_cache/fanart/original/84676-11.jpg</ThumbnailPath>
  <VignettePath>fanart/vignette/84676-11.jpg</VignettePath>
</Banner>
<Banner>
  <id>703651</id>
  <BannerPath>posters/84676-3.jpg</BannerPath>
  <BannerType>poster</BannerType>
  <BannerType2>680x1000</BannerType2>
  <Language>en</Language>
  <Rating>7.6000</Rating>
  <RatingCount>5</RatingCount>
</Banner>
<Banner>
  <id>703621</id>
  <BannerPath>posters/84676-2.jpg</BannerPath>
  <BannerType>poster</BannerType>
  <BannerType2>680x1000</BannerType2>
  <Language>en</Language>
  <Rating>7.0000</Rating>
  <RatingCount>4</RatingCount>
</Banner>
<Banner>
  <id>703661</id>
  <BannerPath>posters/84676-4.jpg</BannerPath>
  <BannerType>poster</BannerType>
  <BannerType2>680x1000</BannerType2>
  <Language>en</Language>
  <Rating>5.7500</Rating>
  <RatingCount>4</RatingCount>
</Banner>
<Banner>
  <id>157571</id>
  <BannerPath>posters/84676-1.jpg</BannerPath>
  <BannerType>poster</BannerType>
  <BannerType2>680x1000</BannerType2>
  <Language>en</Language>
  <Rating>5.6000</Rating>
  <RatingCount>5</RatingCount>
</Banner>
<Banner>
  <id>878542</id>
  <BannerPath>posters/84676-5.jpg</BannerPath>
  <BannerType>poster</BannerType>
  <BannerType2>680x1000</BannerType2>
  <Language>en</Language>
  <Rating></Rating>
  <RatingCount>0</RatingCount>
</Banner>
<Banner>
  <id>878543</id>
  <BannerPath>posters/84676-6.jpg</BannerPath>
  <BannerType>poster</BannerType>
  <BannerType2>680x1000</BannerType2>
  <Language>en</Language>
  <Rating></Rating>
  <RatingCount>0</RatingCount>
</Banner>
<Banner>
  <id>868784</id>
  <BannerPath>seasons/84676-2-3.jpg</BannerPath>
  <BannerType>season</BannerType>
  <BannerType2>season</BannerType2>
  <Language>en</Language>
  <Rating>10.0000</Rating>
  <RatingCount>1</RatingCount>
  <Season>2</Season>
</Banner>
<Banner>
  <id>475331</id>
  <BannerPath>seasons/84676-1-3.jpg</BannerPath>
  <BannerType>season</BannerType>
  <BannerType2>season</BannerType2>
  <Language>en</Language>
  <Rating>10.0000</Rating>
  <RatingCount>2</RatingCount>
  <Season>1</Season>
</Banner>
<Banner>
  <id>536161</id>
  <BannerPath>seasons/84676-2.jpg</BannerPath>
  <BannerType>season</BannerType>
  <BannerType2>season</BannerType2>
  <Language>en</Language>
  <Rating>9.0000</Rating>
  <RatingCount>3</RatingCount>
  <Season>2</Season>
</Banner>
<Banner>
  <id>867783</id>
  <BannerPath>seasons/84676-3-2.jpg</BannerPath>
  <BannerType>season</BannerType>
  <BannerType2>season</BannerType2>
  <Language>en</Language>
  <Rating>8.0000</Rating>
  <RatingCount>3</RatingCount>
  <Season>3</Season>
</Banner>
<Banner>
  <id>867765</id>
  <BannerPath>seasons/84676-3.jpg</BannerPath>
  <BannerType>season</BannerType>
  <BannerType2>season</BannerType2>
  <Language>en</Language>
  <Rating>7.5000</Rating>
  <RatingCount>2</RatingCount>
  <Season>3</Season>
</Banner>
<Banner>
  <id>157591</id>
  <BannerPath>seasons/84676-1.jpg</BannerPath>
  <BannerType>season</BannerType>
  <BannerType2>season</BannerType2>
  <Language>en</Language>
  <Rating>2.5000</Rating>
  <RatingCount>2</RatingCount>
  <Season>1</Season>
</Banner>
<Banner>
  <id>868785</id>
  <BannerPath>seasons/84676-3-4.jpg</BannerPath>
  <BannerType>season</BannerType>
  <BannerType2>season</BannerType2>
  <Language>en</Language>
  <Rating></Rating>
  <RatingCount>0</RatingCount>
  <Season>3</Season>
</Banner>
<Banner>
  <id>867784</id>
  <BannerPath>seasons/84676-3-3.jpg</BannerPath>
  <BannerType>season</BannerType>
  <BannerType2>season</BannerType2>
  <Language>en</Language>
  <Rating></Rating>
  <RatingCount>0</RatingCount>
  <Season>3</Season>
</Banner>
<Banner>
  <id>868783</id>
  <BannerPath>seasons/84676-1-2.jpg</BannerPath>
  <BannerType>season</BannerType>
  <BannerType2>season</BannerType2>
  <Language>en</Language>
  <Rating></Rating>
  <RatingCount>0</RatingCount>
  <Season>1</Season>
</Banner>
<Banner>
  <id>877449</id>
  <BannerPath>seasons/84676-2-4.jpg</BannerPath>
  <BannerType>season</BannerType>
  <BannerType2>season</BannerType2>
  <Language>en</Language>
  <Rating></Rating>
  <RatingCount>0</RatingCount>
  <Season>2</Season>
</Banner>
<Banner>
  <id>830691</id>
  <BannerPath>seasons/84676-2-2.jpg</BannerPath>
  <BannerType>season</BannerType>
  <BannerType2>season</BannerType2>
  <Language>ru</Language>
  <Rating></Rating>
  <RatingCount>0</RatingCount>
  <Season>2</Season>
</Banner>
<Banner>
  <id>884688</id>
  <BannerPath>seasons/84676-3-5.jpg</BannerPath>
  <BannerType>season</BannerType>
  <BannerType2>season</BannerType2>
  <Language>en</Language>
  <Rating></Rating>
  <RatingCount>0</RatingCount>
  <Season>3</Season>
</Banner>
<Banner>
  <id>599441</id>
  <BannerPath>graphical/84676-g7.jpg</BannerPath>
  <BannerType>series</BannerType>
  <BannerType2>graphical</BannerType2>
  <Language>en</Language>
  <Rating>8.0000</Rating>
  <RatingCount>1</RatingCount>
</Banner>
<Banner>
  <id>130591</id>
  <BannerPath>graphical/84676-g4.jpg</BannerPath>
  <BannerType>series</BannerType>
  <BannerType2>graphical</BannerType2>
  <Language>en</Language>
  <Rating>7.8889</Rating>
  <RatingCount>9</RatingCount>
</Banner>
<Banner>
  <id>703741</id>
  <BannerPath>graphical/84676-g8.jpg</BannerPath>
  <BannerType>series</BannerType>
  <BannerType2>graphical</BannerType2>
  <Language>en</Language>
  <Rating>6.5714</Rating>
  <RatingCount>7</RatingCount>
</Banner>
<Banner>
  <id>130471</id>
  <BannerPath>graphical/84676-g.jpg</BannerPath>
  <BannerType>series</BannerType>
  <BannerType2>graphical</BannerType2>
  <Language>en</Language>
  <Rating>6.5385</Rating>
  <RatingCount>13</RatingCount>
</Banner>
<Banner>
  <id>89191</id>
  <BannerPath>graphical/84676-g2.jpg</BannerPath>
  <BannerType>series</BannerType>
  <BannerType2>graphical</BannerType2>
  <Language>en</Language>
  <Rating>6.5000</Rating>
  <RatingCount>8</RatingCount>
</Banner>
<Banner>
  <id>523791</id>
  <BannerPath>graphical/84676-g5.jpg</BannerPath>
  <BannerType>series</BannerType>
  <BannerType2>graphical</BannerType2>
  <Language>en</Language>
  <Rating>6.0000</Rating>
  <RatingCount>5</RatingCount>
</Banner>
<Banner>
  <id>523801</id>
  <BannerPath>graphical/84676-g6.jpg</BannerPath>
  <BannerType>series</BannerType>
  <BannerType2>graphical</BannerType2>
  <Language>en</Language>
  <Rating>4.0000</Rating>
  <RatingCount>2</RatingCount>
</Banner>
</Banners>