<?xml version="1.0" encoding="UTF-8" ?>
<Data><Series>
  <id>108611</id>
  <Actors>|Matthew Bomer|Tim DeKay|Willie Garson|Hilarie Burton|Sharif Atkins|Marsha Thomason|Tiffani Thiessen|</Actors>
  <Airs_DayOfWeek>Tuesday</Airs_DayOfWeek>
  <Airs_Time>10:00 PM</Airs_Time>
  <ContentRating>TV-PG</ContentRating>
  <FirstAired>2009-10-23</FirstAired>
  <Genre>|Action and Adventure|Drama|</Genre>
  <IMDB_ID>tt1358522</IMDB_ID>
  <Language>en</Language>
  <Network>USA Network</Network>
  <NetworkID></NetworkID>
  <Overview>White Collar is about the unlikely partnership of a con artist and an FBI agent who have been playing cat and mouse for years.
Neal Caffrey, a charming criminal mastermind, is finally caught by his nemesis, FBI Agent Peter Burke. When Neal escapes from a maximum-security prison to find his lost love, Peter nabs him once again. Rather than returning to jail, Neal suggests an alternative plan: He'll provide his criminal expertise to assist the Feds in catching other elusive criminals. Initially wary, Peter quickly finds that Neal provides insight and intuition that can't be found on the right side of the law.</Overview>
  <Rating>8.9</Rating>
  <RatingCount>109</RatingCount>
  <Runtime>60</Runtime>
  <SeriesID>75381</SeriesID>
  <SeriesName>White Collar</SeriesName>
  <Status>Continuing</Status>
  <added>2009-08-11 08:20:23</added>
  <addedBy>3088</addedBy>
  <banner>graphical/108611-g.jpg</banner>
  <fanart>fanart/original/108611-7.jpg</fanart>
  <lastupdated>1334144146</lastupdated>
  <poster>posters/108611-2.jpg</poster>
  <zap2it_id>SH01177578</zap2it_id>
</Series>
<Episode>
  <id>963561</id>
  <Combined_episodenumber>1</Combined_episodenumber>
  <Combined_season>1</Combined_season>
  <DVD_chapter></DVD_chapter>
  <DVD_discid></DVD_discid>
  <DVD_episodenumber></DVD_episodenumber>
  <DVD_season></DVD_season>
  <Director>Bronwen Hughes</Director>
  <EpImgFlag>2</EpImgFlag>
  <EpisodeName>Pilot</EpisodeName>
  <EpisodeNumber>1</EpisodeNumber>
  <FirstAired>2009-10-23</FirstAired>
  <GuestStars></GuestStars>
  <IMDB_ID></IMDB_ID>
  <Language>en</Language>
  <Overview>FBI Agent Peter Burke takes an unconventional route in tracking down a ruthless and devious outlaw named &quot;Dutchman&quot;. In order to catch the counterfeiter, he employs the help of incarcerated con man, Neal Caffrey.</Overview>
  <ProductionCode></ProductionCode>
  <Rating>7.9</Rating>
  <RatingCount>77</RatingCount>
  <SeasonNumber>1</SeasonNumber>
  <Writer>Jeff Eastin</Writer>
  <absolute_number></absolute_number>
  <filename>episodes/108611/963561.jpg</filename>
  <lastupdated>1312834302</lastupdated>
  <seasonid>104251</seasonid>
  <seriesid>108611</seriesid>
</Episode>
<Episode>
  <id>1084321</id>
  <Combined_episodenumber>2</Combined_episodenumber>
  <Combined_season>1</Combined_season>
  <DVD_chapter></DVD_chapter>
  <DVD_discid></DVD_discid>
  <DVD_episodenumber></DVD_episodenumber>
  <DVD_season></DVD_season>
  <Director>Dennie Gordon</Director>
  <EpImgFlag>2</EpImgFlag>
  <EpisodeName>Threads</EpisodeName>
  <EpisodeNumber>2</EpisodeNumber>
  <FirstAired>2009-10-30</FirstAired>
  <GuestStars></GuestStars>
  <IMDB_ID>tt1498688</IMDB_ID>
  <Language>en</Language>
  <Overview>Neal and Peter infiltrate New York's Fashion Week to stop a security data which is woven in the fabric of a model's dress, from being sold by a criminal.</Overview>
  <ProductionCode></ProductionCode>
  <Rating>7.5</Rating>
  <RatingCount>69</RatingCount>
  <SeasonNumber>1</SeasonNumber>
  <Writer>Clifton Campbell</Writer>
  <absolute_number></absolute_number>
  <filename>episodes/108611/1084321.jpg</filename>
  <lastupdated>1316384729</lastupdated>
  <seasonid>104251</seasonid>
  <seriesid>108611</seriesid>
</Episode>
<Episode>
  <id>1247521</id>
  <Combined_episodenumber>3</Combined_episodenumber>
  <Combined_season>1</Combined_season>
  <DVD_chapter></DVD_chapter>
  <DVD_discid></DVD_discid>
  <DVD_episodenumber></DVD_episodenumber>
  <DVD_season></DVD_season>
  <Director>John T. Kretchmer</Director>
  <EpImgFlag>2</EpImgFlag>
  <EpisodeName>Book of Hours</EpisodeName>
  <EpisodeNumber>3</EpisodeNumber>
  <FirstAired>2009-11-06</FirstAired>
  <GuestStars></GuestStars>
  <IMDB_ID></IMDB_ID>
  <Language>en</Language>
  <Overview>The disappearance of a precious bible creates an interesting union when a New York Mafia kingpin enlists the help of Peter and the FBI in tracking down his beloved artifact. But while rooting out the thief, Neal finds himself in a tango with a sexy female villain and must decide where his loyalty truly lies.</Overview>
  <ProductionCode></ProductionCode>
  <Rating>7.7</Rating>
  <RatingCount>67</RatingCount>
  <SeasonNumber>1</SeasonNumber>
  <Writer>Tom Garrigus</Writer>
  <absolute_number></absolute_number>
  <filename>episodes/108611/1247521.jpg</filename>
  <lastupdated>1316014291</lastupdated>
  <seasonid>104251</seasonid>
  <seriesid>108611</seriesid>
</Episode>
<Episode>
  <id>1247531</id>
  <Combined_episodenumber>4</Combined_episodenumber>
  <Combined_season>1</Combined_season>
  <DVD_chapter></DVD_chapter>
  <DVD_discid></DVD_discid>
  <DVD_episodenumber></DVD_episodenumber>
  <DVD_season></DVD_season>
  <Director>Timothy Busfield</Director>
  <EpImgFlag>2</EpImgFlag>
  <EpisodeName>Flip of the Coin</EpisodeName>
  <EpisodeNumber>4</EpisodeNumber>
  <FirstAired>2009-11-13</FirstAired>
  <GuestStars></GuestStars>
  <IMDB_ID></IMDB_ID>
  <Language>en</Language>
  <Overview>Peter thinks he’s in for it when Elizabeth shows up at the office with her friend Dana in tow. But Peter isn’t the one in trouble this time; it’s Dana’s husband, Captain John Mitchell, who is in the hot seat.</Overview>
  <ProductionCode></ProductionCode>
  <Rating>7.5</Rating>
  <RatingCount>63</RatingCount>
  <SeasonNumber>1</SeasonNumber>
  <Writer>Jeff Eastin</Writer>
  <absolute_number></absolute_number>
  <filename>episodes/108611/1247531.jpg</filename>
  <lastupdated>1316014313</lastupdated>
  <seasonid>104251</seasonid>
  <seriesid>108611</seriesid>
</Episode>
<Episode>
  <id>1247551</id>
  <Combined_episodenumber>5</Combined_episodenumber>
  <Combined_season>1</Combined_season>
  <DVD_chapter></DVD_chapter>
  <DVD_discid></DVD_discid>
  <DVD_episodenumber></DVD_episodenumber>
  <DVD_season></DVD_season>
  <Director>Allan Arkush</Director>
  <EpImgFlag>7</EpImgFlag>
  <EpisodeName>The Portrait</EpisodeName>
  <EpisodeNumber>5</EpisodeNumber>
  <FirstAired>2009-11-20</FirstAired>
  <GuestStars></GuestStars>
  <IMDB_ID></IMDB_ID>
  <Language>en</Language>
  <Overview>When an expensive portrait is stolen from a young woman, Peter and Neal set a sting for the cunning and deadly culprit. Neal must uncover the secret truth of the portrait's origin even as the net tightens around the villain ... and around Neal himself!</Overview>
  <ProductionCode></ProductionCode>
  <Rating>7.7</Rating>
  <RatingCount>65</RatingCount>
  <SeasonNumber>1</SeasonNumber>
  <Writer>Jeff Eastin</Writer>
  <absolute_number></absolute_number>
  <filename>episodes/108611/1247551.jpg</filename>
  <lastupdated>1316014334</lastupdated>
  <seasonid>104251</seasonid>
  <seriesid>108611</seriesid>
</Episode>
<Episode>
  <id>1247561</id>
  <Combined_episodenumber>6</Combined_episodenumber>
  <Combined_season>1</Combined_season>
  <DVD_chapter></DVD_chapter>
  <DVD_discid></DVD_discid>
  <DVD_episodenumber></DVD_episodenumber>
  <DVD_season></DVD_season>
  <Director>John T. Kretchmer</Director>
  <EpImgFlag>2</EpImgFlag>
  <EpisodeName>All In</EpisodeName>
  <EpisodeNumber>6</EpisodeNumber>
  <FirstAired>2009-11-27</FirstAired>
  <GuestStars></GuestStars>
  <IMDB_ID>tt1518791</IMDB_ID>
  <Language>en</Language>
  <Overview>Thrust into the seedy underbelly of New York's Chinatown, Peter and Neal must navigate vicious Triads, mysterious Interpol agents, and a game of Pai Gow in order to capture their target. </Overview>
  <ProductionCode></ProductionCode>
  <Rating>7.6</Rating>
  <RatingCount>65</RatingCount>
  <SeasonNumber>1</SeasonNumber>
  <Writer>Joe Henderson</Writer>
  <absolute_number></absolute_number>
  <filename>episodes/108611/1247561.jpg</filename>
  <lastupdated>1316014352</lastupdated>
  <seasonid>104251</seasonid>
  <seriesid>108611</seriesid>
</Episode>
<Episode>
  <id>1247571</id>
  <Combined_episodenumber>7</Combined_episodenumber>
  <Combined_season>1</Combined_season>
  <DVD_chapter></DVD_chapter>
  <DVD_discid></DVD_discid>
  <DVD_episodenumber></DVD_episodenumber>
  <DVD_season></DVD_season>
  <Director>Kevin Bray</Director>
  <EpImgFlag>7</EpImgFlag>
  <EpisodeName>Free Fall</EpisodeName>
  <EpisodeNumber>7</EpisodeNumber>
  <FirstAired>2009-12-04</FirstAired>
  <GuestStars></GuestStars>
  <IMDB_ID>tt1524036</IMDB_ID>
  <Language>en</Language>
  <Overview>The FBI investigates a spectacular jewelry heist and all the clues point to Neal. Now Peter must figure out if his &quot;partner&quot; is telling the truth or if Neal is pulling a con of his own.</Overview>
  <ProductionCode></ProductionCode>
  <Rating>8.0</Rating>
  <RatingCount>64</RatingCount>
  <SeasonNumber>1</SeasonNumber>
  <Writer>Jeff Eastin</Writer>
  <absolute_number></absolute_number>
  <filename>episodes/108611/1247571.jpg</filename>
  <lastupdated>1316687449</lastupdated>
  <seasonid>104251</seasonid>
  <seriesid>108611</seriesid>
</Episode>
<Episode>
  <id>1387221</id>
  <Combined_episodenumber>8</Combined_episodenumber>
  <Combined_season>1</Combined_season>
  <DVD_chapter></DVD_chapter>
  <DVD_discid></DVD_discid>
  <DVD_episodenumber></DVD_episodenumber>
  <DVD_season></DVD_season>
  <Director>John T. Kretchmer</Director>
  <EpImgFlag>2</EpImgFlag>
  <EpisodeName>Hard Sell</EpisodeName>
  <EpisodeNumber>8</EpisodeNumber>
  <FirstAired>2010-01-19</FirstAired>
  <GuestStars></GuestStars>
  <IMDB_ID>tt1535940</IMDB_ID>
  <Language>en</Language>
  <Overview>Neal must infiltrate a company of corrupt Wall Street brokers to preserve his deal with the FBI. When Peter is forced to go undercover alongside him, a discovery is made that could change their partnership forever.</Overview>
  <ProductionCode></ProductionCode>
  <Rating>7.9</Rating>
  <RatingCount>54</RatingCount>
  <SeasonNumber>1</SeasonNumber>
  <Writer>Jim Campolongo</Writer>
  <absolute_number></absolute_number>
  <filename>episodes/108611/1387221.jpg</filename>
  <lastupdated>1316687466</lastupdated>
  <seasonid>104251</seasonid>
  <seriesid>108611</seriesid>
</Episode>
<Episode>
  <id>1443011</id>
  <Combined_episodenumber>9</Combined_episodenumber>
  <Combined_season>1</Combined_season>
  <DVD_chapter></DVD_chapter>
  <DVD_discid></DVD_discid>
  <DVD_episodenumber></DVD_episodenumber>
  <DVD_season></DVD_season>
  <Director>John T. Kretchmer</Director>
  <EpImgFlag>2</EpImgFlag>
  <EpisodeName>Bad Judgment</EpisodeName>
  <EpisodeNumber>9</EpisodeNumber>
  <FirstAired>2010-01-26</FirstAired>
  <GuestStars></GuestStars>
  <IMDB_ID>tt1576646</IMDB_ID>
  <Language>en</Language>
  <Overview>Peter is feeling good after a long weekend of relaxation, but his buzz is quashed when he returns to the office to see David Sullivan and his young daughter, Alison, waiting for him. Sullivan stood to inherit his recently deceased father's home, but the bank is foreclosing. Turns out, the old man took out a second mortgage before he passed away. Sullivan claims fraud, but the bank has a stack of paperwork, signed and notarized by his father. As Peter and Neal see the situation, it doesn't get much more cut and dry.</Overview>
  <ProductionCode></ProductionCode>
  <Rating>7.8</Rating>
  <RatingCount>69</RatingCount>
  <SeasonNumber>1</SeasonNumber>
  <Writer>Jeff Eastin</Writer>
  <absolute_number></absolute_number>
  <filename>episodes/108611/1443011.jpg</filename>
  <lastupdated>1332426320</lastupdated>
  <seasonid>104251</seasonid>
  <seriesid>108611</seriesid>
</Episode>
<Episode>
  <id>1579581</id>
  <Combined_episodenumber>10</Combined_episodenumber>
  <Combined_season>1</Combined_season>
  <DVD_chapter></DVD_chapter>
  <DVD_discid></DVD_discid>
  <DVD_episodenumber></DVD_episodenumber>
  <DVD_season></DVD_season>
  <Director>Dennie Gordon</Director>
  <EpImgFlag>2</EpImgFlag>
  <EpisodeName>Vital Signs</EpisodeName>
  <EpisodeNumber>10</EpisodeNumber>
  <FirstAired>2010-02-02</FirstAired>
  <GuestStars></GuestStars>
  <IMDB_ID>tt1587661</IMDB_ID>
  <Language>en</Language>
  <Overview>When June's niece suffers renal trauma, Neal stumbles upon a cruel scheme to harvest human organs and brings the case to Peter.</Overview>
  <ProductionCode></ProductionCode>
  <Rating>7.7</Rating>
  <RatingCount>61</RatingCount>
  <SeasonNumber>1</SeasonNumber>
  <Writer>Joan Binder Weiss</Writer>
  <absolute_number></absolute_number>
  <filename>episodes/108611/1579581.jpg</filename>
  <lastupdated>1321015223</lastupdated>
  <seasonid>104251</seasonid>
  <seriesid>108611</seriesid>
</Episode>
<Episode>
  <id>1579591</id>
  <Combined_episodenumber>11</Combined_episodenumber>
  <Combined_season>1</Combined_season>
  <DVD_chapter></DVD_chapter>
  <DVD_discid></DVD_discid>
  <DVD_episodenumber></DVD_episodenumber>
  <DVD_season></DVD_season>
  <Director>Ken Girotti</Director>
  <EpImgFlag>2</EpImgFlag>
  <EpisodeName>Home Invasion</EpisodeName>
  <EpisodeNumber>11</EpisodeNumber>
  <FirstAired>2010-02-09</FirstAired>
  <GuestStars></GuestStars>
  <IMDB_ID>tt1592124</IMDB_ID>
  <Language>en</Language>
  <Overview>To avoid an international conflict, Peter and Neal have to find a thief who is stealing pieces to a valuable collection.</Overview>
  <ProductionCode></ProductionCode>
  <Rating>7.7</Rating>
  <RatingCount>58</RatingCount>
  <SeasonNumber>1</SeasonNumber>
  <Writer>Channing Powell</Writer>
  <absolute_number></absolute_number>
  <filename>episodes/108611/1579591.jpg</filename>
  <lastupdated>1332426360</lastupdated>
  <seasonid>104251</seasonid>
  <seriesid>108611</seriesid>
</Episode>
<Episode>
  <id>1579601</id>
  <Combined_episodenumber>12</Combined_episodenumber>
  <Combined_season>1</Combined_season>
  <DVD_chapter></DVD_chapter>
  <DVD_discid></DVD_discid>
  <DVD_episodenumber></DVD_episodenumber>
  <DVD_season></DVD_season>
  <Director>Phil Abraham</Director>
  <EpImgFlag>2</EpImgFlag>
  <EpisodeName>Bottlenecked</EpisodeName>
  <EpisodeNumber>12</EpisodeNumber>
  <FirstAired>2010-02-23</FirstAired>
  <GuestStars>Kate Levering|Gloria Votsis</GuestStars>
  <IMDB_ID>tt1596550</IMDB_ID>
  <Language>en</Language>
  <Overview>An old rival of Neal's lays down a challenge: to see if either of them can create an impossible forgery. But as the rival uses brutal and deadly tactics to achieve his ends, Neal quickly realizes that much more is at stake than bragging rights!</Overview>
  <ProductionCode></ProductionCode>
  <Rating>7.9</Rating>
  <RatingCount>54</RatingCount>
  <SeasonNumber>1</SeasonNumber>
  <Writer>Jeff Eastin</Writer>
  <absolute_number></absolute_number>
  <filename>episodes/108611/1579601.jpg</filename>
  <lastupdated>1324113986</lastupdated>
  <seasonid>104251</seasonid>
  <seriesid>108611</seriesid>
</Episode>
<Episode>
  <id>1631851</id>
  <Combined_episodenumber>13</Combined_episodenumber>
  <Combined_season>1</Combined_season>
  <DVD_chapter></DVD_chapter>
  <DVD_discid></DVD_discid>
  <DVD_episodenumber></DVD_episodenumber>
  <DVD_season></DVD_season>
  <Director>Michael Smith</Director>
  <EpImgFlag>2</EpImgFlag>
  <EpisodeName>Front Man</EpisodeName>
  <EpisodeNumber>13</EpisodeNumber>
  <FirstAired>2010-03-02</FirstAired>
  <GuestStars></GuestStars>
  <IMDB_ID>tt1609460</IMDB_ID>
  <Language>en</Language>
  <Overview>Neal helps an old friend whose daughter has been kidnapped, without realizing that it's all a trap from an old enemy.</Overview>
  <ProductionCode></ProductionCode>
  <Rating>7.9</Rating>
  <RatingCount>61</RatingCount>
  <SeasonNumber>1</SeasonNumber>
  <Writer>Rashad Raisani</Writer>
  <absolute_number></absolute_number>
  <filename>episodes/108611/1631851.jpg</filename>
  <lastupdated>1324113971</lastupdated>
  <seasonid>104251</seasonid>
  <seriesid>108611</seriesid>
</Episode>
<Episode>
  <id>1631861</id>
  <Combined_episodenumber>14</Combined_episodenumber>
  <Combined_season>1</Combined_season>
  <DVD_chapter></DVD_chapter>
  <DVD_discid></DVD_discid>
  <DVD_episodenumber></DVD_episodenumber>
  <DVD_season></DVD_season>
  <Director>Kevin Bray</Director>
  <EpImgFlag>2</EpImgFlag>
  <EpisodeName>Out of the Box</EpisodeName>
  <EpisodeNumber>14</EpisodeNumber>
  <FirstAired>2010-03-09</FirstAired>
  <GuestStars></GuestStars>
  <IMDB_ID></IMDB_ID>
  <Language>en</Language>
  <Overview>Neal and Alex attempt to recover a music box from the Italian Consulate. Peter and Diana try to take down Fowler</Overview>
  <ProductionCode></ProductionCode>
  <Rating>8.4</Rating>
  <RatingCount>60</RatingCount>
  <SeasonNumber>1</SeasonNumber>
  <Writer>Jeff Eastin</Writer>
  <absolute_number></absolute_number>
  <filename>episodes/108611/1631861.jpg</filename>
  <lastupdated>1324113955</lastupdated>
  <seasonid>104251</seasonid>
  <seriesid>108611</seriesid>
</Episode>
<Episode>
  <id>2186261</id>
  <Combined_episodenumber>1</Combined_episodenumber>
  <Combined_season>2</Combined_season>
  <DVD_chapter></DVD_chapter>
  <DVD_discid></DVD_discid>
  <DVD_episodenumber></DVD_episodenumber>
  <DVD_season></DVD_season>
  <Director>Tim Matheson</Director>
  <EpImgFlag>2</EpImgFlag>
  <EpisodeName>Withdrawal</EpisodeName>
  <EpisodeNumber>1</EpisodeNumber>
  <FirstAired>2010-07-13</FirstAired>
  <GuestStars>James Schram</GuestStars>
  <IMDB_ID></IMDB_ID>
  <Language>en</Language>
  <Overview>Peter and Neal try to stay a step ahead of a sophisticated bank robber. But once alarms are set off throughout the city, the guys realize they're dealing with a true professional.</Overview>
  <ProductionCode></ProductionCode>
  <Rating>7.9</Rating>
  <RatingCount>61</RatingCount>
  <SeasonNumber>2</SeasonNumber>
  <Writer>Jeff Eastin</Writer>
  <absolute_number></absolute_number>
  <filename>episodes/108611/2186261.jpg</filename>
  <lastupdated>1303504910</lastupdated>
  <seasonid>242561</seasonid>
  <seriesid>108611</seriesid>
</Episode>
<Episode>
  <id>2371231</id>
  <Combined_episodenumber>2</Combined_episodenumber>
  <Combined_season>2</Combined_season>
  <DVD_chapter></DVD_chapter>
  <DVD_discid></DVD_discid>
  <DVD_episodenumber></DVD_episodenumber>
  <DVD_season></DVD_season>
  <Director>Sanford Bookstaver</Director>
  <EpImgFlag>2</EpImgFlag>
  <EpisodeName>Need to Know</EpisodeName>
  <EpisodeNumber>2</EpisodeNumber>
  <FirstAired>2010-07-20</FirstAired>
  <GuestStars>James Schram</GuestStars>
  <IMDB_ID></IMDB_ID>
  <Language>en</Language>
  <Overview>Neal goes undercover as a political &quot;fixer&quot; in order to bring down a corrupt politician. Diana and Peter's lead brings them to an unidentified man who escapes their pursuit. It is also revealed that Peter had Diana keep the music box's location hidden even from Peter himself. Neal begins to suspect that Peter is investigating the plane explosion behind his back. </Overview>
  <ProductionCode></ProductionCode>
  <Rating>8.0</Rating>
  <RatingCount>65</RatingCount>
  <SeasonNumber>2</SeasonNumber>
  <Writer>Joe Henderson</Writer>
  <absolute_number></absolute_number>
  <filename>episodes/108611/2371231.jpg</filename>
  <lastupdated>1303504945</lastupdated>
  <seasonid>242561</seasonid>
  <seriesid>108611</seriesid>
</Episode>
<Episode>
  <id>2371241</id>
  <Combined_episodenumber>3</Combined_episodenumber>
  <Combined_season>2</Combined_season>
  <DVD_chapter></DVD_chapter>
  <DVD_discid></DVD_discid>
  <DVD_episodenumber></DVD_episodenumber>
  <DVD_season></DVD_season>
  <Director>Paul Holahan</Director>
  <EpImgFlag>2</EpImgFlag>
  <EpisodeName>Copycat Caffrey</EpisodeName>
  <EpisodeNumber>3</EpisodeNumber>
  <FirstAired>2010-07-27</FirstAired>
  <GuestStars></GuestStars>
  <IMDB_ID></IMDB_ID>
  <Language>en</Language>
  <Overview>Peter sends Neal back to school after someone copycats one of his old schemes. Alex returns with some bad news. Diana discovers the music box is hiding something. Peter and Diana set out to find the missing key, which is the last piece of the music box that Alex gives Neal before leaving for Italy. Aidan Quinn guest stars as a criminology professor. </Overview>
  <ProductionCode></ProductionCode>
  <Rating>7.8</Rating>
  <RatingCount>66</RatingCount>
  <SeasonNumber>2</SeasonNumber>
  <Writer>Channing Powell</Writer>
  <absolute_number></absolute_number>
  <filename>episodes/108611/2371241.jpg</filename>
  <lastupdated>1303504969</lastupdated>
  <seasonid>242561</seasonid>
  <seriesid>108611</seriesid>
</Episode>
<Episode>
  <id>2371251</id>
  <Combined_episodenumber>4</Combined_episodenumber>
  <Combined_season>2</Combined_season>
  <DVD_chapter></DVD_chapter>
  <DVD_discid></DVD_discid>
  <DVD_episodenumber></DVD_episodenumber>
  <DVD_season></DVD_season>
  <Director>Michael Smith</Director>
  <EpImgFlag>2</EpImgFlag>
  <EpisodeName>By the Book</EpisodeName>
  <EpisodeNumber>4</EpisodeNumber>
  <FirstAired>2010-08-03</FirstAired>
  <GuestStars>Diane Farr</GuestStars>
  <IMDB_ID></IMDB_ID>
  <Language>en</Language>
  <Overview>When Mozzie believes someone he cares about has been kidnapped, he turns to Peter and Neal for help. </Overview>
  <ProductionCode></ProductionCode>
  <Rating>7.9</Rating>
  <RatingCount>64</RatingCount>
  <SeasonNumber>2</SeasonNumber>
  <Writer>Alexandra McNally</Writer>
  <absolute_number></absolute_number>
  <filename>episodes/108611/2371251.jpg</filename>
  <lastupdated>1303504995</lastupdated>
  <seasonid>242561</seasonid>
  <seriesid>108611</seriesid>
</Episode>
<Episode>
  <id>2371261</id>
  <Combined_episodenumber>5</Combined_episodenumber>
  <Combined_season>2</Combined_season>
  <DVD_chapter></DVD_chapter>
  <DVD_discid></DVD_discid>
  <DVD_episodenumber></DVD_episodenumber>
  <DVD_season></DVD_season>
  <Director>Tricia Brock</Director>
  <EpImgFlag>2</EpImgFlag>
  <EpisodeName>Unfinished Business</EpisodeName>
  <EpisodeNumber>5</EpisodeNumber>
  <FirstAired>2010-08-10</FirstAired>
  <GuestStars></GuestStars>
  <IMDB_ID></IMDB_ID>
  <Language>en</Language>
  <Overview>In order to save the life of an insurance investigator named Sara Ellis, Neal and Peter have to find out why a real-estate mogul put a price on her head. </Overview>
  <ProductionCode></ProductionCode>
  <Rating>8.0</Rating>
  <RatingCount>68</RatingCount>
  <SeasonNumber>2</SeasonNumber>
  <Writer>Jeff Eastin</Writer>
  <absolute_number></absolute_number>
  <filename>episodes/108611/2371261.jpg</filename>
  <lastupdated>1303505054</lastupdated>
  <seasonid>242561</seasonid>
  <seriesid>108611</seriesid>
</Episode>
<Episode>
  <id>2371271</id>
  <Combined_episodenumber>6</Combined_episodenumber>
  <Combined_season>2</Combined_season>
  <DVD_chapter></DVD_chapter>
  <DVD_discid></DVD_discid>
  <DVD_episodenumber></DVD_episodenumber>
  <DVD_season></DVD_season>
  <Director>Tricia Brock</Director>
  <EpImgFlag>2</EpImgFlag>
  <EpisodeName>In the Red</EpisodeName>
  <EpisodeNumber>6</EpisodeNumber>
  <FirstAired>2010-08-17</FirstAired>
  <GuestStars></GuestStars>
  <IMDB_ID></IMDB_ID>
  <Language>en</Language>
  <Overview>The arrest of a jewel thief leads Peter and Neal toward a much more heinous extortion case against adoptive parents.</Overview>
  <ProductionCode></ProductionCode>
  <Rating>7.8</Rating>
  <RatingCount>64</RatingCount>
  <SeasonNumber>2</SeasonNumber>
  <Writer>Matt Negrete</Writer>
  <absolute_number></absolute_number>
  <filename>episodes/108611/2371271.jpg</filename>
  <lastupdated>1303505076</lastupdated>
  <seasonid>242561</seasonid>
  <seriesid>108611</seriesid>
</Episode>
<Episode>
  <id>2371281</id>
  <Combined_episodenumber>7</Combined_episodenumber>
  <Combined_season>2</Combined_season>
  <DVD_chapter></DVD_chapter>
  <DVD_discid></DVD_discid>
  <DVD_episodenumber></DVD_episodenumber>
  <DVD_season></DVD_season>
  <Director>Rosemary Rodriguez</Director>
  <EpImgFlag>2</EpImgFlag>
  <EpisodeName>Prisoner's Dilemma</EpisodeName>
  <EpisodeNumber>7</EpisodeNumber>
  <FirstAired>2010-08-24</FirstAired>
  <GuestStars></GuestStars>
  <IMDB_ID></IMDB_ID>
  <Language>en</Language>
  <Overview>Joe Morton! An FBI Agent is accused of selling witness locations during criminal trials, and the U.S. Marshals ask Peter and Neal for help tracking down the suspect</Overview>
  <ProductionCode></ProductionCode>
  <Rating>8.0</Rating>
  <RatingCount>60</RatingCount>
  <SeasonNumber>2</SeasonNumber>
  <Writer>Jim Campolongo</Writer>
  <absolute_number></absolute_number>
  <filename>episodes/108611/2371281.jpg</filename>
  <lastupdated>1304724353</lastupdated>
  <seasonid>242561</seasonid>
  <seriesid>108611</seriesid>
</Episode>
<Episode>
  <id>2429851</id>
  <Combined_episodenumber>8</Combined_episodenumber>
  <Combined_season>2</Combined_season>
  <DVD_chapter></DVD_chapter>
  <DVD_discid></DVD_discid>
  <DVD_episodenumber></DVD_episodenumber>
  <DVD_season></DVD_season>
  <Director>Vincent Misiano</Director>
  <EpImgFlag>2</EpImgFlag>
  <EpisodeName>Company Man</EpisodeName>
  <EpisodeNumber>8</EpisodeNumber>
  <FirstAired>2010-08-31</FirstAired>
  <GuestStars></GuestStars>
  <IMDB_ID></IMDB_ID>
  <Language>en</Language>
  <Overview>Neal and Peter must go undercover into the world of corporate espionage after a tech company's head researcher is murdered.</Overview>
  <ProductionCode></ProductionCode>
  <Rating>8.1</Rating>
  <RatingCount>62</RatingCount>
  <SeasonNumber>2</SeasonNumber>
  <Writer>Mark Goffman</Writer>
  <absolute_number></absolute_number>
  <filename>episodes/108611/2429851.jpg</filename>
  <lastupdated>1309617314</lastupdated>
  <seasonid>242561</seasonid>
  <seriesid>108611</seriesid>
</Episode>
<Episode>
  <id>2703621</id>
  <Combined_episodenumber>9</Combined_episodenumber>
  <Combined_season>2</Combined_season>
  <DVD_chapter></DVD_chapter>
  <DVD_discid></DVD_discid>
  <DVD_episodenumber></DVD_episodenumber>
  <DVD_season></DVD_season>
  <Director>Kevin Bray</Director>
  <EpImgFlag>2</EpImgFlag>
  <EpisodeName>Point Blank</EpisodeName>
  <EpisodeNumber>9</EpisodeNumber>
  <FirstAired>2010-09-07</FirstAired>
  <GuestStars></GuestStars>
  <IMDB_ID></IMDB_ID>
  <Language>en</Language>
  <Overview>Neal orchestrates an elaborate con to bring himself face to face with Kate's murderer.</Overview>
  <ProductionCode></ProductionCode>
  <Rating>8.1</Rating>
  <RatingCount>63</RatingCount>
  <SeasonNumber>2</SeasonNumber>
  <Writer>Jeff Eastin</Writer>
  <absolute_number></absolute_number>
  <filename>episodes/108611/2703621.jpg</filename>
  <lastupdated>1304724407</lastupdated>
  <seasonid>242561</seasonid>
  <seriesid>108611</seriesid>
</Episode>
<Episode>
  <id>2768271</id>
  <Combined_episodenumber>10</Combined_episodenumber>
  <Combined_season>2</Combined_season>
  <DVD_chapter></DVD_chapter>
  <DVD_discid></DVD_discid>
  <DVD_episodenumber></DVD_episodenumber>
  <DVD_season>2</DVD_season>
  <Director>Michael Smith</Director>
  <EpImgFlag>2</EpImgFlag>
  <EpisodeName>Burke's Seven</EpisodeName>
  <EpisodeNumber>10</EpisodeNumber>
  <FirstAired>2011-01-18</FirstAired>
  <GuestStars>|Gian-Murray Gianino|Joel Van Liew|Lisa Velten Smith|Jeff Greene|Paul Blackthorne|Ato Essandoh|Jayce Bartok|Kevin Kilner|Phil E. Eichinger|Tracy Jai Edwards|</GuestStars>
  <IMDB_ID>tt1791429</IMDB_ID>
  <Language>en</Language>
  <Overview>Mozzie narrowly escapes death and Neal uses his contacts to help Peter find Mozzie's shooter Julian Larssen. However, Larssen manages to blame Peter instead and is released. Suspended from the FBI, Peter enlists the help of Neal, Jones, Diana, Sara, Mozzie and even Elizabeth to run a sting to finally catch Larssen and to clear his name.</Overview>
  <ProductionCode></ProductionCode>
  <Rating>8.1</Rating>
  <RatingCount>71</RatingCount>
  <SeasonNumber>2</SeasonNumber>
  <Writer>Joe Henderson</Writer>
  <absolute_number></absolute_number>
  <filename>episodes/108611/2768271.jpg</filename>
  <lastupdated>1309618081</lastupdated>
  <seasonid>242561</seasonid>
  <seriesid>108611</seriesid>
</Episode>
<Episode>
  <id>2920411</id>
  <Combined_episodenumber>11</Combined_episodenumber>
  <Combined_season>2</Combined_season>
  <DVD_chapter></DVD_chapter>
  <DVD_discid></DVD_discid>
  <DVD_episodenumber></DVD_episodenumber>
  <DVD_season></DVD_season>
  <Director>John T. Kretchmer</Director>
  <EpImgFlag>2</EpImgFlag>
  <EpisodeName>Forging Bonds</EpisodeName>
  <EpisodeNumber>11</EpisodeNumber>
  <FirstAired>2011-01-25</FirstAired>
  <GuestStars>|Ezra Knight|Ed Morrone|Nancy Ticotin|Tim Miller|Erin Keeney|Joe Coots|Darby Totten|Andrew McCarthy|Nathen Garson|</GuestStars>
  <IMDB_ID>tt1791430</IMDB_ID>
  <Language>en</Language>
  <Overview>Peter goes back to the time he arrested Neal for the first time. In the meantime, Neal remembers meeting Kate and Mozzie.</Overview>
  <ProductionCode></ProductionCode>
  <Rating>7.9</Rating>
  <RatingCount>71</RatingCount>
  <SeasonNumber>2</SeasonNumber>
  <Writer>|Alexandra McNally|Jeff Eastin|</Writer>
  <absolute_number></absolute_number>
  <filename>episodes/108611/2920411.jpg</filename>
  <lastupdated>1309618113</lastupdated>
  <seasonid>242561</seasonid>
  <seriesid>108611</seriesid>
</Episode>
<Episode>
  <id>2920421</id>
  <Combined_episodenumber>12</Combined_episodenumber>
  <Combined_season>2</Combined_season>
  <DVD_chapter></DVD_chapter>
  <DVD_discid></DVD_discid>
  <DVD_episodenumber></DVD_episodenumber>
  <DVD_season></DVD_season>
  <Director>John T. Kretchmer</Director>
  <EpImgFlag>2</EpImgFlag>
  <EpisodeName>What Happens in Burma</EpisodeName>
  <EpisodeNumber>12</EpisodeNumber>
  <FirstAired>2011-02-01</FirstAired>
  <GuestStars>|Reggie Lee|Cotter Smith|Richard Short|Ryan Lynn|Vanessa Ray|Danny Mastrogiorgio|Tess Paras|</GuestStars>
  <IMDB_ID>tt1715177</IMDB_ID>
  <Language>en</Language>
  <Overview>Peter and Neal work to free a diplomat's son, who has been taken into custody in Burma for a crime he didn't commit. The case requires the duo to use diplomatic laws to their advantage in order to overcome the obstacles facing them.</Overview>
  <ProductionCode></ProductionCode>
  <Rating>7.7</Rating>
  <RatingCount>70</RatingCount>
  <SeasonNumber>2</SeasonNumber>
  <Writer>Hy Conrad</Writer>
  <absolute_number></absolute_number>
  <filename>episodes/108611/2920421.jpg</filename>
  <lastupdated>1309618147</lastupdated>
  <seasonid>242561</seasonid>
  <seriesid>108611</seriesid>
</Episode>
<Episode>
  <id>2920431</id>
  <Combined_episodenumber>13</Combined_episodenumber>
  <Combined_season>2</Combined_season>
  <DVD_chapter></DVD_chapter>
  <DVD_discid></DVD_discid>
  <DVD_episodenumber></DVD_episodenumber>
  <DVD_season></DVD_season>
  <Director>Michael Smith</Director>
  <EpImgFlag>2</EpImgFlag>
  <EpisodeName>Countermeasures</EpisodeName>
  <EpisodeNumber>13</EpisodeNumber>
  <FirstAired>2011-02-08</FirstAired>
  <GuestStars>|Joseph Sikora|Billy Dee Williams|</GuestStars>
  <IMDB_ID>tt1763152</IMDB_ID>
  <Language>en</Language>
  <Overview>Neal is suspicious when an old friend of June's husband is released from jail and shows up for a visit.</Overview>
  <ProductionCode></ProductionCode>
  <Rating>7.9</Rating>
  <RatingCount>69</RatingCount>
  <SeasonNumber>2</SeasonNumber>
  <Writer>Jim Campolongo</Writer>
  <absolute_number></absolute_number>
  <filename>episodes/108611/2920431.jpg</filename>
  <lastupdated>1332390208</lastupdated>
  <seasonid>242561</seasonid>
  <seriesid>108611</seriesid>
</Episode>
<Episode>
  <id>2920441</id>
  <Combined_episodenumber>14</Combined_episodenumber>
  <Combined_season>2</Combined_season>
  <DVD_chapter></DVD_chapter>
  <DVD_discid></DVD_discid>
  <DVD_episodenumber></DVD_episodenumber>
  <DVD_season></DVD_season>
  <Director>Russell Lee Fine</Director>
  <EpImgFlag>2</EpImgFlag>
  <EpisodeName>Payback</EpisodeName>
  <EpisodeNumber>14</EpisodeNumber>
  <FirstAired>2011-02-22</FirstAired>
  <GuestStars>|Adam Goldberg|Ross McCall|</GuestStars>
  <IMDB_ID>tt1763153</IMDB_ID>
  <Language>en</Language>
  <Overview>Matthew Keller, Neal's imprisoned rival, contacts Neal and Peter to make a deal. However, the two have to realize Keller set them up to kidnap Peter and to force Neal to bargain with Jason Lang, Keller's former partner turned adversary.</Overview>
  <ProductionCode>WC214</ProductionCode>
  <Rating>7.9</Rating>
  <RatingCount>74</RatingCount>
  <SeasonNumber>2</SeasonNumber>
  <Writer>Mark Goffman</Writer>
  <absolute_number></absolute_number>
  <filename>episodes/108611/2920441.jpg</filename>
  <lastupdated>1310571500</lastupdated>
  <seasonid>242561</seasonid>
  <seriesid>108611</seriesid>
</Episode>
<Episode>
  <id>2920461</id>
  <Combined_episodenumber>15</Combined_episodenumber>
  <Combined_season>2</Combined_season>
  <DVD_chapter></DVD_chapter>
  <DVD_discid></DVD_discid>
  <DVD_episodenumber></DVD_episodenumber>
  <DVD_season></DVD_season>
  <Director>Jeff King</Director>
  <EpImgFlag>2</EpImgFlag>
  <EpisodeName>Power Play</EpisodeName>
  <EpisodeNumber>15</EpisodeNumber>
  <FirstAired>2011-03-01</FirstAired>
  <GuestStars></GuestStars>
  <IMDB_ID></IMDB_ID>
  <Language>en</Language>
  <Overview>Peter and Neal assume each other's identities to uncover a collusion scheme.</Overview>
  <ProductionCode></ProductionCode>
  <Rating>7.8</Rating>
  <RatingCount>70</RatingCount>
  <SeasonNumber>2</SeasonNumber>
  <Writer>Mark Goffman</Writer>
  <absolute_number></absolute_number>
  <filename>episodes/108611/2920461.jpg</filename>
  <lastupdated>1332390265</lastupdated>
  <seasonid>242561</seasonid>
  <seriesid>108611</seriesid>
</Episode>
<Episode>
  <id>2920451</id>
  <Combined_episodenumber>16</Combined_episodenumber>
  <Combined_season>2</Combined_season>
  <DVD_chapter></DVD_chapter>
  <DVD_discid></DVD_discid>
  <DVD_episodenumber></DVD_episodenumber>
  <DVD_season></DVD_season>
  <Director>John T. Kretchmer</Director>
  <EpImgFlag>2</EpImgFlag>
  <EpisodeName>Under the Radar</EpisodeName>
  <EpisodeNumber>16</EpisodeNumber>
  <FirstAired>2011-03-08</FirstAired>
  <GuestStars></GuestStars>
  <IMDB_ID></IMDB_ID>
  <Language>en</Language>
  <Overview>Neal gets closer to finding out the truth about Kate's death.</Overview>
  <ProductionCode></ProductionCode>
  <Rating>8.0</Rating>
  <RatingCount>69</RatingCount>
  <SeasonNumber>2</SeasonNumber>
  <Writer>Jeff Eastin</Writer>
  <absolute_number></absolute_number>
  <filename>episodes/108611/2920451.jpg</filename>
  <lastupdated>1332390297</lastupdated>
  <seasonid>242561</seasonid>
  <seriesid>108611</seriesid>
</Episode>
<Episode>
  <id>3921121</id>
  <Combined_episodenumber>1</Combined_episodenumber>
  <Combined_season>3</Combined_season>
  <DVD_chapter></DVD_chapter>
  <DVD_discid></DVD_discid>
  <DVD_episodenumber></DVD_episodenumber>
  <DVD_season></DVD_season>
  <Director>Russell Lee Fine</Director>
  <EpImgFlag>2</EpImgFlag>
  <EpisodeName>On Guard</EpisodeName>
  <EpisodeNumber>1</EpisodeNumber>
  <FirstAired>2011-06-07</FirstAired>
  <GuestStars>Denise Vasi</GuestStars>
  <IMDB_ID>tt1880095</IMDB_ID>
  <Language>en</Language>
  <Overview>Despite their newly-arisen trust issues, Neal and Peter have to work together to catch a thief who took his stash out of the Federal Reserve.</Overview>
  <ProductionCode></ProductionCode>
  <Rating>7.8</Rating>
  <RatingCount>64</RatingCount>
  <SeasonNumber>3</SeasonNumber>
  <Writer>Jeff Eastin</Writer>
  <absolute_number>31</absolute_number>
  <filename>episodes/108611/3921121.jpg</filename>
  <lastupdated>1328607137</lastupdated>
  <seasonid>445201</seasonid>
  <seriesid>108611</seriesid>
</Episode>
<Episode>
  <id>4095651</id>
  <Combined_episodenumber>2</Combined_episodenumber>
  <Combined_season>3</Combined_season>
  <DVD_chapter></DVD_chapter>
  <DVD_discid></DVD_discid>
  <DVD_episodenumber></DVD_episodenumber>
  <DVD_season></DVD_season>
  <Director>Sanford Bookstaver</Director>
  <EpImgFlag>2</EpImgFlag>
  <EpisodeName>Where There's a Will</EpisodeName>
  <EpisodeNumber>2</EpisodeNumber>
  <FirstAired>2011-06-14</FirstAired>
  <GuestStars>Danny Masterson|Chris Masterson|Anna Chlumsky|William Sadler</GuestStars>
  <IMDB_ID>tt1904764</IMDB_ID>
  <Language>en</Language>
  <Overview>Peter and Neal find a treasure map on a forged will, and soon enter a race to locate the treasure and save the daughter of the beneficiary.</Overview>
  <ProductionCode></ProductionCode>
  <Rating>8.0</Rating>
  <RatingCount>61</RatingCount>
  <SeasonNumber>3</SeasonNumber>
  <Writer>Mark Goffman</Writer>
  <absolute_number></absolute_number>
  <filename>episodes/108611/4095651.jpg</filename>
  <lastupdated>1328607153</lastupdated>
  <seasonid>445201</seasonid>
  <seriesid>108611</seriesid>
</Episode>
<Episode>
  <id>4095652</id>
  <Combined_episodenumber>3</Combined_episodenumber>
  <Combined_season>3</Combined_season>
  <DVD_chapter></DVD_chapter>
  <DVD_discid></DVD_discid>
  <DVD_episodenumber></DVD_episodenumber>
  <DVD_season></DVD_season>
  <Director>Michael Smith</Director>
  <EpImgFlag>2</EpImgFlag>
  <EpisodeName>Deadline</EpisodeName>
  <EpisodeNumber>3</EpisodeNumber>
  <FirstAired>2011-06-21</FirstAired>
  <GuestStars></GuestStars>
  <IMDB_ID>tt1900784</IMDB_ID>
  <Language>en</Language>
  <Overview>Diana goes undercover to protect a magazine journalist; Peter and Neal investigate a pharmaceutical company.</Overview>
  <ProductionCode></ProductionCode>
  <Rating>8.0</Rating>
  <RatingCount>57</RatingCount>
  <SeasonNumber>3</SeasonNumber>
  <Writer>Alexandra McNally</Writer>
  <absolute_number></absolute_number>
  <filename>episodes/108611/4095652.jpg</filename>
  <lastupdated>1331540995</lastupdated>
  <seasonid>445201</seasonid>
  <seriesid>108611</seriesid>
</Episode>
<Episode>
  <id>4095655</id>
  <Combined_episodenumber>4</Combined_episodenumber>
  <Combined_season>3</Combined_season>
  <DVD_chapter></DVD_chapter>
  <DVD_discid></DVD_discid>
  <DVD_episodenumber></DVD_episodenumber>
  <DVD_season></DVD_season>
  <Director>Dennie Gordon</Director>
  <EpImgFlag>2</EpImgFlag>
  <EpisodeName>The Dentist of Detroit</EpisodeName>
  <EpisodeNumber>4</EpisodeNumber>
  <FirstAired>2011-06-28</FirstAired>
  <GuestStars></GuestStars>
  <IMDB_ID>tt1918586</IMDB_ID>
  <Language>en</Language>
  <Overview>Peter and Neal help Mozzie rework a scam to prevent a mob war.</Overview>
  <ProductionCode></ProductionCode>
  <Rating>7.9</Rating>
  <RatingCount>58</RatingCount>
  <SeasonNumber>3</SeasonNumber>
  <Writer>Channing Powell|Matt Negrete</Writer>
  <absolute_number></absolute_number>
  <filename>episodes/108611/4095655.jpg</filename>
  <lastupdated>1328607194</lastupdated>
  <seasonid>445201</seasonid>
  <seriesid>108611</seriesid>
</Episode>
<Episode>
  <id>4095653</id>
  <Combined_episodenumber>5</Combined_episodenumber>
  <Combined_season>3</Combined_season>
  <DVD_chapter></DVD_chapter>
  <DVD_discid></DVD_discid>
  <DVD_episodenumber></DVD_episodenumber>
  <DVD_season></DVD_season>
  <Director>Paul Holahan</Director>
  <EpImgFlag>2</EpImgFlag>
  <EpisodeName>Veiled Threat</EpisodeName>
  <EpisodeNumber>5</EpisodeNumber>
  <FirstAired>2011-07-05</FirstAired>
  <GuestStars>Madchen Amick</GuestStars>
  <IMDB_ID>tt1975778</IMDB_ID>
  <Language>en</Language>
  <Overview>Peter and Neal pose as wealthy bachelors to catch a black widow.</Overview>
  <ProductionCode></ProductionCode>
  <Rating>7.9</Rating>
  <RatingCount>55</RatingCount>
  <SeasonNumber>3</SeasonNumber>
  <Writer>Jim Campolongo</Writer>
  <absolute_number></absolute_number>
  <filename>episodes/108611/4095653.jpg</filename>
  <lastupdated>1330974823</lastupdated>
  <seasonid>445201</seasonid>
  <seriesid>108611</seriesid>
</Episode>
<Episode>
  <id>4095654</id>
  <Combined_episodenumber>6</Combined_episodenumber>
  <Combined_season>3</Combined_season>
  <DVD_chapter></DVD_chapter>
  <DVD_discid></DVD_discid>
  <DVD_episodenumber></DVD_episodenumber>
  <DVD_season></DVD_season>
  <Director>Tricia Brock</Director>
  <EpImgFlag>2</EpImgFlag>
  <EpisodeName>Scott Free</EpisodeName>
  <EpisodeNumber>6</EpisodeNumber>
  <FirstAired>2011-07-12</FirstAired>
  <GuestStars></GuestStars>
  <IMDB_ID>ttl1942779</IMDB_ID>
  <Language>en</Language>
  <Overview>A teenage con man goes on a New York crime spree.</Overview>
  <ProductionCode></ProductionCode>
  <Rating>7.9</Rating>
  <RatingCount>55</RatingCount>
  <SeasonNumber>3</SeasonNumber>
  <Writer>Joe Henderson</Writer>
  <absolute_number></absolute_number>
  <filename>episodes/108611/4095654.jpg</filename>
  <lastupdated>1331541096</lastupdated>
  <seasonid>445201</seasonid>
  <seriesid>108611</seriesid>
</Episode>
<Episode>
  <id>4113541</id>
  <Combined_episodenumber>7</Combined_episodenumber>
  <Combined_season>3</Combined_season>
  <DVD_chapter></DVD_chapter>
  <DVD_discid></DVD_discid>
  <DVD_episodenumber></DVD_episodenumber>
  <DVD_season></DVD_season>
  <Director>Michael Smith</Director>
  <EpImgFlag>2</EpImgFlag>
  <EpisodeName>Taking Account</EpisodeName>
  <EpisodeNumber>7</EpisodeNumber>
  <FirstAired>2011-07-19</FirstAired>
  <GuestStars>Diahann Carroll|Lena Headey|Kahan James</GuestStars>
  <IMDB_ID>ttl1942780</IMDB_ID>
  <Language>en</Language>
  <Overview>When an expert hacker drains a prominent New York bank, Neal assumes the criminal's identity in order to spend the pilfered fortune and draw him out of hiding.</Overview>
  <ProductionCode></ProductionCode>
  <Rating>8.1</Rating>
  <RatingCount>52</RatingCount>
  <SeasonNumber>3</SeasonNumber>
  <Writer>Daniel Shattuck</Writer>
  <absolute_number></absolute_number>
  <filename>episodes/108611/4113541.jpg</filename>
  <lastupdated>1331541123</lastupdated>
  <seasonid>445201</seasonid>
  <seriesid>108611</seriesid>
</Episode>
<Episode>
  <id>4113542</id>
  <Combined_episodenumber>8</Combined_episodenumber>
  <Combined_season>3</Combined_season>
  <DVD_chapter></DVD_chapter>
  <DVD_discid></DVD_discid>
  <DVD_episodenumber></DVD_episodenumber>
  <DVD_season></DVD_season>
  <Director>David Straiton</Director>
  <EpImgFlag>2</EpImgFlag>
  <EpisodeName>As You Were</EpisodeName>
  <EpisodeNumber>8</EpisodeNumber>
  <FirstAired>2011-07-26</FirstAired>
  <GuestStars></GuestStars>
  <IMDB_ID>tt1954069</IMDB_ID>
  <Language>en</Language>
  <Overview>When an old Naval Academy buddy of Agent Jones goes missing, Peter and Neal delve into the dangerous world of international private security to find him. </Overview>
  <ProductionCode></ProductionCode>
  <Rating>7.8</Rating>
  <RatingCount>48</RatingCount>
  <SeasonNumber>3</SeasonNumber>
  <Writer>Matt Negrete</Writer>
  <absolute_number></absolute_number>
  <filename>episodes/108611/4113542.jpg</filename>
  <lastupdated>1331541305</lastupdated>
  <seasonid>445201</seasonid>
  <seriesid>108611</seriesid>
</Episode>
<Episode>
  <id>4113543</id>
  <Combined_episodenumber>9</Combined_episodenumber>
  <Combined_season>3</Combined_season>
  <DVD_chapter></DVD_chapter>
  <DVD_discid></DVD_discid>
  <DVD_episodenumber></DVD_episodenumber>
  <DVD_season></DVD_season>
  <Director>Paul Holahan</Director>
  <EpImgFlag>2</EpImgFlag>
  <EpisodeName>On the Fence</EpisodeName>
  <EpisodeNumber>9</EpisodeNumber>
  <FirstAired>2011-08-02</FirstAired>
  <GuestStars>Eliza Dushku</GuestStars>
  <IMDB_ID>tt1991864</IMDB_ID>
  <Language>en</Language>
  <Overview>Neal goes undercover in an attempt to capture a wanted fugitive; Keller confesses his motive for returning to New York.</Overview>
  <ProductionCode></ProductionCode>
  <Rating>8.0</Rating>
  <RatingCount>45</RatingCount>
  <SeasonNumber>3</SeasonNumber>
  <Writer>Mark Goffman</Writer>
  <absolute_number></absolute_number>
  <filename>episodes/108611/4113543.jpg</filename>
  <lastupdated>1331541330</lastupdated>
  <seasonid>445201</seasonid>
  <seriesid>108611</seriesid>
</Episode>
<Episode>
  <id>4115606</id>
  <Combined_episodenumber>10</Combined_episodenumber>
  <Combined_season>3</Combined_season>
  <DVD_chapter></DVD_chapter>
  <DVD_discid></DVD_discid>
  <DVD_episodenumber></DVD_episodenumber>
  <DVD_season></DVD_season>
  <Director>John T. Kretchmer</Director>
  <EpImgFlag>2</EpImgFlag>
  <EpisodeName>Countdown</EpisodeName>
  <EpisodeNumber>10</EpisodeNumber>
  <FirstAired>2011-08-09</FirstAired>
  <GuestStars></GuestStars>
  <IMDB_ID>tt1991862</IMDB_ID>
  <Language>en</Language>
  <Overview>Neal and Mozzie must stay ahead of the FBI when one of the treasure's paintings is flagged.</Overview>
  <ProductionCode></ProductionCode>
  <Rating>8.3</Rating>
  <RatingCount>41</RatingCount>
  <SeasonNumber>3</SeasonNumber>
  <Writer>|Jeff Eastin|Channing Powell|</Writer>
  <absolute_number></absolute_number>
  <filename>episodes/108611/4115606.jpg</filename>
  <lastupdated>1332390378</lastupdated>
  <seasonid>445201</seasonid>
  <seriesid>108611</seriesid>
</Episode>
<Episode>
  <id>4155617</id>
  <Combined_episodenumber>11</Combined_episodenumber>
  <Combined_season>3</Combined_season>
  <DVD_chapter></DVD_chapter>
  <DVD_discid></DVD_discid>
  <DVD_episodenumber></DVD_episodenumber>
  <DVD_season></DVD_season>
  <Director>John T. Kretchmer</Director>
  <EpImgFlag>2</EpImgFlag>
  <EpisodeName>Checkmate</EpisodeName>
  <EpisodeNumber>11</EpisodeNumber>
  <FirstAired>2012-01-17</FirstAired>
  <GuestStars></GuestStars>
  <IMDB_ID>tt1991863</IMDB_ID>
  <Language>en</Language>
  <Overview>Elizabeth's kidnapping forces Neal to come clean to Peter about his betrayal.</Overview>
  <ProductionCode></ProductionCode>
  <Rating>8.1</Rating>
  <RatingCount>46</RatingCount>
  <SeasonNumber>3</SeasonNumber>
  <Writer>|Jeff Eastin|Joe Henderson|</Writer>
  <absolute_number></absolute_number>
  <filename>episodes/108611/4155617.jpg</filename>
  <lastupdated>1332390398</lastupdated>
  <seasonid>445201</seasonid>
  <seriesid>108611</seriesid>
</Episode>
<Episode>
  <id>4155618</id>
  <Combined_episodenumber>12</Combined_episodenumber>
  <Combined_season>3</Combined_season>
  <DVD_chapter></DVD_chapter>
  <DVD_discid></DVD_discid>
  <DVD_episodenumber></DVD_episodenumber>
  <DVD_season></DVD_season>
  <Director>Russell Lee Fine</Director>
  <EpImgFlag>2</EpImgFlag>
  <EpisodeName>Upper West Side Story</EpisodeName>
  <EpisodeNumber>12</EpisodeNumber>
  <FirstAired>2012-01-24</FirstAired>
  <GuestStars></GuestStars>
  <IMDB_ID></IMDB_ID>
  <Language>en</Language>
  <Overview>Neal poses as a substitute teacher to investigate missing scholarship funds.</Overview>
  <ProductionCode></ProductionCode>
  <Rating>8.1</Rating>
  <RatingCount>44</RatingCount>
  <SeasonNumber>3</SeasonNumber>
  <Writer>|Alexandra McNally|Jim Campolongo|</Writer>
  <absolute_number></absolute_number>
  <filename>episodes/108611/4155618.jpg</filename>
  <lastupdated>1332390443</lastupdated>
  <seasonid>445201</seasonid>
  <seriesid>108611</seriesid>
</Episode>
<Episode>
  <id>4155619</id>
  <Combined_episodenumber>13</Combined_episodenumber>
  <Combined_season>3</Combined_season>
  <DVD_chapter></DVD_chapter>
  <DVD_discid></DVD_discid>
  <DVD_episodenumber></DVD_episodenumber>
  <DVD_season></DVD_season>
  <Director>Andrew McCarthy</Director>
  <EpImgFlag>2</EpImgFlag>
  <EpisodeName>Neighborhood Watch</EpisodeName>
  <EpisodeNumber>13</EpisodeNumber>
  <FirstAired>2012-01-31</FirstAired>
  <GuestStars></GuestStars>
  <IMDB_ID></IMDB_ID>
  <Language>en</Language>
  <Overview>When Elizabeth overhears one of her neighbors in a suspicious conversation, her curiosity leads Peter and Neal to uncover a robbery plot against a posh Manhattan Hotel. </Overview>
  <ProductionCode></ProductionCode>
  <Rating>8.0</Rating>
  <RatingCount>40</RatingCount>
  <SeasonNumber>3</SeasonNumber>
  <Writer>Jeff F. King</Writer>
  <absolute_number></absolute_number>
  <filename>episodes/108611/4155619.jpg</filename>
  <lastupdated>1331538296</lastupdated>
  <seasonid>445201</seasonid>
  <seriesid>108611</seriesid>
</Episode>
<Episode>
  <id>4155620</id>
  <Combined_episodenumber>14</Combined_episodenumber>
  <Combined_season>3</Combined_season>
  <DVD_chapter></DVD_chapter>
  <DVD_discid></DVD_discid>
  <DVD_episodenumber></DVD_episodenumber>
  <DVD_season></DVD_season>
  <Director>Anton Cropper</Director>
  <EpImgFlag>2</EpImgFlag>
  <EpisodeName>Pulling Strings</EpisodeName>
  <EpisodeNumber>14</EpisodeNumber>
  <FirstAired>2012-02-07</FirstAired>
  <GuestStars></GuestStars>
  <IMDB_ID></IMDB_ID>
  <Language>en</Language>
  <Overview>Sparks fly when Neal teams up with his ex Sara to track down a missing Stradivarius. The mission offers Neal a glimpse into a different kind of life for himself.</Overview>
  <ProductionCode></ProductionCode>
  <Rating>7.9</Rating>
  <RatingCount>36</RatingCount>
  <SeasonNumber>3</SeasonNumber>
  <Writer>Channing Powell</Writer>
  <absolute_number></absolute_number>
  <filename>episodes/108611/4155620.jpg</filename>
  <lastupdated>1332390477</lastupdated>
  <seasonid>445201</seasonid>
  <seriesid>108611</seriesid>
</Episode>
<Episode>
  <id>4158530</id>
  <Combined_episodenumber>15</Combined_episodenumber>
  <Combined_season>3</Combined_season>
  <DVD_chapter></DVD_chapter>
  <DVD_discid></DVD_discid>
  <DVD_episodenumber></DVD_episodenumber>
  <DVD_season></DVD_season>
  <Director>Tim DeKay</Director>
  <EpImgFlag>2</EpImgFlag>
  <EpisodeName>Stealing Home</EpisodeName>
  <EpisodeNumber>15</EpisodeNumber>
  <FirstAired>2012-02-21</FirstAired>
  <GuestStars></GuestStars>
  <IMDB_ID></IMDB_ID>
  <Language>en</Language>
  <Overview>Neal joins the crew of a wealthy Yankees fan, tasked with stealing memorabilia from Yankee Stadium.</Overview>
  <ProductionCode></ProductionCode>
  <Rating>7.8</Rating>
  <RatingCount>33</RatingCount>
  <SeasonNumber>3</SeasonNumber>
  <Writer>|Mark Goffman|Jim Campolongo|</Writer>
  <absolute_number></absolute_number>
  <filename>episodes/108611/4158530.jpg</filename>
  <lastupdated>1332390515</lastupdated>
  <seasonid>445201</seasonid>
  <seriesid>108611</seriesid>
</Episode>
<Episode>
  <id>4158531</id>
  <Combined_episodenumber>16</Combined_episodenumber>
  <Combined_season>3</Combined_season>
  <DVD_chapter></DVD_chapter>
  <DVD_discid></DVD_discid>
  <DVD_episodenumber></DVD_episodenumber>
  <DVD_season></DVD_season>
  <Director>Russell Lee Fine</Director>
  <EpImgFlag>2</EpImgFlag>
  <EpisodeName>Judgment Day</EpisodeName>
  <EpisodeNumber>16</EpisodeNumber>
  <FirstAired>2012-02-28</FirstAired>
  <GuestStars></GuestStars>
  <IMDB_ID></IMDB_ID>
  <Language>en</Language>
  <Overview>Agent Kramer wants to derail Neal's commutation; Neal tries to right a wrong from his past; Peter is forced to choose sides.</Overview>
  <ProductionCode></ProductionCode>
  <Rating>8.2</Rating>
  <RatingCount>35</RatingCount>
  <SeasonNumber>3</SeasonNumber>
  <Writer>Jeff Eastin</Writer>
  <absolute_number></absolute_number>
  <filename>episodes/108611/4158531.jpg</filename>
  <lastupdated>1332390537</lastupdated>
  <seasonid>445201</seasonid>
  <seriesid>108611</seriesid>
</Episode>
</Data>