<?xml version="1.0" encoding="UTF-8" ?>
<Banners>
<Banner>
  <id>893273</id>
  <BannerPath>fanart/original/129261-20.jpg</BannerPath>
  <BannerType>fanart</BannerType>
  <BannerType2>1280x720</BannerType2>
  <Colors>|225,207,183|5,4,0|155,120,90|</Colors>
  <Language>en</Language>
  <Rating>8.2500</Rating>
  <RatingCount>8</RatingCount>
  <SeriesName>false</SeriesName>
  <ThumbnailPath>_cache/fanart/original/129261-20.jpg</ThumbnailPath>
  <VignettePath>fanart/vignette/129261-20.jpg</VignettePath>
</Banner>
<Banner>
  <id>312041</id>
  <BannerPath>fanart/original/129261-1.jpg</BannerPath>
  <BannerType>fanart</BannerType>
  <BannerType2>1280x720</BannerType2>
  <Colors>|205,137,118|206,141,121|129,62,54|</Colors>
  <Language>fr</Language>
  <Rating>7.7000</Rating>
  <RatingCount>10</RatingCount>
  <SeriesName>false</SeriesName>
  <ThumbnailPath>_cache/fanart/original/129261-1.jpg</ThumbnailPath>
  <VignettePath>fanart/vignette/129261-1.jpg</VignettePath>
</Banner>
<Banner>
  <id>335751</id>
  <BannerPath>fanart/original/129261-5.jpg</BannerPath>
  <BannerType>fanart</BannerType>
  <BannerType2>1920x1080</BannerType2>
  <Colors>|99,42,23|8,7,12|89,62,55|</Colors>
  <Language>en</Language>
  <Rating>7.6875</Rating>
  <RatingCount>16</RatingCount>
  <SeriesName>false</SeriesName>
  <ThumbnailPath>_cache/fanart/original/129261-5.jpg</ThumbnailPath>
  <VignettePath>fanart/vignette/129261-5.jpg</VignettePath>
</Banner>
<Banner>
  <id>499341</id>
  <BannerPath>fanart/original/129261-12.jpg</BannerPath>
  <BannerType>fanart</BannerType>
  <BannerType2>1280x720</BannerType2>
  <Colors></Colors>
  <Language>en</Language>
  <Rating>7.5000</Rating>
  <RatingCount>2</RatingCount>
  <SeriesName>false</SeriesName>
  <ThumbnailPath>_cache/fanart/original/129261-12.jpg</ThumbnailPath>
  <VignettePath>fanart/vignette/129261-12.jpg</VignettePath>
</Banner>
<Banner>
  <id>336801</id>
  <BannerPath>fanart/original/129261-7.jpg</BannerPath>
  <BannerType>fanart</BannerType>
  <BannerType2>1280x720</BannerType2>
  <Colors></Colors>
  <Language>en</Language>
  <Rating>7.0000</Rating>
  <RatingCount>1</RatingCount>
  <SeriesName>true</SeriesName>
  <ThumbnailPath>_cache/fanart/original/129261-7.jpg</ThumbnailPath>
  <VignettePath>fanart/vignette/129261-7.jpg</VignettePath>
</Banner>
<Banner>
  <id>877232</id>
  <BannerPath>fanart/original/129261-19.jpg</BannerPath>
  <BannerType>fanart</BannerType>
  <BannerType2>1920x1080</BannerType2>
  <Colors>|109,134,139|109,134,139|25,20,17|</Colors>
  <Language>en</Language>
  <Rating>7.0000</Rating>
  <RatingCount>3</RatingCount>
  <SeriesName>false</SeriesName>
  <ThumbnailPath>_cache/fanart/original/129261-19.jpg</ThumbnailPath>
  <VignettePath>fanart/vignette/129261-19.jpg</VignettePath>
</Banner>
<Banner>
  <id>312051</id>
  <BannerPath>fanart/original/129261-2.jpg</BannerPath>
  <BannerType>fanart</BannerType>
  <BannerType2>1280x720</BannerType2>
  <Colors></Colors>
  <Language>fr</Language>
  <Rating>7.0000</Rating>
  <RatingCount>2</RatingCount>
  <SeriesName>false</SeriesName>
  <ThumbnailPath>_cache/fanart/original/129261-2.jpg</ThumbnailPath>
  <VignettePath>fanart/vignette/129261-2.jpg</VignettePath>
</Banner>
<Banner>
  <id>898843</id>
  <BannerPath>fanart/original/129261-23.jpg</BannerPath>
  <BannerType>fanart</BannerType>
  <BannerType2>1920x1080</BannerType2>
  <Colors></Colors>
  <Language>de</Language>
  <Rating>7.0000</Rating>
  <RatingCount>2</RatingCount>
  <SeriesName>false</SeriesName>
  <ThumbnailPath>_cache/fanart/original/129261-23.jpg</ThumbnailPath>
  <VignettePath>fanart/vignette/129261-23.jpg</VignettePath>
</Banner>
<Banner>
  <id>877230</id>
  <BannerPath>fanart/original/129261-17.jpg</BannerPath>
  <BannerType>fanart</BannerType>
  <BannerType2>1280x720</BannerType2>
  <Colors></Colors>
  <Language>en</Language>
  <Rating>6.6667</Rating>
  <RatingCount>3</RatingCount>
  <SeriesName>false</SeriesName>
  <ThumbnailPath>_cache/fanart/original/129261-17.jpg</ThumbnailPath>
  <VignettePath>fanart/vignette/129261-17.jpg</VignettePath>
</Banner>
<Banner>
  <id>898842</id>
  <BannerPath>fanart/original/129261-22.jpg</BannerPath>
  <BannerType>fanart</BannerType>
  <BannerType2>1920x1080</BannerType2>
  <Colors></Colors>
  <Language>en</Language>
  <Rating>6.6667</Rating>
  <RatingCount>3</RatingCount>
  <SeriesName>true</SeriesName>
  <ThumbnailPath>_cache/fanart/original/129261-22.jpg</ThumbnailPath>
  <VignettePath>fanart/vignette/129261-22.jpg</VignettePath>
</Banner>
<Banner>
  <id>877231</id>
  <BannerPath>fanart/original/129261-18.jpg</BannerPath>
  <BannerType>fanart</BannerType>
  <BannerType2>1280x720</BannerType2>
  <Colors></Colors>
  <Language>en</Language>
  <Rating>6.6667</Rating>
  <RatingCount>3</RatingCount>
  <SeriesName>false</SeriesName>
  <ThumbnailPath>_cache/fanart/original/129261-18.jpg</ThumbnailPath>
  <VignettePath>fanart/vignette/129261-18.jpg</VignettePath>
</Banner>
<Banner>
  <id>895673</id>
  <BannerPath>fanart/original/129261-21.jpg</BannerPath>
  <BannerType>fanart</BannerType>
  <BannerType2>1280x720</BannerType2>
  <Colors></Colors>
  <Language>ru</Language>
  <Rating>6.0000</Rating>
  <RatingCount>3</RatingCount>
  <SeriesName>true</SeriesName>
  <ThumbnailPath>_cache/fanart/original/129261-21.jpg</ThumbnailPath>
  <VignettePath>fanart/vignette/129261-21.jpg</VignettePath>
</Banner>
<Banner>
  <id>449361</id>
  <BannerPath>fanart/original/129261-9.jpg</BannerPath>
  <BannerType>fanart</BannerType>
  <BannerType2>1280x720</BannerType2>
  <Colors>|47,42,36|2,0,1|127,77,42|</Colors>
  <Language>en</Language>
  <Rating>6.0000</Rating>
  <RatingCount>3</RatingCount>
  <SeriesName>false</SeriesName>
  <ThumbnailPath>_cache/fanart/original/129261-9.jpg</ThumbnailPath>
  <VignettePath>fanart/vignette/129261-9.jpg</VignettePath>
</Banner>
<Banner>
  <id>314041</id>
  <BannerPath>fanart/original/129261-4.jpg</BannerPath>
  <BannerType>fanart</BannerType>
  <BannerType2>1280x720</BannerType2>
  <Colors></Colors>
  <Language>fr</Language>
  <Rating>5.5714</Rating>
  <RatingCount>7</RatingCount>
  <SeriesName>false</SeriesName>
  <ThumbnailPath>_cache/fanart/original/129261-4.jpg</ThumbnailPath>
  <VignettePath>fanart/vignette/129261-4.jpg</VignettePath>
</Banner>
<Banner>
  <id>890933</id>
  <BannerPath>fanart/original/129261-14.jpg</BannerPath>
  <BannerType>fanart</BannerType>
  <BannerType2>1920x1080</BannerType2>
  <Colors></Colors>
  <Language>de</Language>
  <Rating>5.5000</Rating>
  <RatingCount>2</RatingCount>
  <SeriesName>false</SeriesName>
  <ThumbnailPath>_cache/fanart/original/129261-14.jpg</ThumbnailPath>
  <VignettePath>fanart/vignette/129261-14.jpg</VignettePath>
</Banner>
<Banner>
  <id>312361</id>
  <BannerPath>fanart/original/129261-3.jpg</BannerPath>
  <BannerType>fanart</BannerType>
  <BannerType2>1920x1080</BannerType2>
  <Colors></Colors>
  <Language>en</Language>
  <Rating>5.5000</Rating>
  <RatingCount>2</RatingCount>
  <SeriesName>true</SeriesName>
  <ThumbnailPath>_cache/fanart/original/129261-3.jpg</ThumbnailPath>
  <VignettePath>fanart/vignette/129261-3.jpg</VignettePath>
</Banner>
<Banner>
  <id>336791</id>
  <BannerPath>fanart/original/129261-6.jpg</BannerPath>
  <BannerType>fanart</BannerType>
  <BannerType2>1280x720</BannerType2>
  <Colors></Colors>
  <Language>en</Language>
  <Rating>5.0000</Rating>
  <RatingCount>1</RatingCount>
  <SeriesName>true</SeriesName>
  <ThumbnailPath>_cache/fanart/original/129261-6.jpg</ThumbnailPath>
  <VignettePath>fanart/vignette/129261-6.jpg</VignettePath>
</Banner>
<Banner>
  <id>336811</id>
  <BannerPath>fanart/original/129261-8.jpg</BannerPath>
  <BannerType>fanart</BannerType>
  <BannerType2>1280x720</BannerType2>
  <Colors></Colors>
  <Language>en</Language>
  <Rating>5.0000</Rating>
  <RatingCount>1</RatingCount>
  <SeriesName>true</SeriesName>
  <ThumbnailPath>_cache/fanart/original/129261-8.jpg</ThumbnailPath>
  <VignettePath>fanart/vignette/129261-8.jpg</VignettePath>
</Banner>
<Banner>
  <id>899045</id>
  <BannerPath>fanart/original/129261-24.jpg</BannerPath>
  <BannerType>fanart</BannerType>
  <BannerType2>1280x720</BannerType2>
  <Colors></Colors>
  <Language>es</Language>
  <Rating>5.0000</Rating>
  <RatingCount>1</RatingCount>
  <SeriesName>false</SeriesName>
  <ThumbnailPath>_cache/fanart/original/129261-24.jpg</ThumbnailPath>
  <VignettePath>fanart/vignette/129261-24.jpg</VignettePath>
</Banner>
<Banner>
  <id>877227</id>
  <BannerPath>fanart/original/129261-15.jpg</BannerPath>
  <BannerType>fanart</BannerType>
  <BannerType2>1280x720</BannerType2>
  <Colors></Colors>
  <Language>en</Language>
  <Rating>4.6667</Rating>
  <RatingCount>3</RatingCount>
  <SeriesName>false</SeriesName>
  <ThumbnailPath>_cache/fanart/original/129261-15.jpg</ThumbnailPath>
  <VignettePath>fanart/vignette/129261-15.jpg</VignettePath>
</Banner>
<Banner>
  <id>629661</id>
  <BannerPath>fanart/original/129261-10.jpg</BannerPath>
  <BannerType>fanart</BannerType>
  <BannerType2>1280x720</BannerType2>
  <Colors></Colors>
  <Language>en</Language>
  <Rating>4.3333</Rating>
  <RatingCount>6</RatingCount>
  <SeriesName>false</SeriesName>
  <ThumbnailPath>_cache/fanart/original/129261-10.jpg</ThumbnailPath>
  <VignettePath>fanart/vignette/129261-10.jpg</VignettePath>
</Banner>
<Banner>
  <id>877229</id>
  <BannerPath>fanart/original/129261-16.jpg</BannerPath>
  <BannerType>fanart</BannerType>
  <BannerType2>1280x720</BannerType2>
  <Colors>|75,38,19|89,3,16|201,174,131|</Colors>
  <Language>en</Language>
  <Rating>4.2500</Rating>
  <RatingCount>4</RatingCount>
  <SeriesName>false</SeriesName>
  <ThumbnailPath>_cache/fanart/original/129261-16.jpg</ThumbnailPath>
  <VignettePath>fanart/vignette/129261-16.jpg</VignettePath>
</Banner>
<Banner>
  <id>499331</id>
  <BannerPath>fanart/original/129261-11.jpg</BannerPath>
  <BannerType>fanart</BannerType>
  <BannerType2>1280x720</BannerType2>
  <Colors>|242,227,196|213,179,151|212,182,148|</Colors>
  <Language>en</Language>
  <Rating>3.5000</Rating>
  <RatingCount>2</RatingCount>
  <SeriesName>false</SeriesName>
  <ThumbnailPath>_cache/fanart/original/129261-11.jpg</ThumbnailPath>
  <VignettePath>fanart/vignette/129261-11.jpg</VignettePath>
</Banner>
<Banner>
  <id>685031</id>
  <BannerPath>fanart/original/129261-13.jpg</BannerPath>
  <BannerType>fanart</BannerType>
  <BannerType2>1920x1080</BannerType2>
  <Colors></Colors>
  <Language>en</Language>
  <Rating>2.0000</Rating>
  <RatingCount>1</RatingCount>
  <SeriesName>true</SeriesName>
  <ThumbnailPath>_cache/fanart/original/129261-13.jpg</ThumbnailPath>
  <VignettePath>fanart/vignette/129261-13.jpg</VignettePath>
</Banner>
<Banner>
  <id>886419</id>
  <BannerPath>posters/129261-3.jpg</BannerPath>
  <BannerType>poster</BannerType>
  <BannerType2>680x1000</BannerType2>
  <Language>en</Language>
  <Rating>8.0000</Rating>
  <RatingCount>8</RatingCount>
</Banner>
<Banner>
  <id>662001</id>
  <BannerPath>posters/129261-6.jpg</BannerPath>
  <BannerType>poster</BannerType>
  <BannerType2>680x1000</BannerType2>
  <Language>en</Language>
  <Rating>7.4286</Rating>
  <RatingCount>7</RatingCount>
</Banner>
<Banner>
  <id>314661</id>
  <BannerPath>posters/129261-2.jpg</BannerPath>
  <BannerType>poster</BannerType>
  <BannerType2>680x1000</BannerType2>
  <Language>en</Language>
  <Rating>6.8333</Rating>
  <RatingCount>6</RatingCount>
</Banner>
<Banner>
  <id>895829</id>
  <BannerPath>posters/129261-9.jpg</BannerPath>
  <BannerType>poster</BannerType>
  <BannerType2>680x1000</BannerType2>
  <Language>en</Language>
  <Rating>6.3333</Rating>
  <RatingCount>3</RatingCount>
</Banner>
<Banner>
  <id>893227</id>
  <BannerPath>posters/129261-7.jpg</BannerPath>
  <BannerType>poster</BannerType>
  <BannerType2>680x1000</BannerType2>
  <Language>en</Language>
  <Rating>5.8000</Rating>
  <RatingCount>5</RatingCount>
</Banner>
<Banner>
  <id>312711</id>
  <BannerPath>posters/129261-1.jpg</BannerPath>
  <BannerType>poster</BannerType>
  <BannerType2>680x1000</BannerType2>
  <Language>en</Language>
  <Rating>5.2500</Rating>
  <RatingCount>4</RatingCount>
</Banner>
<Banner>
  <id>895671</id>
  <BannerPath>posters/129261-8.jpg</BannerPath>
  <BannerType>poster</BannerType>
  <BannerType2>680x1000</BannerType2>
  <Language>en</Language>
  <Rating>4.7500</Rating>
  <RatingCount>4</RatingCount>
</Banner>
<Banner>
  <id>891928</id>
  <BannerPath>posters/129261-5.jpg</BannerPath>
  <BannerType>poster</BannerType>
  <BannerType2>680x1000</BannerType2>
  <Language>en</Language>
  <Rating>3.0000</Rating>
  <RatingCount>2</RatingCount>
</Banner>
<Banner>
  <id>368961</id>
  <BannerPath>posters/129261-4.jpg</BannerPath>
  <BannerType>poster</BannerType>
  <BannerType2>680x1000</BannerType2>
  <Language>en</Language>
  <Rating>2.0000</Rating>
  <RatingCount>5</RatingCount>
</Banner>
<Banner>
  <id>893770</id>
  <BannerPath>seasons/129261-0-2.jpg</BannerPath>
  <BannerType>season</BannerType>
  <BannerType2>season</BannerType2>
  <Language>en</Language>
  <Rating>10.0000</Rating>
  <RatingCount>2</RatingCount>
  <Season>0</Season>
</Banner>
<Banner>
  <id>709071</id>
  <BannerPath>seasons/129261-1-3.jpg</BannerPath>
  <BannerType>season</BannerType>
  <BannerType2>season</BannerType2>
  <Language>en</Language>
  <Rating>9.5000</Rating>
  <RatingCount>2</RatingCount>
  <Season>1</Season>
</Banner>
<Banner>
  <id>346241</id>
  <BannerPath>seasons/129261-1.jpg</BannerPath>
  <BannerType>season</BannerType>
  <BannerType2>season</BannerType2>
  <Language>en</Language>
  <Rating>9.2500</Rating>
  <RatingCount>4</RatingCount>
  <Season>1</Season>
</Banner>
<Banner>
  <id>884388</id>
  <BannerPath>seasons/129261-2.jpg</BannerPath>
  <BannerType>season</BannerType>
  <BannerType2>season</BannerType2>
  <Language>en</Language>
  <Rating>8.8000</Rating>
  <RatingCount>5</RatingCount>
  <Season>2</Season>
</Banner>
<Banner>
  <id>897519</id>
  <BannerPath>seasons/129261-2-2.jpg</BannerPath>
  <BannerType>season</BannerType>
  <BannerType2>season</BannerType2>
  <Language>en</Language>
  <Rating>6.0000</Rating>
  <RatingCount>1</RatingCount>
  <Season>2</Season>
</Banner>
<Banner>
  <id>368901</id>
  <BannerPath>seasons/129261-1-2.jpg</BannerPath>
  <BannerType>season</BannerType>
  <BannerType2>season</BannerType2>
  <Language>ru</Language>
  <Rating>5.0000</Rating>
  <RatingCount>2</RatingCount>
  <Season>1</Season>
</Banner>
<Banner>
  <id>893723</id>
  <BannerPath>seasons/129261-0.jpg</BannerPath>
  <BannerType>season</BannerType>
  <BannerType2>season</BannerType2>
  <Language>en</Language>
  <Rating>1.0000</Rating>
  <RatingCount>2</RatingCount>
  <Season>0</Season>
</Banner>
<Banner>
  <id>896627</id>
  <BannerPath>seasons/129261-1-4.jpg</BannerPath>
  <BannerType>season</BannerType>
  <BannerType2>season</BannerType2>
  <Language>fr</Language>
  <Rating></Rating>
  <RatingCount>0</RatingCount>
  <Season>1</Season>
</Banner>
<Banner>
  <id>896629</id>
  <BannerPath>seasons/129261-0-5.jpg</BannerPath>
  <BannerType>season</BannerType>
  <BannerType2>season</BannerType2>
  <Language>fr</Language>
  <Rating></Rating>
  <RatingCount>0</RatingCount>
  <Season>0</Season>
</Banner>
<Banner>
  <id>897518</id>
  <BannerPath>seasons/129261-1-6.jpg</BannerPath>
  <BannerType>season</BannerType>
  <BannerType2>season</BannerType2>
  <Language>en</Language>
  <Rating></Rating>
  <RatingCount>0</RatingCount>
  <Season>1</Season>
</Banner>
<Banner>
  <id>896625</id>
  <BannerPath>seasons/129261-0-3.jpg</BannerPath>
  <BannerType>season</BannerType>
  <BannerType2>season</BannerType2>
  <Language>fr</Language>
  <Rating></Rating>
  <RatingCount>0</RatingCount>
  <Season>0</Season>
</Banner>
<Banner>
  <id>896628</id>
  <BannerPath>seasons/129261-1-5.jpg</BannerPath>
  <BannerType>season</BannerType>
  <BannerType2>season</BannerType2>
  <Language>fr</Language>
  <Rating></Rating>
  <RatingCount>0</RatingCount>
  <Season>1</Season>
</Banner>
<Banner>
  <id>896626</id>
  <BannerPath>seasons/129261-0-4.jpg</BannerPath>
  <BannerType>season</BannerType>
  <BannerType2>season</BannerType2>
  <Language>fr</Language>
  <Rating></Rating>
  <RatingCount>0</RatingCount>
  <Season>0</Season>
</Banner>
<Banner>
  <id>904279</id>
  <BannerPath>seasonswide/129261-0-3.jpg</BannerPath>
  <BannerType>season</BannerType>
  <BannerType2>seasonwide</BannerType2>
  <Language>en</Language>
  <Rating>10.0000</Rating>
  <RatingCount>1</RatingCount>
  <Season>0</Season>
</Banner>
<Banner>
  <id>904281</id>
  <BannerPath>seasonswide/129261-2-2.jpg</BannerPath>
  <BannerType>season</BannerType>
  <BannerType2>seasonwide</BannerType2>
  <Language>en</Language>
  <Rating>10.0000</Rating>
  <RatingCount>1</RatingCount>
  <Season>2</Season>
</Banner>
<Banner>
  <id>904280</id>
  <BannerPath>seasonswide/129261-1-2.jpg</BannerPath>
  <BannerType>season</BannerType>
  <BannerType2>seasonwide</BannerType2>
  <Language>en</Language>
  <Rating>10.0000</Rating>
  <RatingCount>1</RatingCount>
  <Season>1</Season>
</Banner>
<Banner>
  <id>894272</id>
  <BannerPath>seasonswide/129261-0.jpg</BannerPath>
  <BannerType>season</BannerType>
  <BannerType2>seasonwide</BannerType2>
  <Language>en</Language>
  <Rating>5.0000</Rating>
  <RatingCount>1</RatingCount>
  <Season>0</Season>
</Banner>
<Banner>
  <id>894268</id>
  <BannerPath>seasonswide/129261-2.jpg</BannerPath>
  <BannerType>season</BannerType>
  <BannerType2>seasonwide</BannerType2>
  <Language>en</Language>
  <Rating>5.0000</Rating>
  <RatingCount>1</RatingCount>
  <Season>2</Season>
</Banner>
<Banner>
  <id>894267</id>
  <BannerPath>seasonswide/129261-1.jpg</BannerPath>
  <BannerType>season</BannerType>
  <BannerType2>seasonwide</BannerType2>
  <Language>en</Language>
  <Rating>5.0000</Rating>
  <RatingCount>1</RatingCount>
  <Season>1</Season>
</Banner>
<Banner>
  <id>899047</id>
  <BannerPath>seasonswide/129261-0-2.jpg</BannerPath>
  <BannerType>season</BannerType>
  <BannerType2>seasonwide</BannerType2>
  <Language>es</Language>
  <Rating>5.0000</Rating>
  <RatingCount>1</RatingCount>
  <Season>0</Season>
</Banner>
<Banner>
  <id>904100</id>
  <BannerPath>graphical/129261-g13.jpg</BannerPath>
  <BannerType>series</BannerType>
  <BannerType2>graphical</BannerType2>
  <Language>en</Language>
  <Rating>9.0000</Rating>
  <RatingCount>2</RatingCount>
</Banner>
<Banner>
  <id>896621</id>
  <BannerPath>graphical/129261-g12.jpg</BannerPath>
  <BannerType>series</BannerType>
  <BannerType2>graphical</BannerType2>
  <Language>fr</Language>
  <Rating>8.0000</Rating>
  <RatingCount>1</RatingCount>
</Banner>
<Banner>
  <id>336221</id>
  <BannerPath>graphical/129261-g5.jpg</BannerPath>
  <BannerType>series</BannerType>
  <BannerType2>graphical</BannerType2>
  <Language>en</Language>
  <Rating>7.8750</Rating>
  <RatingCount>8</RatingCount>
</Banner>
<Banner>
  <id>335491</id>
  <BannerPath>graphical/129261-g4.jpg</BannerPath>
  <BannerType>series</BannerType>
  <BannerType2>graphical</BannerType2>
  <Language>en</Language>
  <Rating>7.5556</Rating>
  <RatingCount>9</RatingCount>
</Banner>
<Banner>
  <id>884724</id>
  <BannerPath>graphical/129261-g8.jpg</BannerPath>
  <BannerType>series</BannerType>
  <BannerType2>graphical</BannerType2>
  <Language>en</Language>
  <Rating>7.2857</Rating>
  <RatingCount>7</RatingCount>
</Banner>
<Banner>
  <id>884726</id>
  <BannerPath>graphical/129261-g10.jpg</BannerPath>
  <BannerType>series</BannerType>
  <BannerType2>graphical</BannerType2>
  <Language>en</Language>
  <Rating>7.0000</Rating>
  <RatingCount>3</RatingCount>
</Banner>
<Banner>
  <id>479821</id>
  <BannerPath>graphical/129261-g7.jpg</BannerPath>
  <BannerType>series</BannerType>
  <BannerType2>graphical</BannerType2>
  <Language>en</Language>
  <Rating>6.0000</Rating>
  <RatingCount>4</RatingCount>
</Banner>
<Banner>
  <id>368971</id>
  <BannerPath>graphical/129261-g6.jpg</BannerPath>
  <BannerType>series</BannerType>
  <BannerType2>graphical</BannerType2>
  <Language>ru</Language>
  <Rating>5.1667</Rating>
  <RatingCount>6</RatingCount>
</Banner>
<Banner>
  <id>556091</id>
  <BannerPath>graphical/129261-g9.jpg</BannerPath>
  <BannerType>series</BannerType>
  <BannerType2>graphical</BannerType2>
  <Language>en</Language>
  <Rating>4.5000</Rating>
  <RatingCount>2</RatingCount>
</Banner>
<Banner>
  <id>312851</id>
  <BannerPath>graphical/129261-g.jpg</BannerPath>
  <BannerType>series</BannerType>
  <BannerType2>graphical</BannerType2>
  <Language>it</Language>
  <Rating>1.0000</Rating>
  <RatingCount>1</RatingCount>
</Banner>
<Banner>
  <id>320431</id>
  <BannerPath>graphical/129261-g3.jpg</BannerPath>
  <BannerType>series</BannerType>
  <BannerType2>graphical</BannerType2>
  <Language>en</Language>
  <Rating>1.0000</Rating>
  <RatingCount>1</RatingCount>
</Banner>
<Banner>
  <id>320221</id>
  <BannerPath>graphical/129261-g2.jpg</BannerPath>
  <BannerType>series</BannerType>
  <BannerType2>graphical</BannerType2>
  <Language>en</Language>
  <Rating>1.0000</Rating>
  <RatingCount>1</RatingCount>
</Banner>
<Banner>
  <id>896442</id>
  <BannerPath>graphical/129261-g11.jpg</BannerPath>
  <BannerType>series</BannerType>
  <BannerType2>graphical</BannerType2>
  <Language>en</Language>
  <Rating></Rating>
  <RatingCount>0</RatingCount>
</Banner>
</Banners>