<?xml version="1.0" encoding="UTF-8" ?>
<Data><Series>
  <id>129261</id>
  <Actors>|Liam McIntyre (Season 2)|Andy Whitfield (Season 1)|Dustin Clare|Manu Bennett|Peter Mensah|Katrina Law|Nick Tarabay|Viva Bianca|Craig Parker|Lucy Lawless|Cynthia Addai-Robinson|Craig Walsh Wrightson |Lesley-Ann Brandt|Jai Courtney|Antonio Te Maioho|Erin Cummings|John Hannah|</Actors>
  <Airs_DayOfWeek>Friday</Airs_DayOfWeek>
  <Airs_Time>10:00 PM</Airs_Time>
  <ContentRating>TV-MA</ContentRating>
  <FirstAired>2010-01-22</FirstAired>
  <Genre>|Action and Adventure|Drama|</Genre>
  <IMDB_ID>tt1442449</IMDB_ID>
  <Language>en</Language>
  <Network>Starz!</Network>
  <NetworkID></NetworkID>
  <Overview>Betrayed by the Romans. Forced into slavery. Reborn as a Gladiator. The classic tale of the Republic’s most infamous rebel comes alive in the graphic and visceral new series, Spartacus: Blood and Sand. Torn from his homeland and the woman he loves, Spartacus is condemned to the brutal world of the arena where blood and death are primetime entertainment. But not all battles are fought upon the sands. Treachery, corruption, and the allure of sensual pleasures will constantly test Spartacus. To survive, he must become more than a man. More than a gladiator. He must become a legend.</Overview>
  <Rating>8.9</Rating>
  <RatingCount>170</RatingCount>
  <Runtime>60</Runtime>
  <SeriesID>76351</SeriesID>
  <SeriesName>Spartacus</SeriesName>
  <Status>Continuing</Status>
  <added>2009-12-20 20:00:07</added>
  <addedBy>1260</addedBy>
  <banner>graphical/129261-g13.jpg</banner>
  <fanart>fanart/original/129261-20.jpg</fanart>
  <lastupdated>1334167706</lastupdated>
  <poster>posters/129261-3.jpg</poster>
  <zap2it_id>SH1210033</zap2it_id>
</Series>
<Episode>
  <id>4248728</id>
  <Combined_episodenumber>1</Combined_episodenumber>
  <Combined_season>0</Combined_season>
  <DVD_chapter></DVD_chapter>
  <DVD_discid></DVD_discid>
  <DVD_episodenumber></DVD_episodenumber>
  <DVD_season></DVD_season>
  <Director>Jesse Warn</Director>
  <EpImgFlag>2</EpImgFlag>
  <EpisodeName>Past Transgressions</EpisodeName>
  <EpisodeNumber>1</EpisodeNumber>
  <FirstAired>2011-01-21</FirstAired>
  <GuestStars></GuestStars>
  <IMDB_ID></IMDB_ID>
  <Language>en</Language>
  <Overview>A younger Batiatus finds himself newly in control of his father’s gladiator school. He uses his most skilled fighter to win favor with a cunning nobleman behind the building of the new arena.</Overview>
  <ProductionCode></ProductionCode>
  <Rating>8.5</Rating>
  <RatingCount>11</RatingCount>
  <SeasonNumber>0</SeasonNumber>
  <Writer>Steven S. DeKnight</Writer>
  <absolute_number></absolute_number>
  <airsafter_season></airsafter_season>
  <airsbefore_episode>1</airsbefore_episode>
  <airsbefore_season>1</airsbefore_season>
  <filename>episodes/129261/4248728.jpg</filename>
  <lastupdated>1328566980</lastupdated>
  <seasonid>158701</seasonid>
  <seriesid>129261</seriesid>
</Episode>
<Episode>
  <id>4248729</id>
  <Combined_episodenumber>2</Combined_episodenumber>
  <Combined_season>0</Combined_season>
  <DVD_chapter></DVD_chapter>
  <DVD_discid></DVD_discid>
  <DVD_episodenumber></DVD_episodenumber>
  <DVD_season></DVD_season>
  <Director>Rick Jacobson</Director>
  <EpImgFlag>2</EpImgFlag>
  <EpisodeName>Missio</EpisodeName>
  <EpisodeNumber>2</EpisodeNumber>
  <FirstAired>2011-01-28</FirstAired>
  <GuestStars></GuestStars>
  <IMDB_ID></IMDB_ID>
  <Language>en</Language>
  <Overview>Batiatus conjures up a devious plan and enlists Lucretia, Gaia and a clutch of gladiator recruits to see it through. Oenomaus longs to reclaim the top gladiator rank, but new challenges cross his path.</Overview>
  <ProductionCode></ProductionCode>
  <Rating>8.1</Rating>
  <RatingCount>11</RatingCount>
  <SeasonNumber>0</SeasonNumber>
  <Writer>|Maurissa Tancharoen|Jed Whedon|</Writer>
  <absolute_number></absolute_number>
  <airsafter_season></airsafter_season>
  <airsbefore_episode>1</airsbefore_episode>
  <airsbefore_season>1</airsbefore_season>
  <filename>episodes/129261/4248729.jpg</filename>
  <lastupdated>1328566985</lastupdated>
  <seasonid>158701</seasonid>
  <seriesid>129261</seriesid>
</Episode>
<Episode>
  <id>4248730</id>
  <Combined_episodenumber>3</Combined_episodenumber>
  <Combined_season>0</Combined_season>
  <DVD_chapter></DVD_chapter>
  <DVD_discid></DVD_discid>
  <DVD_episodenumber></DVD_episodenumber>
  <DVD_season></DVD_season>
  <Director>Michael Hurst</Director>
  <EpImgFlag>2</EpImgFlag>
  <EpisodeName>Paterfamilias</EpisodeName>
  <EpisodeNumber>3</EpisodeNumber>
  <FirstAired>2011-02-04</FirstAired>
  <GuestStars></GuestStars>
  <IMDB_ID></IMDB_ID>
  <Language>en</Language>
  <Overview>Just as his fortunes are on the rise, his future clear before him, Batiatus is stunned by the return of his father which puts his attempts to gain rank by exploiting those above his class at risk.</Overview>
  <ProductionCode></ProductionCode>
  <Rating>8.5</Rating>
  <RatingCount>8</RatingCount>
  <SeasonNumber>0</SeasonNumber>
  <Writer>|Aaron Helbing|Todd Helbing|</Writer>
  <absolute_number></absolute_number>
  <airsafter_season></airsafter_season>
  <airsbefore_episode>1</airsbefore_episode>
  <airsbefore_season>1</airsbefore_season>
  <filename>episodes/129261/4248730.jpg</filename>
  <lastupdated>1328566993</lastupdated>
  <seasonid>158701</seasonid>
  <seriesid>129261</seriesid>
</Episode>
<Episode>
  <id>4248731</id>
  <Combined_episodenumber>4</Combined_episodenumber>
  <Combined_season>0</Combined_season>
  <DVD_chapter></DVD_chapter>
  <DVD_discid></DVD_discid>
  <DVD_episodenumber></DVD_episodenumber>
  <DVD_season></DVD_season>
  <Director>Brendan Maher</Director>
  <EpImgFlag>2</EpImgFlag>
  <EpisodeName>Beneath the Mask</EpisodeName>
  <EpisodeNumber>4</EpisodeNumber>
  <FirstAired>2011-02-11</FirstAired>
  <GuestStars></GuestStars>
  <IMDB_ID></IMDB_ID>
  <Language>en</Language>
  <Overview>The House of Batiatus is caught in the power struggle between the younger and elder Batiatus. Lucretia reluctantly agrees to her husband’s risky plan. Gannicus finds himself on unstable ground.</Overview>
  <ProductionCode></ProductionCode>
  <Rating>8.7</Rating>
  <RatingCount>9</RatingCount>
  <SeasonNumber>0</SeasonNumber>
  <Writer>|Seamus Kevin Fahey|Misha Green|</Writer>
  <absolute_number></absolute_number>
  <airsafter_season></airsafter_season>
  <airsbefore_episode>1</airsbefore_episode>
  <airsbefore_season>1</airsbefore_season>
  <filename>episodes/129261/4248731.jpg</filename>
  <lastupdated>1328566999</lastupdated>
  <seasonid>158701</seasonid>
  <seriesid>129261</seriesid>
</Episode>
<Episode>
  <id>4248732</id>
  <Combined_episodenumber>5</Combined_episodenumber>
  <Combined_season>0</Combined_season>
  <DVD_chapter></DVD_chapter>
  <DVD_discid></DVD_discid>
  <DVD_episodenumber></DVD_episodenumber>
  <DVD_season></DVD_season>
  <Director>John Fawcett</Director>
  <EpImgFlag>2</EpImgFlag>
  <EpisodeName>Reckoning</EpisodeName>
  <EpisodeNumber>5</EpisodeNumber>
  <FirstAired>2011-02-18</FirstAired>
  <GuestStars></GuestStars>
  <IMDB_ID></IMDB_ID>
  <Language>en</Language>
  <Overview>Batiatus’ father announces a tournament to determine the worth of the men that make up his stable of gladiators. Crixus, dedicated to proving himself, is drawn into the power play within the house.</Overview>
  <ProductionCode></ProductionCode>
  <Rating>8.6</Rating>
  <RatingCount>8</RatingCount>
  <SeasonNumber>0</SeasonNumber>
  <Writer>Brent Fletcher</Writer>
  <absolute_number></absolute_number>
  <airsafter_season></airsafter_season>
  <airsbefore_episode>1</airsbefore_episode>
  <airsbefore_season>1</airsbefore_season>
  <filename>episodes/129261/4248732.jpg</filename>
  <lastupdated>1328567006</lastupdated>
  <seasonid>158701</seasonid>
  <seriesid>129261</seriesid>
</Episode>
<Episode>
  <id>4248733</id>
  <Combined_episodenumber>6</Combined_episodenumber>
  <Combined_season>0</Combined_season>
  <DVD_chapter></DVD_chapter>
  <DVD_discid></DVD_discid>
  <DVD_episodenumber></DVD_episodenumber>
  <DVD_season></DVD_season>
  <Director>Rick Jacobson</Director>
  <EpImgFlag>2</EpImgFlag>
  <EpisodeName>The Bitter End</EpisodeName>
  <EpisodeNumber>6</EpisodeNumber>
  <FirstAired>2011-02-25</FirstAired>
  <GuestStars></GuestStars>
  <IMDB_ID></IMDB_ID>
  <Language>en</Language>
  <Overview>Batiatus seeks vengeance for all that has befallen him and retains his gladiators and Solonius in the cause. The opening of the new arena arrives, promising a spectacle of combat and blood.</Overview>
  <ProductionCode></ProductionCode>
  <Rating>8.7</Rating>
  <RatingCount>9</RatingCount>
  <SeasonNumber>0</SeasonNumber>
  <Writer>Steven S. DeKnight</Writer>
  <absolute_number></absolute_number>
  <airsafter_season></airsafter_season>
  <airsbefore_episode>1</airsbefore_episode>
  <airsbefore_season>1</airsbefore_season>
  <filename>episodes/129261/4248733.jpg</filename>
  <lastupdated>1328567012</lastupdated>
  <seasonid>158701</seasonid>
  <seriesid>129261</seriesid>
</Episode>
<Episode>
  <id>1434591</id>
  <Combined_episodenumber>1.0</Combined_episodenumber>
  <Combined_season>1</Combined_season>
  <DVD_chapter></DVD_chapter>
  <DVD_discid></DVD_discid>
  <DVD_episodenumber>1.0</DVD_episodenumber>
  <DVD_season>1</DVD_season>
  <Director>Rick Jacobson</Director>
  <EpImgFlag>2</EpImgFlag>
  <EpisodeName>The Red Serpent</EpisodeName>
  <EpisodeNumber>1</EpisodeNumber>
  <FirstAired>2010-01-22</FirstAired>
  <GuestStars></GuestStars>
  <IMDB_ID>tt1452802</IMDB_ID>
  <Language>en</Language>
  <Overview>The Romans, in an effort to protect their homeland, seek the help of Thracian warrior Spartacus and his team of fighters. After a violent incident, Spartacus must enter the gladiator ring to face his punishment from the Romans.</Overview>
  <ProductionCode>101</ProductionCode>
  <Rating>7.5</Rating>
  <RatingCount>208</RatingCount>
  <SeasonNumber>1</SeasonNumber>
  <Writer>Steven S. DeKnight</Writer>
  <absolute_number>1</absolute_number>
  <filename>episodes/129261/1434591.jpg</filename>
  <lastupdated>1301574622</lastupdated>
  <seasonid>159351</seasonid>
  <seriesid>129261</seriesid>
</Episode>
<Episode>
  <id>1434601</id>
  <Combined_episodenumber>2.0</Combined_episodenumber>
  <Combined_season>1</Combined_season>
  <DVD_chapter></DVD_chapter>
  <DVD_discid></DVD_discid>
  <DVD_episodenumber>2.0</DVD_episodenumber>
  <DVD_season>1</DVD_season>
  <Director>Rick Jacobson</Director>
  <EpImgFlag>2</EpImgFlag>
  <EpisodeName>Sacramentum Gladiatorum</EpisodeName>
  <EpisodeNumber>2</EpisodeNumber>
  <FirstAired>2010-01-29</FirstAired>
  <GuestStars></GuestStars>
  <IMDB_ID>tt1472900</IMDB_ID>
  <Language>en</Language>
  <Overview>Enslaved in gladiatorial school, the newly christened Spartacus must try to suppress his desire for vengeance when his new master promises to reunite him with his wife.</Overview>
  <ProductionCode>102</ProductionCode>
  <Rating>7.6</Rating>
  <RatingCount>168</RatingCount>
  <SeasonNumber>1</SeasonNumber>
  <Writer>Steven S. DeKnight</Writer>
  <absolute_number>2</absolute_number>
  <filename>episodes/129261/1434601.jpg</filename>
  <lastupdated>1301574684</lastupdated>
  <seasonid>159351</seasonid>
  <seriesid>129261</seriesid>
</Episode>
<Episode>
  <id>1434611</id>
  <Combined_episodenumber>3.0</Combined_episodenumber>
  <Combined_season>1</Combined_season>
  <DVD_chapter></DVD_chapter>
  <DVD_discid></DVD_discid>
  <DVD_episodenumber>3.0</DVD_episodenumber>
  <DVD_season>1</DVD_season>
  <Director>Grady Hall</Director>
  <EpImgFlag>2</EpImgFlag>
  <EpisodeName>Legends</EpisodeName>
  <EpisodeNumber>3</EpisodeNumber>
  <FirstAired>2010-02-05</FirstAired>
  <GuestStars></GuestStars>
  <IMDB_ID></IMDB_ID>
  <Language>en</Language>
  <Overview>Though Spartacus proved himself during training and now wears the attire of a gladiator, his coarse attitude and relentless quest to see his wife isolates him from his fellow gladiators and Doctore.</Overview>
  <ProductionCode></ProductionCode>
  <Rating>7.5</Rating>
  <RatingCount>166</RatingCount>
  <SeasonNumber>1</SeasonNumber>
  <Writer>Brent Fletcher</Writer>
  <absolute_number>3</absolute_number>
  <filename>episodes/129261/1434611.jpg</filename>
  <lastupdated>1301574677</lastupdated>
  <seasonid>159351</seasonid>
  <seriesid>129261</seriesid>
</Episode>
<Episode>
  <id>1434621</id>
  <Combined_episodenumber>4.0</Combined_episodenumber>
  <Combined_season>1</Combined_season>
  <DVD_chapter></DVD_chapter>
  <DVD_discid></DVD_discid>
  <DVD_episodenumber>4.0</DVD_episodenumber>
  <DVD_season>1</DVD_season>
  <Director>Jesse Warn</Director>
  <EpImgFlag>2</EpImgFlag>
  <EpisodeName>The Thing in the Pit</EpisodeName>
  <EpisodeNumber>4</EpisodeNumber>
  <FirstAired>2010-02-12</FirstAired>
  <GuestStars></GuestStars>
  <IMDB_ID></IMDB_ID>
  <Language>en</Language>
  <Overview>Having performed shamefully in the arena against Crixus, Spartacus is forced to fight in the Pits. Batiatus, determined to profit from Spartacus, may be at risk if his debts aren't repaid.</Overview>
  <ProductionCode></ProductionCode>
  <Rating>7.8</Rating>
  <RatingCount>158</RatingCount>
  <SeasonNumber>1</SeasonNumber>
  <Writer>Aaron Helbing|Todd Helbing|Steven S. DeKnight</Writer>
  <absolute_number>4</absolute_number>
  <filename>episodes/129261/1434621.jpg</filename>
  <lastupdated>1301574671</lastupdated>
  <seasonid>159351</seasonid>
  <seriesid>129261</seriesid>
</Episode>
<Episode>
  <id>1434891</id>
  <Combined_episodenumber>5.0</Combined_episodenumber>
  <Combined_season>1</Combined_season>
  <DVD_chapter></DVD_chapter>
  <DVD_discid></DVD_discid>
  <DVD_episodenumber>5.0</DVD_episodenumber>
  <DVD_season>1</DVD_season>
  <Director>Michael Hurst</Director>
  <EpImgFlag>2</EpImgFlag>
  <EpisodeName>Shadow Games</EpisodeName>
  <EpisodeNumber>5</EpisodeNumber>
  <FirstAired>2010-02-19</FirstAired>
  <GuestStars></GuestStars>
  <IMDB_ID></IMDB_ID>
  <Language>en</Language>
  <Overview>Batiatus is presented with a gladiatorial opportunity of a lifetime. Spartacus and Crixus must overcome their mutual hostility to fight as a team against a legendary and unbeaten opponent.</Overview>
  <ProductionCode></ProductionCode>
  <Rating>8.3</Rating>
  <RatingCount>151</RatingCount>
  <SeasonNumber>1</SeasonNumber>
  <Writer>Miranda Kwok</Writer>
  <absolute_number>5</absolute_number>
  <filename>episodes/129261/1434891.jpg</filename>
  <lastupdated>1301574697</lastupdated>
  <seasonid>159351</seasonid>
  <seriesid>129261</seriesid>
</Episode>
<Episode>
  <id>1434901</id>
  <Combined_episodenumber>6.0</Combined_episodenumber>
  <Combined_season>1</Combined_season>
  <DVD_chapter></DVD_chapter>
  <DVD_discid></DVD_discid>
  <DVD_episodenumber>6.0</DVD_episodenumber>
  <DVD_season>1</DVD_season>
  <Director>Rick Jacobson</Director>
  <EpImgFlag>2</EpImgFlag>
  <EpisodeName>Delicate Things</EpisodeName>
  <EpisodeNumber>6</EpisodeNumber>
  <FirstAired>2010-02-26</FirstAired>
  <GuestStars></GuestStars>
  <IMDB_ID></IMDB_ID>
  <Language>en</Language>
  <Overview>Lies, distrust and duplicity plague the house of Batiatus and impact the hopes of both Barca and Spartacus, who have benefited from good fortune and envision a future away from the grounds. Barca expects to buy his and his male lover's way out, while Spartacus anticipates his promised reunion with his enslaved wife, part of his reward for a monumental victory in the arena. But just in case things go wrong, Spartacus dreams and schemes an escape plan.</Overview>
  <ProductionCode></ProductionCode>
  <Rating>7.8</Rating>
  <RatingCount>161</RatingCount>
  <SeasonNumber>1</SeasonNumber>
  <Writer>Tracy Bellomo|Andrew Chambliss</Writer>
  <absolute_number>6</absolute_number>
  <filename>episodes/129261/1434901.jpg</filename>
  <lastupdated>1301574707</lastupdated>
  <seasonid>159351</seasonid>
  <seriesid>129261</seriesid>
</Episode>
<Episode>
  <id>1434911</id>
  <Combined_episodenumber>7.0</Combined_episodenumber>
  <Combined_season>1</Combined_season>
  <DVD_chapter></DVD_chapter>
  <DVD_discid></DVD_discid>
  <DVD_episodenumber>7.0</DVD_episodenumber>
  <DVD_season>1</DVD_season>
  <Director>Jesse Warn</Director>
  <EpImgFlag>2</EpImgFlag>
  <EpisodeName>Great and Unfortunate Things</EpisodeName>
  <EpisodeNumber>7</EpisodeNumber>
  <FirstAired>2010-03-05</FirstAired>
  <GuestStars></GuestStars>
  <IMDB_ID></IMDB_ID>
  <Language>en</Language>
  <Overview>Overcome by the pressure of Batiatus's control, Spartacus must make a choice: leave his past behind and assume the mantle of a champion gladiator, or die.</Overview>
  <ProductionCode></ProductionCode>
  <Rating>7.8</Rating>
  <RatingCount>154</RatingCount>
  <SeasonNumber>1</SeasonNumber>
  <Writer>Brent Fletcher|Steven S. DeKnight</Writer>
  <absolute_number>7</absolute_number>
  <filename>episodes/129261/1434911.jpg</filename>
  <lastupdated>1301574719</lastupdated>
  <seasonid>159351</seasonid>
  <seriesid>129261</seriesid>
</Episode>
<Episode>
  <id>1434921</id>
  <Combined_episodenumber>8.0</Combined_episodenumber>
  <Combined_season>1</Combined_season>
  <DVD_chapter></DVD_chapter>
  <DVD_discid></DVD_discid>
  <DVD_episodenumber>8.0</DVD_episodenumber>
  <DVD_season>1</DVD_season>
  <Director>Rowan Woods</Director>
  <EpImgFlag>2</EpImgFlag>
  <EpisodeName>Mark of the Brotherhood</EpisodeName>
  <EpisodeNumber>8</EpisodeNumber>
  <FirstAired>2010-03-12</FirstAired>
  <GuestStars></GuestStars>
  <IMDB_ID></IMDB_ID>
  <Language>en</Language>
  <Overview>Batiatus purchases a fresh batch of slaves during an auction to be trained as gladiators and ponders the idea of selling Crixus.</Overview>
  <ProductionCode></ProductionCode>
  <Rating>7.8</Rating>
  <RatingCount>167</RatingCount>
  <SeasonNumber>1</SeasonNumber>
  <Writer>Aaron Helbing|Todd Helbing</Writer>
  <absolute_number>8</absolute_number>
  <filename>episodes/129261/1434921.jpg</filename>
  <lastupdated>1301704584</lastupdated>
  <seasonid>159351</seasonid>
  <seriesid>129261</seriesid>
</Episode>
<Episode>
  <id>1434931</id>
  <Combined_episodenumber>9.0</Combined_episodenumber>
  <Combined_season>1</Combined_season>
  <DVD_chapter></DVD_chapter>
  <DVD_discid></DVD_discid>
  <DVD_episodenumber>9.0</DVD_episodenumber>
  <DVD_season>1</DVD_season>
  <Director>Michael Hurst</Director>
  <EpImgFlag>2</EpImgFlag>
  <EpisodeName>Whore</EpisodeName>
  <EpisodeNumber>9</EpisodeNumber>
  <FirstAired>2010-03-19</FirstAired>
  <GuestStars></GuestStars>
  <IMDB_ID></IMDB_ID>
  <Language>en</Language>
  <Overview>Batiatus breaks the news that Spartacus is to service the richest woman in Rome.</Overview>
  <ProductionCode></ProductionCode>
  <Rating>7.9</Rating>
  <RatingCount>152</RatingCount>
  <SeasonNumber>1</SeasonNumber>
  <Writer>Daniel Knauf</Writer>
  <absolute_number>9</absolute_number>
  <filename>episodes/129261/1434931.jpg</filename>
  <lastupdated>1301704633</lastupdated>
  <seasonid>159351</seasonid>
  <seriesid>129261</seriesid>
</Episode>
<Episode>
  <id>1546741</id>
  <Combined_episodenumber>10.0</Combined_episodenumber>
  <Combined_season>1</Combined_season>
  <DVD_chapter></DVD_chapter>
  <DVD_discid></DVD_discid>
  <DVD_episodenumber>10.0</DVD_episodenumber>
  <DVD_season>1</DVD_season>
  <Director>Chris Martin-Jones</Director>
  <EpImgFlag>2</EpImgFlag>
  <EpisodeName>Party Favors</EpisodeName>
  <EpisodeNumber>10</EpisodeNumber>
  <FirstAired>2010-03-26</FirstAired>
  <GuestStars></GuestStars>
  <IMDB_ID></IMDB_ID>
  <Language>en</Language>
  <Overview>Numerius is honored with an exhibition match for his birthday celebration at the ludus. Ilithyia gives Numerius a surprising gift, but asks for something in return.</Overview>
  <ProductionCode></ProductionCode>
  <Rating>8.1</Rating>
  <RatingCount>168</RatingCount>
  <SeasonNumber>1</SeasonNumber>
  <Writer>Brent Fletcher|Miranda Kwok</Writer>
  <absolute_number>10</absolute_number>
  <filename>episodes/129261/1546741.jpg</filename>
  <lastupdated>1303116476</lastupdated>
  <seasonid>159351</seasonid>
  <seriesid>129261</seriesid>
</Episode>
<Episode>
  <id>1912131</id>
  <Combined_episodenumber>11.0</Combined_episodenumber>
  <Combined_season>1</Combined_season>
  <DVD_chapter></DVD_chapter>
  <DVD_discid></DVD_discid>
  <DVD_episodenumber>11.0</DVD_episodenumber>
  <DVD_season>1</DVD_season>
  <Director>Glenn Standring</Director>
  <EpImgFlag>2</EpImgFlag>
  <EpisodeName>Old Wounds</EpisodeName>
  <EpisodeNumber>11</EpisodeNumber>
  <FirstAired>2010-04-02</FirstAired>
  <GuestStars></GuestStars>
  <IMDB_ID></IMDB_ID>
  <Language>en</Language>
  <Overview>Spartacus hovers on the brink. Meanwhile, Batiatus plots revenge against his enemies</Overview>
  <ProductionCode></ProductionCode>
  <Rating>8.0</Rating>
  <RatingCount>157</RatingCount>
  <SeasonNumber>1</SeasonNumber>
  <Writer>Patricia Wells|Daniel Knauf|Dan Filie</Writer>
  <absolute_number>11</absolute_number>
  <filename>episodes/129261/1912131.jpg</filename>
  <lastupdated>1302854962</lastupdated>
  <seasonid>159351</seasonid>
  <seriesid>129261</seriesid>
</Episode>
<Episode>
  <id>1912141</id>
  <Combined_episodenumber>12.0</Combined_episodenumber>
  <Combined_season>1</Combined_season>
  <DVD_chapter></DVD_chapter>
  <DVD_discid></DVD_discid>
  <DVD_episodenumber>12.0</DVD_episodenumber>
  <DVD_season>1</DVD_season>
  <Director>Michael Hurst</Director>
  <EpImgFlag>2</EpImgFlag>
  <EpisodeName>Revelation</EpisodeName>
  <EpisodeNumber>12</EpisodeNumber>
  <FirstAired>2010-04-09</FirstAired>
  <GuestStars></GuestStars>
  <IMDB_ID></IMDB_ID>
  <Language>en</Language>
  <Overview>Lucretia and Batiatus await the arrival of Glaber with the intentions to receive his patronage, while Spartacus focuses his attention on his plan for revenge.</Overview>
  <ProductionCode></ProductionCode>
  <Rating>8.2</Rating>
  <RatingCount>157</RatingCount>
  <SeasonNumber>1</SeasonNumber>
  <Writer>Brent Fletcher</Writer>
  <absolute_number>12</absolute_number>
  <filename>episodes/129261/1912141.jpg</filename>
  <lastupdated>1304324825</lastupdated>
  <seasonid>159351</seasonid>
  <seriesid>129261</seriesid>
</Episode>
<Episode>
  <id>1912151</id>
  <Combined_episodenumber>13.0</Combined_episodenumber>
  <Combined_season>1</Combined_season>
  <DVD_chapter></DVD_chapter>
  <DVD_discid></DVD_discid>
  <DVD_episodenumber>13.0</DVD_episodenumber>
  <DVD_season>1</DVD_season>
  <Director>Jesse Warn</Director>
  <EpImgFlag>2</EpImgFlag>
  <EpisodeName>Kill Them All</EpisodeName>
  <EpisodeNumber>13</EpisodeNumber>
  <FirstAired>2010-04-16</FirstAired>
  <GuestStars></GuestStars>
  <IMDB_ID></IMDB_ID>
  <Language>en</Language>
  <Overview>In the season finale, Spartacus enlists the help of an accomplice in order to get his revenge. </Overview>
  <ProductionCode></ProductionCode>
  <Rating>8.7</Rating>
  <RatingCount>164</RatingCount>
  <SeasonNumber>1</SeasonNumber>
  <Writer>Steven S. DeKnight</Writer>
  <absolute_number>13</absolute_number>
  <filename>episodes/129261/1912151.jpg</filename>
  <lastupdated>1307437908</lastupdated>
  <seasonid>159351</seasonid>
  <seriesid>129261</seriesid>
</Episode>
<Episode>
  <id>4164575</id>
  <Combined_episodenumber>1.0</Combined_episodenumber>
  <Combined_season>2</Combined_season>
  <DVD_chapter></DVD_chapter>
  <DVD_discid></DVD_discid>
  <DVD_episodenumber>1.0</DVD_episodenumber>
  <DVD_season>2</DVD_season>
  <Director>Steven S. DeKnight</Director>
  <EpImgFlag>7</EpImgFlag>
  <EpisodeName>Fugitivus</EpisodeName>
  <EpisodeNumber>1</EpisodeNumber>
  <FirstAired>2012-01-27</FirstAired>
  <GuestStars></GuestStars>
  <IMDB_ID>tt1833511</IMDB_ID>
  <Language>en</Language>
  <Overview>Spartacus realizes that becoming the leader of a mass of freed slaves can be challenging and he struggles to keep the rebellious group intact when news of Claudius Glaber's arrival in Capua reaches him.</Overview>
  <ProductionCode></ProductionCode>
  <Rating>7.8</Rating>
  <RatingCount>78</RatingCount>
  <SeasonNumber>2</SeasonNumber>
  <Writer>Michael Hurst</Writer>
  <absolute_number></absolute_number>
  <filename>episodes/129261/4164575.jpg</filename>
  <lastupdated>1333667112</lastupdated>
  <seasonid>274181</seasonid>
  <seriesid>129261</seriesid>
</Episode>
<Episode>
  <id>4234720</id>
  <Combined_episodenumber>2.0</Combined_episodenumber>
  <Combined_season>2</Combined_season>
  <DVD_chapter></DVD_chapter>
  <DVD_discid></DVD_discid>
  <DVD_episodenumber>2.0</DVD_episodenumber>
  <DVD_season>2</DVD_season>
  <Director>Jesse Warn</Director>
  <EpImgFlag>2</EpImgFlag>
  <EpisodeName>A Place in This World</EpisodeName>
  <EpisodeNumber>2</EpisodeNumber>
  <FirstAired>2012-02-03</FirstAired>
  <GuestStars></GuestStars>
  <IMDB_ID></IMDB_ID>
  <Language>en</Language>
  <Overview>Spartacus and his men liberate a Roman villa, but its slaves are wary. Oenomaus throws himself into the brutal Pits, and Glaber supports Lucretia’s prophecies, despite Ilithyia’s protests.</Overview>
  <ProductionCode></ProductionCode>
  <Rating>7.9</Rating>
  <RatingCount>79</RatingCount>
  <SeasonNumber>2</SeasonNumber>
  <Writer>Brent Fletcher</Writer>
  <absolute_number></absolute_number>
  <filename>episodes/129261/4234720.jpg</filename>
  <lastupdated>1332088524</lastupdated>
  <seasonid>274181</seasonid>
  <seriesid>129261</seriesid>
</Episode>
<Episode>
  <id>4234721</id>
  <Combined_episodenumber>3</Combined_episodenumber>
  <Combined_season>2</Combined_season>
  <DVD_chapter></DVD_chapter>
  <DVD_discid></DVD_discid>
  <DVD_episodenumber></DVD_episodenumber>
  <DVD_season></DVD_season>
  <Director>Brendan Maher</Director>
  <EpImgFlag>2</EpImgFlag>
  <EpisodeName>The Greater Good</EpisodeName>
  <EpisodeNumber>3</EpisodeNumber>
  <FirstAired>2012-02-10</FirstAired>
  <GuestStars></GuestStars>
  <IMDB_ID></IMDB_ID>
  <Language>en</Language>
  <Overview>Spartacus is forced to mediate when the gladiators are close to divide into groups after news of Naevia's fate reaches them. Lucretia exchanges a long-held secret for some information and an attack puts the rebels at risk.</Overview>
  <ProductionCode></ProductionCode>
  <Rating>7.8</Rating>
  <RatingCount>81</RatingCount>
  <SeasonNumber>2</SeasonNumber>
  <Writer>Tracy Bellomo</Writer>
  <absolute_number></absolute_number>
  <filename>episodes/129261/4234721.jpg</filename>
  <lastupdated>1332081806</lastupdated>
  <seasonid>274181</seasonid>
  <seriesid>129261</seriesid>
</Episode>
<Episode>
  <id>4234722</id>
  <Combined_episodenumber>4</Combined_episodenumber>
  <Combined_season>2</Combined_season>
  <DVD_chapter></DVD_chapter>
  <DVD_discid></DVD_discid>
  <DVD_episodenumber></DVD_episodenumber>
  <DVD_season></DVD_season>
  <Director>Mark Beesley</Director>
  <EpImgFlag>2</EpImgFlag>
  <EpisodeName>Empty Hands</EpisodeName>
  <EpisodeNumber>4</EpisodeNumber>
  <FirstAired>2012-02-17</FirstAired>
  <GuestStars></GuestStars>
  <IMDB_ID></IMDB_ID>
  <Language>en</Language>
  <Overview>Spartacus seeks the safety of the woods for his surviving men while Crixus finds himself revisiting past horrors. Meanwhile, Lucretia spies Ilithyia's affairs.</Overview>
  <ProductionCode></ProductionCode>
  <Rating>8.0</Rating>
  <RatingCount>75</RatingCount>
  <SeasonNumber>2</SeasonNumber>
  <Writer>Allison Miller</Writer>
  <absolute_number></absolute_number>
  <filename>episodes/129261/4234722.jpg</filename>
  <lastupdated>1333316702</lastupdated>
  <seasonid>274181</seasonid>
  <seriesid>129261</seriesid>
</Episode>
<Episode>
  <id>4234723</id>
  <Combined_episodenumber>5</Combined_episodenumber>
  <Combined_season>2</Combined_season>
  <DVD_chapter></DVD_chapter>
  <DVD_discid></DVD_discid>
  <DVD_episodenumber></DVD_episodenumber>
  <DVD_season></DVD_season>
  <Director>Rick Jacobson</Director>
  <EpImgFlag>2</EpImgFlag>
  <EpisodeName>Libertus</EpisodeName>
  <EpisodeNumber>5</EpisodeNumber>
  <FirstAired>2012-02-24</FirstAired>
  <GuestStars></GuestStars>
  <IMDB_ID></IMDB_ID>
  <Language>en</Language>
  <Overview>In an ironic twist of fate, a gladiator from the house of Batiatus will stand in the way of Spartacus trying to free Crixus from Roman captivity. Ilithyia's scheming puts her marriage to Glaber at risk.</Overview>
  <ProductionCode></ProductionCode>
  <Rating>8.3</Rating>
  <RatingCount>68</RatingCount>
  <SeasonNumber>2</SeasonNumber>
  <Writer>Aaron Helbing|Todd Helbing</Writer>
  <absolute_number></absolute_number>
  <filename>episodes/129261/4234723.jpg</filename>
  <lastupdated>1333316721</lastupdated>
  <seasonid>274181</seasonid>
  <seriesid>129261</seriesid>
</Episode>
<Episode>
  <id>4234724</id>
  <Combined_episodenumber>6</Combined_episodenumber>
  <Combined_season>2</Combined_season>
  <DVD_chapter></DVD_chapter>
  <DVD_discid></DVD_discid>
  <DVD_episodenumber></DVD_episodenumber>
  <DVD_season></DVD_season>
  <Director>Michael Hurst</Director>
  <EpImgFlag>2</EpImgFlag>
  <EpisodeName>Chosen Path</EpisodeName>
  <EpisodeNumber>6</EpisodeNumber>
  <FirstAired>2012-03-02</FirstAired>
  <GuestStars></GuestStars>
  <IMDB_ID></IMDB_ID>
  <Language>en</Language>
  <Overview>Spartacus and his rebels train hard to keep their new sanctuary safe while Glaber's forces are made stronger with the enlistment of some new deadly recruits. Lucretia and Ilithyia become close again.</Overview>
  <ProductionCode></ProductionCode>
  <Rating>8.0</Rating>
  <RatingCount>63</RatingCount>
  <SeasonNumber>2</SeasonNumber>
  <Writer>Misha Green</Writer>
  <absolute_number></absolute_number>
  <filename>episodes/129261/4234724.jpg</filename>
  <lastupdated>1333316738</lastupdated>
  <seasonid>274181</seasonid>
  <seriesid>129261</seriesid>
</Episode>
<Episode>
  <id>4234725</id>
  <Combined_episodenumber>7</Combined_episodenumber>
  <Combined_season>2</Combined_season>
  <DVD_chapter></DVD_chapter>
  <DVD_discid></DVD_discid>
  <DVD_episodenumber></DVD_episodenumber>
  <DVD_season></DVD_season>
  <Director>Jesse Warn</Director>
  <EpImgFlag>2</EpImgFlag>
  <EpisodeName>Sacramentum</EpisodeName>
  <EpisodeNumber>7</EpisodeNumber>
  <FirstAired>2012-03-09</FirstAired>
  <GuestStars></GuestStars>
  <IMDB_ID></IMDB_ID>
  <Language>en</Language>
  <Overview>Spartacus and his group of rebels attempt to free those who became slaves by falling in foreign wars while Lucretia manages to recruit one of her husband's former gladiators.</Overview>
  <ProductionCode></ProductionCode>
  <Rating>8.1</Rating>
  <RatingCount>62</RatingCount>
  <SeasonNumber>2</SeasonNumber>
  <Writer>Seamus Kevin Fahey</Writer>
  <absolute_number></absolute_number>
  <filename>episodes/129261/4234725.jpg</filename>
  <lastupdated>1333316754</lastupdated>
  <seasonid>274181</seasonid>
  <seriesid>129261</seriesid>
</Episode>
<Episode>
  <id>4234726</id>
  <Combined_episodenumber>8</Combined_episodenumber>
  <Combined_season>2</Combined_season>
  <DVD_chapter></DVD_chapter>
  <DVD_discid></DVD_discid>
  <DVD_episodenumber></DVD_episodenumber>
  <DVD_season></DVD_season>
  <Director>Chris Martin-Jones</Director>
  <EpImgFlag>2</EpImgFlag>
  <EpisodeName>Balance</EpisodeName>
  <EpisodeNumber>8</EpisodeNumber>
  <FirstAired>2012-03-16</FirstAired>
  <GuestStars></GuestStars>
  <IMDB_ID></IMDB_ID>
  <Language>en</Language>
  <Overview>While Spartacus finds an opportunity to get revenge, Glaber is surrounded by intrigue.</Overview>
  <ProductionCode></ProductionCode>
  <Rating>8.0</Rating>
  <RatingCount>57</RatingCount>
  <SeasonNumber>2</SeasonNumber>
  <Writer>Jed Whedon</Writer>
  <absolute_number></absolute_number>
  <filename>episodes/129261/4234726.jpg</filename>
  <lastupdated>1333316772</lastupdated>
  <seasonid>274181</seasonid>
  <seriesid>129261</seriesid>
</Episode>
<Episode>
  <id>4234727</id>
  <Combined_episodenumber>9</Combined_episodenumber>
  <Combined_season>2</Combined_season>
  <DVD_chapter></DVD_chapter>
  <DVD_discid></DVD_discid>
  <DVD_episodenumber></DVD_episodenumber>
  <DVD_season></DVD_season>
  <Director>T. J. Scott</Director>
  <EpImgFlag>2</EpImgFlag>
  <EpisodeName>Monsters</EpisodeName>
  <EpisodeNumber>9</EpisodeNumber>
  <FirstAired>2012-03-23</FirstAired>
  <GuestStars></GuestStars>
  <IMDB_ID></IMDB_ID>
  <Language>en</Language>
  <Overview>Spartacus has to once again use his leadership skills to convince his band of rebels to unite against the Roman assault. Lucretia struggles to get rid of those men standing in the way of her fate.</Overview>
  <ProductionCode></ProductionCode>
  <Rating>8.1</Rating>
  <RatingCount>62</RatingCount>
  <SeasonNumber>2</SeasonNumber>
  <Writer></Writer>
  <absolute_number></absolute_number>
  <filename>episodes/129261/4234727.jpg</filename>
  <lastupdated>1333316786</lastupdated>
  <seasonid>274181</seasonid>
  <seriesid>129261</seriesid>
</Episode>
<Episode>
  <id>4234728</id>
  <Combined_episodenumber>10</Combined_episodenumber>
  <Combined_season>2</Combined_season>
  <DVD_chapter></DVD_chapter>
  <DVD_discid></DVD_discid>
  <DVD_episodenumber></DVD_episodenumber>
  <DVD_season></DVD_season>
  <Director></Director>
  <EpImgFlag>2</EpImgFlag>
  <EpisodeName>Wrath of the Gods</EpisodeName>
  <EpisodeNumber>10</EpisodeNumber>
  <FirstAired>2012-03-30</FirstAired>
  <GuestStars></GuestStars>
  <IMDB_ID></IMDB_ID>
  <Language>en</Language>
  <Overview>When a shortage in supplies has the rebellion about to fail, Spartacus tries his best to give his men hope.</Overview>
  <ProductionCode></ProductionCode>
  <Rating>8.6</Rating>
  <RatingCount>52</RatingCount>
  <SeasonNumber>2</SeasonNumber>
  <Writer></Writer>
  <absolute_number></absolute_number>
  <filename>episodes/129261/4234728.jpg</filename>
  <lastupdated>1333214994</lastupdated>
  <seasonid>274181</seasonid>
  <seriesid>129261</seriesid>
</Episode>
</Data>