<?xml version="1.0" encoding="UTF-8" ?>
<Actors>
<Actor>
  <id>296709</id>
  <Image></Image>
  <Name>Amanda Peet</Name>
  <Role>Alex Meyers</Role>
  <SortOrder>0</SortOrder>
</Actor>
<Actor>
  <id>296711</id>
  <Image></Image>
  <Name>Jeffrey Tambor</Name>
  <Role>Walt Riggins</Role>
  <SortOrder>2</SortOrder>
</Actor>
<Actor>
  <id>296710</id>
  <Image></Image>
  <Name>David Walton</Name>
  <Role>Pete Riggins</Role>
  <SortOrder>3</SortOrder>
</Actor>
<Actor>
  <id>296712</id>
  <Image></Image>
  <Name>Joey King</Name>
  <Role>Charlie Meyers</Role>
  <SortOrder>3</SortOrder>
</Actor>
<Actor>
  <id>296713</id>
  <Image></Image>
  <Name>Margo Harshman</Name>
  <Role>Screwsie</Role>
  <SortOrder>3</SortOrder>
</Actor>
<Actor>
  <id>296714</id>
  <Image></Image>
  <Name>Matt Letscher</Name>
  <Role>Ben</Role>
  <SortOrder>3</SortOrder>
</Actor>
</Actors>