<?xml version="1.0" encoding="UTF-8" ?>
<Banners>
<Banner>
  <id>885308</id>
  <BannerPath>fanart/original/248951-5.jpg</BannerPath>
  <BannerType>fanart</BannerType>
  <BannerType2>1920x1080</BannerType2>
  <Colors></Colors>
  <Language>en</Language>
  <Rating>10.0000</Rating>
  <RatingCount>1</RatingCount>
  <SeriesName>false</SeriesName>
  <ThumbnailPath>_cache/fanart/original/248951-5.jpg</ThumbnailPath>
  <VignettePath>fanart/vignette/248951-5.jpg</VignettePath>
</Banner>
<Banner>
  <id>867241</id>
  <BannerPath>fanart/original/248951-1.jpg</BannerPath>
  <BannerType>fanart</BannerType>
  <BannerType2>1920x1080</BannerType2>
  <Colors></Colors>
  <Language>en</Language>
  <Rating>7.4000</Rating>
  <RatingCount>5</RatingCount>
  <SeriesName>false</SeriesName>
  <ThumbnailPath>_cache/fanart/original/248951-1.jpg</ThumbnailPath>
  <VignettePath>fanart/vignette/248951-1.jpg</VignettePath>
</Banner>
<Banner>
  <id>875334</id>
  <BannerPath>fanart/original/248951-3.jpg</BannerPath>
  <BannerType>fanart</BannerType>
  <BannerType2>1280x720</BannerType2>
  <Colors></Colors>
  <Language>en</Language>
  <Rating>6.5000</Rating>
  <RatingCount>2</RatingCount>
  <SeriesName>true</SeriesName>
  <ThumbnailPath>_cache/fanart/original/248951-3.jpg</ThumbnailPath>
  <VignettePath>fanart/vignette/248951-3.jpg</VignettePath>
</Banner>
<Banner>
  <id>875335</id>
  <BannerPath>fanart/original/248951-4.jpg</BannerPath>
  <BannerType>fanart</BannerType>
  <BannerType2>1280x720</BannerType2>
  <Colors></Colors>
  <Language>en</Language>
  <Rating>5.0000</Rating>
  <RatingCount>1</RatingCount>
  <SeriesName>true</SeriesName>
  <ThumbnailPath>_cache/fanart/original/248951-4.jpg</ThumbnailPath>
  <VignettePath>fanart/vignette/248951-4.jpg</VignettePath>
</Banner>
<Banner>
  <id>869354</id>
  <BannerPath>fanart/original/248951-2.jpg</BannerPath>
  <BannerType>fanart</BannerType>
  <BannerType2>1920x1080</BannerType2>
  <Colors></Colors>
  <Language>en</Language>
  <Rating>5.0000</Rating>
  <RatingCount>2</RatingCount>
  <SeriesName>false</SeriesName>
  <ThumbnailPath>_cache/fanart/original/248951-2.jpg</ThumbnailPath>
  <VignettePath>fanart/vignette/248951-2.jpg</VignettePath>
</Banner>
<Banner>
  <id>877627</id>
  <BannerPath>posters/248951-2.jpg</BannerPath>
  <BannerType>poster</BannerType>
  <BannerType2>680x1000</BannerType2>
  <Language>en</Language>
  <Rating>9.3333</Rating>
  <RatingCount>3</RatingCount>
</Banner>
<Banner>
  <id>875522</id>
  <BannerPath>posters/248951-1.jpg</BannerPath>
  <BannerType>poster</BannerType>
  <BannerType2>680x1000</BannerType2>
  <Language>en</Language>
  <Rating>6.3333</Rating>
  <RatingCount>3</RatingCount>
</Banner>
<Banner>
  <id>877791</id>
  <BannerPath>posters/248951-3.jpg</BannerPath>
  <BannerType>poster</BannerType>
  <BannerType2>680x1000</BannerType2>
  <Language>en</Language>
  <Rating>5.5000</Rating>
  <RatingCount>2</RatingCount>
</Banner>
<Banner>
  <id>879851</id>
  <BannerPath>seasons/248951-1-2.jpg</BannerPath>
  <BannerType>season</BannerType>
  <BannerType2>season</BannerType2>
  <Language>en</Language>
  <Rating>5.5000</Rating>
  <RatingCount>2</RatingCount>
  <Season>1</Season>
</Banner>
<Banner>
  <id>874591</id>
  <BannerPath>graphical/248951-g2.jpg</BannerPath>
  <BannerType>series</BannerType>
  <BannerType2>graphical</BannerType2>
  <Language>en</Language>
  <Rating>9.0000</Rating>
  <RatingCount>3</RatingCount>
</Banner>
<Banner>
  <id>874590</id>
  <BannerPath>graphical/248951-g.jpg</BannerPath>
  <BannerType>series</BannerType>
  <BannerType2>graphical</BannerType2>
  <Language>en</Language>
  <Rating>6.0000</Rating>
  <RatingCount>3</RatingCount>
</Banner>
</Banners>