<?xml version="1.0" encoding="UTF-8" ?>
<Banners>
<Banner>
  <id>878384</id>
  <BannerPath>fanart/original/250632-1.jpg</BannerPath>
  <BannerType>fanart</BannerType>
  <BannerType2>1920x1080</BannerType2>
  <Colors></Colors>
  <Language>en</Language>
  <Rating>9.3333</Rating>
  <RatingCount>3</RatingCount>
  <SeriesName>false</SeriesName>
  <ThumbnailPath>_cache/fanart/original/250632-1.jpg</ThumbnailPath>
  <VignettePath>fanart/vignette/250632-1.jpg</VignettePath>
</Banner>
<Banner>
  <id>883081</id>
  <BannerPath>fanart/original/250632-2.jpg</BannerPath>
  <BannerType>fanart</BannerType>
  <BannerType2>1280x720</BannerType2>
  <Colors></Colors>
  <Language>en</Language>
  <Rating>8.0000</Rating>
  <RatingCount>1</RatingCount>
  <SeriesName>false</SeriesName>
  <ThumbnailPath>_cache/fanart/original/250632-2.jpg</ThumbnailPath>
  <VignettePath>fanart/vignette/250632-2.jpg</VignettePath>
</Banner>
<Banner>
  <id>883082</id>
  <BannerPath>fanart/original/250632-3.jpg</BannerPath>
  <BannerType>fanart</BannerType>
  <BannerType2>1280x720</BannerType2>
  <Colors></Colors>
  <Language>en</Language>
  <Rating>6.0000</Rating>
  <RatingCount>1</RatingCount>
  <SeriesName>false</SeriesName>
  <ThumbnailPath>_cache/fanart/original/250632-3.jpg</ThumbnailPath>
  <VignettePath>fanart/vignette/250632-3.jpg</VignettePath>
</Banner>
<Banner>
  <id>884545</id>
  <BannerPath>fanart/original/250632-4.jpg</BannerPath>
  <BannerType>fanart</BannerType>
  <BannerType2>1920x1080</BannerType2>
  <Colors></Colors>
  <Language>en</Language>
  <Rating></Rating>
  <RatingCount>0</RatingCount>
  <SeriesName>false</SeriesName>
  <ThumbnailPath>_cache/fanart/original/250632-4.jpg</ThumbnailPath>
  <VignettePath>fanart/vignette/250632-4.jpg</VignettePath>
</Banner>
<Banner>
  <id>885998</id>
  <BannerPath>fanart/original/250632-5.jpg</BannerPath>
  <BannerType>fanart</BannerType>
  <BannerType2>1280x720</BannerType2>
  <Colors></Colors>
  <Language>en</Language>
  <Rating></Rating>
  <RatingCount>0</RatingCount>
  <SeriesName>true</SeriesName>
  <ThumbnailPath>_cache/fanart/original/250632-5.jpg</ThumbnailPath>
  <VignettePath>fanart/vignette/250632-5.jpg</VignettePath>
</Banner>
<Banner>
  <id>883083</id>
  <BannerPath>posters/250632-2.jpg</BannerPath>
  <BannerType>poster</BannerType>
  <BannerType2>680x1000</BannerType2>
  <Language>en</Language>
  <Rating>8.3333</Rating>
  <RatingCount>3</RatingCount>
</Banner>
<Banner>
  <id>878388</id>
  <BannerPath>posters/250632-1.jpg</BannerPath>
  <BannerType>poster</BannerType>
  <BannerType2>680x1000</BannerType2>
  <Language>en</Language>
  <Rating>8.0000</Rating>
  <RatingCount>3</RatingCount>
</Banner>
<Banner>
  <id>878395</id>
  <BannerPath>seasons/250632-1.jpg</BannerPath>
  <BannerType>season</BannerType>
  <BannerType2>season</BannerType2>
  <Language>en</Language>
  <Rating>8.0000</Rating>
  <RatingCount>1</RatingCount>
  <Season>1</Season>
</Banner>
<Banner>
  <id>883085</id>
  <BannerPath>graphical/250632-g2.jpg</BannerPath>
  <BannerType>series</BannerType>
  <BannerType2>graphical</BannerType2>
  <Language>en</Language>
  <Rating>10.0000</Rating>
  <RatingCount>1</RatingCount>
</Banner>
<Banner>
  <id>878387</id>
  <BannerPath>graphical/250632-g.jpg</BannerPath>
  <BannerType>series</BannerType>
  <BannerType2>graphical</BannerType2>
  <Language>en</Language>
  <Rating>8.0000</Rating>
  <RatingCount>2</RatingCount>
</Banner>
</Banners>