<?xml version="1.0" encoding="UTF-8" ?>
<Data><Series>
  <id>250632</id>
  <Actors>|Mick Wingert|Amir Talai|James Hong|</Actors>
  <Airs_DayOfWeek>Monday</Airs_DayOfWeek>
  <Airs_Time>8:00 PM</Airs_Time>
  <ContentRating>TV-Y7</ContentRating>
  <FirstAired>2011-09-19</FirstAired>
  <Genre>|Animation|Children|Comedy|</Genre>
  <IMDB_ID>tt1545214</IMDB_ID>
  <Language>en</Language>
  <Network>Nickelodeon</Network>
  <NetworkID></NetworkID>
  <Overview>Po, the Dragon Warrior panda, leads the Furious Five in maintaining calm in the Valley Of Peace.

With Tigress, Monkey, Mantis, Crane, Viper and Shifu fighting by his side, Po defends the Jade Palace against all intruders, &quot;skadooshing&quot; the bad guys with his trademark panda moves, and leaving plenty of time for dumplings.</Overview>
  <Rating>9.0</Rating>
  <RatingCount>7</RatingCount>
  <Runtime>25</Runtime>
  <SeriesID></SeriesID>
  <SeriesName>Kung Fu Panda: Legends of Awesomeness</SeriesName>
  <Status>Continuing</Status>
  <added>2011-07-31 11:40:52</added>
  <addedBy>346763</addedBy>
  <banner>graphical/250632-g2.jpg</banner>
  <fanart>fanart/original/250632-1.jpg</fanart>
  <lastupdated>1334030281</lastupdated>
  <poster>posters/250632-2.jpg</poster>
  <zap2it_id></zap2it_id>
</Series>
<Episode>
  <id>4170318</id>
  <Combined_episodenumber>1</Combined_episodenumber>
  <Combined_season>0</Combined_season>
  <DVD_chapter></DVD_chapter>
  <DVD_discid></DVD_discid>
  <DVD_episodenumber></DVD_episodenumber>
  <DVD_season></DVD_season>
  <Director>Tim Johnson</Director>
  <EpImgFlag>2</EpImgFlag>
  <EpisodeName>Holiday Special</EpisodeName>
  <EpisodeNumber>1</EpisodeNumber>
  <FirstAired>2010-11-24</FirstAired>
  <GuestStars></GuestStars>
  <IMDB_ID>tt1702433</IMDB_ID>
  <Language>en</Language>
  <Overview>The Winter Festival is coming and Po is asked to host the great exclusive formal banquet for all the Masters of Kung Fu. However, the occasion is on the same night as his father's restaurant's own party and Mr. Ping, upset at his son's absence, will not cancel it to cook for the masters at Po's request. Burdened by his father's imposed guilt about his conflicting responsibilities, Po finds all the preparations a dispiriting struggle. However, the solution comes from where he least expects it even as the panda must decide who truly needs him more on the big night.</Overview>
  <ProductionCode></ProductionCode>
  <Rating>10.0</Rating>
  <RatingCount>2</RatingCount>
  <SeasonNumber>0</SeasonNumber>
  <Writer>Jonathan Groff, Jon Pollack</Writer>
  <absolute_number></absolute_number>
  <airsafter_season></airsafter_season>
  <airsbefore_episode>1</airsbefore_episode>
  <airsbefore_season>1</airsbefore_season>
  <filename>episodes/250632/4170318.jpg</filename>
  <lastupdated>1333678213</lastupdated>
  <seasonid>470816</seasonid>
  <seriesid>250632</seriesid>
</Episode>
<Episode>
  <id>4230549</id>
  <Combined_episodenumber>2</Combined_episodenumber>
  <Combined_season>0</Combined_season>
  <DVD_chapter></DVD_chapter>
  <DVD_discid></DVD_discid>
  <DVD_episodenumber></DVD_episodenumber>
  <DVD_season></DVD_season>
  <Director>Raman Hui</Director>
  <EpImgFlag></EpImgFlag>
  <EpisodeName>Secrets of the Furious Five</EpisodeName>
  <EpisodeNumber>2</EpisodeNumber>
  <FirstAired>2008-11-09</FirstAired>
  <GuestStars>Jack Black, Dustin Hoffman and Will Shadley</GuestStars>
  <IMDB_ID>tt1287845</IMDB_ID>
  <Language>en</Language>
  <Overview>With Po's status as the Dragon Warrior proven to all, Master Shifu has a new challenge for him; teaching Introduction to Kung Fu class to a bunch of a rambunctious bunny children. After getting the class to come to order, Po teaches them that fighting is only part of kung fu, while its true meaning is &quot;Excellence of Self.&quot; To explain this philosophy, Po tells stories of each of his comrades, The Furious Five, and how they faced formative challenges in their youth that helped define them as true masters of kung fu. </Overview>
  <ProductionCode></ProductionCode>
  <Rating></Rating>
  <RatingCount>0</RatingCount>
  <SeasonNumber>0</SeasonNumber>
  <Writer>Todd Berger (screenplay) Jed Diffenderfer (story concept) Paul McEvoy (screenplay)</Writer>
  <absolute_number></absolute_number>
  <airsafter_season></airsafter_season>
  <airsbefore_episode>1</airsbefore_episode>
  <airsbefore_season>1</airsbefore_season>
  <filename></filename>
  <lastupdated>1327936348</lastupdated>
  <seasonid>470816</seasonid>
  <seriesid>250632</seriesid>
</Episode>
<Episode>
  <id>4239058</id>
  <Combined_episodenumber>3</Combined_episodenumber>
  <Combined_season>0</Combined_season>
  <DVD_chapter></DVD_chapter>
  <DVD_discid></DVD_discid>
  <DVD_episodenumber></DVD_episodenumber>
  <DVD_season></DVD_season>
  <Director></Director>
  <EpImgFlag>2</EpImgFlag>
  <EpisodeName>Secrets of the Masters</EpisodeName>
  <EpisodeNumber>3</EpisodeNumber>
  <FirstAired>2011-12-13</FirstAired>
  <GuestStars></GuestStars>
  <IMDB_ID></IMDB_ID>
  <Language>en</Language>
  <Overview></Overview>
  <ProductionCode></ProductionCode>
  <Rating></Rating>
  <RatingCount>0</RatingCount>
  <SeasonNumber>0</SeasonNumber>
  <Writer></Writer>
  <absolute_number></absolute_number>
  <airsafter_season></airsafter_season>
  <airsbefore_episode>19</airsbefore_episode>
  <airsbefore_season>1</airsbefore_season>
  <filename>episodes/250632/4239058.jpg</filename>
  <lastupdated>1327936370</lastupdated>
  <seasonid>470816</seasonid>
  <seriesid>250632</seriesid>
</Episode>
<Episode>
  <id>4142776</id>
  <Combined_episodenumber>1</Combined_episodenumber>
  <Combined_season>1</Combined_season>
  <DVD_chapter></DVD_chapter>
  <DVD_discid></DVD_discid>
  <DVD_episodenumber></DVD_episodenumber>
  <DVD_season></DVD_season>
  <Director>Jim Schumann</Director>
  <EpImgFlag>2</EpImgFlag>
  <EpisodeName>Scorpion's Sting</EpisodeName>
  <EpisodeNumber>1</EpisodeNumber>
  <FirstAired>2011-09-19</FirstAired>
  <GuestStars></GuestStars>
  <IMDB_ID></IMDB_ID>
  <Language>en</Language>
  <Overview>Tigress comes down with a case of the childhood illness, River Fever.
The only cure is the tea made from the Sun Orchid which can only be found the Valley of the Scorpion.
Po &amp; Monkey take on the dangerous task of obtaining the flower but Monkey is captured by Scorpion and is brainwashed into destroying Po.
Po must stop his friend and get the cure back to Tigress before sundown.</Overview>
  <ProductionCode></ProductionCode>
  <Rating>8.1</Rating>
  <RatingCount>15</RatingCount>
  <SeasonNumber>1</SeasonNumber>
  <Writer>Douglas Langdale</Writer>
  <absolute_number></absolute_number>
  <filename>episodes/250632/4142776.jpg</filename>
  <lastupdated>1325308735</lastupdated>
  <seasonid>470819</seasonid>
  <seriesid>250632</seriesid>
</Episode>
<Episode>
  <id>4191614</id>
  <Combined_episodenumber>2</Combined_episodenumber>
  <Combined_season>1</Combined_season>
  <DVD_chapter></DVD_chapter>
  <DVD_discid></DVD_discid>
  <DVD_episodenumber></DVD_episodenumber>
  <DVD_season></DVD_season>
  <Director>Gabe Swarr</Director>
  <EpImgFlag>2</EpImgFlag>
  <EpisodeName>The Princess &amp; the Po</EpisodeName>
  <EpisodeNumber>2</EpisodeNumber>
  <FirstAired>2011-10-21</FirstAired>
  <GuestStars></GuestStars>
  <IMDB_ID></IMDB_ID>
  <Language>en</Language>
  <Overview>Po is put in charge of protecting the Emperor's daughter while on a diplomatic trip to visit the Qidan clan. Luckily, Tigress and Mantis are along for the journey.</Overview>
  <ProductionCode></ProductionCode>
  <Rating>8.3</Rating>
  <RatingCount>7</RatingCount>
  <SeasonNumber>1</SeasonNumber>
  <Writer>Scott Kreamer</Writer>
  <absolute_number></absolute_number>
  <filename>episodes/250632/4191614.jpg</filename>
  <lastupdated>1325308762</lastupdated>
  <seasonid>470819</seasonid>
  <seriesid>250632</seriesid>
</Episode>
<Episode>
  <id>4192144</id>
  <Combined_episodenumber>3</Combined_episodenumber>
  <Combined_season>1</Combined_season>
  <DVD_chapter></DVD_chapter>
  <DVD_discid></DVD_discid>
  <DVD_episodenumber></DVD_episodenumber>
  <DVD_season></DVD_season>
  <Director>Jim Schumann</Director>
  <EpImgFlag>2</EpImgFlag>
  <EpisodeName>Sticky Situation</EpisodeName>
  <EpisodeNumber>3</EpisodeNumber>
  <FirstAired>2011-11-07</FirstAired>
  <GuestStars></GuestStars>
  <IMDB_ID></IMDB_ID>
  <Language>en</Language>
  <Overview>Po destroys the training hall whilst cleaning it and needs to repair it quickly before Shifu finds out. He seeks out the builder of the hall, Dao Dai, who holds a grudge against Shifu.</Overview>
  <ProductionCode></ProductionCode>
  <Rating>8.3</Rating>
  <RatingCount>7</RatingCount>
  <SeasonNumber>1</SeasonNumber>
  <Writer>Douglas Langdale</Writer>
  <absolute_number></absolute_number>
  <filename>episodes/250632/4192144.jpg</filename>
  <lastupdated>1325308777</lastupdated>
  <seasonid>470819</seasonid>
  <seriesid>250632</seriesid>
</Episode>
<Episode>
  <id>4201541</id>
  <Combined_episodenumber>4</Combined_episodenumber>
  <Combined_season>1</Combined_season>
  <DVD_chapter></DVD_chapter>
  <DVD_discid></DVD_discid>
  <DVD_episodenumber></DVD_episodenumber>
  <DVD_season></DVD_season>
  <Director></Director>
  <EpImgFlag>2</EpImgFlag>
  <EpisodeName>Chain Reaction</EpisodeName>
  <EpisodeNumber>4</EpisodeNumber>
  <FirstAired>2011-11-08</FirstAired>
  <GuestStars></GuestStars>
  <IMDB_ID></IMDB_ID>
  <Language>en</Language>
  <Overview>Tigress and Po end up chained together at the wrist when ambushed by the croc bandits during their task of retrieving a statue.</Overview>
  <ProductionCode></ProductionCode>
  <Rating>8.3</Rating>
  <RatingCount>4</RatingCount>
  <SeasonNumber>1</SeasonNumber>
  <Writer></Writer>
  <absolute_number></absolute_number>
  <filename>episodes/250632/4201541.jpg</filename>
  <lastupdated>1325308809</lastupdated>
  <seasonid>470819</seasonid>
  <seriesid>250632</seriesid>
</Episode>
<Episode>
  <id>4202098</id>
  <Combined_episodenumber>5</Combined_episodenumber>
  <Combined_season>1</Combined_season>
  <DVD_chapter></DVD_chapter>
  <DVD_discid></DVD_discid>
  <DVD_episodenumber></DVD_episodenumber>
  <DVD_season></DVD_season>
  <Director></Director>
  <EpImgFlag>2</EpImgFlag>
  <EpisodeName>Fluttering Finger Mindslip</EpisodeName>
  <EpisodeNumber>5</EpisodeNumber>
  <FirstAired>2011-11-09</FirstAired>
  <GuestStars></GuestStars>
  <IMDB_ID></IMDB_ID>
  <Language>en</Language>
  <Overview>Po learns a new move by jumping ahead of reading fifty sarced scrolls and ends up wiping the memories of the Furious Five.</Overview>
  <ProductionCode></ProductionCode>
  <Rating>8.6</Rating>
  <RatingCount>5</RatingCount>
  <SeasonNumber>1</SeasonNumber>
  <Writer></Writer>
  <absolute_number></absolute_number>
  <filename>episodes/250632/4202098.jpg</filename>
  <lastupdated>1328170551</lastupdated>
  <seasonid>470819</seasonid>
  <seriesid>250632</seriesid>
</Episode>
<Episode>
  <id>4203401</id>
  <Combined_episodenumber>6</Combined_episodenumber>
  <Combined_season>1</Combined_season>
  <DVD_chapter></DVD_chapter>
  <DVD_discid></DVD_discid>
  <DVD_episodenumber></DVD_episodenumber>
  <DVD_season></DVD_season>
  <Director></Director>
  <EpImgFlag>2</EpImgFlag>
  <EpisodeName>Good Croc, Bad Croc</EpisodeName>
  <EpisodeNumber>6</EpisodeNumber>
  <FirstAired>2011-11-10</FirstAired>
  <GuestStars></GuestStars>
  <IMDB_ID></IMDB_ID>
  <Language>en</Language>
  <Overview>Po is tricked into saving the leader of the Croc Bandits' brother when in fact he has stolen the son of a powerful landowner.</Overview>
  <ProductionCode></ProductionCode>
  <Rating>8.0</Rating>
  <RatingCount>6</RatingCount>
  <SeasonNumber>1</SeasonNumber>
  <Writer></Writer>
  <absolute_number></absolute_number>
  <filename>episodes/250632/4203401.jpg</filename>
  <lastupdated>1328629189</lastupdated>
  <seasonid>470819</seasonid>
  <seriesid>250632</seriesid>
</Episode>
<Episode>
  <id>4203402</id>
  <Combined_episodenumber>7</Combined_episodenumber>
  <Combined_season>1</Combined_season>
  <DVD_chapter></DVD_chapter>
  <DVD_discid></DVD_discid>
  <DVD_episodenumber></DVD_episodenumber>
  <DVD_season></DVD_season>
  <Director></Director>
  <EpImgFlag>2</EpImgFlag>
  <EpisodeName>Hometown Hero</EpisodeName>
  <EpisodeNumber>7</EpisodeNumber>
  <FirstAired>2011-11-11</FirstAired>
  <GuestStars></GuestStars>
  <IMDB_ID></IMDB_ID>
  <Language>en</Language>
  <Overview>Mantis gets help from Po after receiving word his ex-fiancée needs help which he is reluctant to take as his hometown believes Mantis to be the Dragon Warrior.</Overview>
  <ProductionCode></ProductionCode>
  <Rating>8.0</Rating>
  <RatingCount>3</RatingCount>
  <SeasonNumber>1</SeasonNumber>
  <Writer></Writer>
  <absolute_number></absolute_number>
  <filename>episodes/250632/4203402.jpg</filename>
  <lastupdated>1328266324</lastupdated>
  <seasonid>470819</seasonid>
  <seriesid>250632</seriesid>
</Episode>
<Episode>
  <id>4203403</id>
  <Combined_episodenumber>8</Combined_episodenumber>
  <Combined_season>1</Combined_season>
  <DVD_chapter></DVD_chapter>
  <DVD_discid></DVD_discid>
  <DVD_episodenumber></DVD_episodenumber>
  <DVD_season></DVD_season>
  <Director></Director>
  <EpImgFlag>2</EpImgFlag>
  <EpisodeName>Jailhouse Panda</EpisodeName>
  <EpisodeNumber>8</EpisodeNumber>
  <FirstAired>2011-11-18</FirstAired>
  <GuestStars></GuestStars>
  <IMDB_ID></IMDB_ID>
  <Language>en</Language>
  <Overview>Po goes undercover as a prisoner in Chor Ghom Prison to learn where a diabolical criminal has hidden the ultra-dangerous weapon, the Sacred War Hammer of Lei Lang.</Overview>
  <ProductionCode></ProductionCode>
  <Rating>7.0</Rating>
  <RatingCount>1</RatingCount>
  <SeasonNumber>1</SeasonNumber>
  <Writer></Writer>
  <absolute_number></absolute_number>
  <filename>episodes/250632/4203403.jpg</filename>
  <lastupdated>1325308885</lastupdated>
  <seasonid>470819</seasonid>
  <seriesid>250632</seriesid>
</Episode>
<Episode>
  <id>4207721</id>
  <Combined_episodenumber>9</Combined_episodenumber>
  <Combined_season>1</Combined_season>
  <DVD_chapter></DVD_chapter>
  <DVD_discid></DVD_discid>
  <DVD_episodenumber></DVD_episodenumber>
  <DVD_season></DVD_season>
  <Director></Director>
  <EpImgFlag>2</EpImgFlag>
  <EpisodeName>Owl Be Back</EpisodeName>
  <EpisodeNumber>9</EpisodeNumber>
  <FirstAired>2011-11-26</FirstAired>
  <GuestStars></GuestStars>
  <IMDB_ID></IMDB_ID>
  <Language>en</Language>
  <Overview>The Furious Five discover that Po has incredible kung fu abilities far beyond anyone else's in the group. This worries them as they believe he will turn evil like Fenghuang, a member of the Furious Five before the current team who was also greatly powerful.</Overview>
  <ProductionCode></ProductionCode>
  <Rating></Rating>
  <RatingCount>0</RatingCount>
  <SeasonNumber>1</SeasonNumber>
  <Writer></Writer>
  <absolute_number></absolute_number>
  <filename>episodes/250632/4207721.jpg</filename>
  <lastupdated>1326889245</lastupdated>
  <seasonid>470819</seasonid>
  <seriesid>250632</seriesid>
</Episode>
<Episode>
  <id>4207722</id>
  <Combined_episodenumber>10</Combined_episodenumber>
  <Combined_season>1</Combined_season>
  <DVD_chapter></DVD_chapter>
  <DVD_discid></DVD_discid>
  <DVD_episodenumber></DVD_episodenumber>
  <DVD_season></DVD_season>
  <Director></Director>
  <EpImgFlag>2</EpImgFlag>
  <EpisodeName>Bad Po</EpisodeName>
  <EpisodeNumber>10</EpisodeNumber>
  <FirstAired>2011-11-26</FirstAired>
  <GuestStars></GuestStars>
  <IMDB_ID></IMDB_ID>
  <Language>en</Language>
  <Overview>Po has split himself into two opposing parts of himself by looking through the Mystic Mirror of Yin and Yang and needs to stop his duplicate from destroying his reputation and friendships with his bad personality traits.</Overview>
  <ProductionCode></ProductionCode>
  <Rating>7.0</Rating>
  <RatingCount>1</RatingCount>
  <SeasonNumber>1</SeasonNumber>
  <Writer></Writer>
  <absolute_number></absolute_number>
  <filename>episodes/250632/4207722.jpg</filename>
  <lastupdated>1328629215</lastupdated>
  <seasonid>470819</seasonid>
  <seriesid>250632</seriesid>
</Episode>
<Episode>
  <id>4207723</id>
  <Combined_episodenumber>11</Combined_episodenumber>
  <Combined_season>1</Combined_season>
  <DVD_chapter></DVD_chapter>
  <DVD_discid></DVD_discid>
  <DVD_episodenumber></DVD_episodenumber>
  <DVD_season></DVD_season>
  <Director></Director>
  <EpImgFlag>2</EpImgFlag>
  <EpisodeName>Sight for Sore Eyes</EpisodeName>
  <EpisodeNumber>11</EpisodeNumber>
  <FirstAired>2011-11-27</FirstAired>
  <GuestStars></GuestStars>
  <IMDB_ID></IMDB_ID>
  <Language>en</Language>
  <Overview>The Jade Palace is receiving an inspection from the Masters of the Sacred Onyx Shaolin. Shifu is insistent for Po to not watch their sparring session but after watching a impressive move by Master Junjie is rendered blind and causes Shifu to lose the palace and the Furious Five to Junjie.</Overview>
  <ProductionCode></ProductionCode>
  <Rating></Rating>
  <RatingCount>0</RatingCount>
  <SeasonNumber>1</SeasonNumber>
  <Writer></Writer>
  <absolute_number></absolute_number>
  <filename>episodes/250632/4207723.jpg</filename>
  <lastupdated>1326889295</lastupdated>
  <seasonid>470819</seasonid>
  <seriesid>250632</seriesid>
</Episode>
<Episode>
  <id>4207724</id>
  <Combined_episodenumber>12</Combined_episodenumber>
  <Combined_season>1</Combined_season>
  <DVD_chapter></DVD_chapter>
  <DVD_discid></DVD_discid>
  <DVD_episodenumber></DVD_episodenumber>
  <DVD_season></DVD_season>
  <Director></Director>
  <EpImgFlag>2</EpImgFlag>
  <EpisodeName>Rhino's Revenge</EpisodeName>
  <EpisodeNumber>12</EpisodeNumber>
  <FirstAired>2011-11-27</FirstAired>
  <GuestStars></GuestStars>
  <IMDB_ID></IMDB_ID>
  <Language>en</Language>
  <Overview>Hundun, a former guard at the Chor Ghom prison until it closed after Tai Lung's escape, wants revenge against the Dragon Warrior for making hijm lose everything in his life as a result of defeating Tai Lung. Unfortunately, Po ends up trying to help Hundun without him knowing he's the Dragon Warrior.</Overview>
  <ProductionCode></ProductionCode>
  <Rating></Rating>
  <RatingCount>0</RatingCount>
  <SeasonNumber>1</SeasonNumber>
  <Writer></Writer>
  <absolute_number></absolute_number>
  <filename>episodes/250632/4207724.jpg</filename>
  <lastupdated>1326889317</lastupdated>
  <seasonid>470819</seasonid>
  <seriesid>250632</seriesid>
</Episode>
<Episode>
  <id>4213723</id>
  <Combined_episodenumber>13</Combined_episodenumber>
  <Combined_season>1</Combined_season>
  <DVD_chapter></DVD_chapter>
  <DVD_discid></DVD_discid>
  <DVD_episodenumber></DVD_episodenumber>
  <DVD_season></DVD_season>
  <Director></Director>
  <EpImgFlag>2</EpImgFlag>
  <EpisodeName>Master Ping</EpisodeName>
  <EpisodeNumber>13</EpisodeNumber>
  <FirstAired>2011-11-28</FirstAired>
  <GuestStars></GuestStars>
  <IMDB_ID></IMDB_ID>
  <Language>en</Language>
  <Overview>When Mr. Ping's noodle shop is badly damaged during a fight between Po, Monkey and three pig brothers, Shifu invites Mr. Ping to stay at the Jade Palace until the shop is repaired. This causes tension between him and the others until he is asked to leave and is subsequently captured by the pig brothers believing him to be Master Shifu.</Overview>
  <ProductionCode></ProductionCode>
  <Rating></Rating>
  <RatingCount>0</RatingCount>
  <SeasonNumber>1</SeasonNumber>
  <Writer></Writer>
  <absolute_number></absolute_number>
  <filename>episodes/250632/4213723.jpg</filename>
  <lastupdated>1329639855</lastupdated>
  <seasonid>470819</seasonid>
  <seriesid>250632</seriesid>
</Episode>
<Episode>
  <id>4214058</id>
  <Combined_episodenumber>14</Combined_episodenumber>
  <Combined_season>1</Combined_season>
  <DVD_chapter></DVD_chapter>
  <DVD_discid></DVD_discid>
  <DVD_episodenumber></DVD_episodenumber>
  <DVD_season></DVD_season>
  <Director></Director>
  <EpImgFlag>2</EpImgFlag>
  <EpisodeName>Ghost of Oogway</EpisodeName>
  <EpisodeNumber>14</EpisodeNumber>
  <FirstAired>2011-11-29</FirstAired>
  <GuestStars></GuestStars>
  <IMDB_ID></IMDB_ID>
  <Language>en</Language>
  <Overview>Oogway returns to the Jade Palace and causes turmoil between Po and Shifu.</Overview>
  <ProductionCode></ProductionCode>
  <Rating></Rating>
  <RatingCount>0</RatingCount>
  <SeasonNumber>1</SeasonNumber>
  <Writer></Writer>
  <absolute_number></absolute_number>
  <filename>episodes/250632/4214058.jpg</filename>
  <lastupdated>1329024827</lastupdated>
  <seasonid>470819</seasonid>
  <seriesid>250632</seriesid>
</Episode>
<Episode>
  <id>4214361</id>
  <Combined_episodenumber>15</Combined_episodenumber>
  <Combined_season>1</Combined_season>
  <DVD_chapter></DVD_chapter>
  <DVD_discid></DVD_discid>
  <DVD_episodenumber></DVD_episodenumber>
  <DVD_season></DVD_season>
  <Director></Director>
  <EpImgFlag>2</EpImgFlag>
  <EpisodeName>The Kung Fu Kid</EpisodeName>
  <EpisodeNumber>15</EpisodeNumber>
  <FirstAired>2011-11-30</FirstAired>
  <GuestStars></GuestStars>
  <IMDB_ID></IMDB_ID>
  <Language>en</Language>
  <Overview>When a kung fu prodigy arrives at the Jade Palace, Po's enthusiasm begins to sour when he gets a little jealous of the attention being heaped onto the young master.
</Overview>
  <ProductionCode></ProductionCode>
  <Rating>7.0</Rating>
  <RatingCount>1</RatingCount>
  <SeasonNumber>1</SeasonNumber>
  <Writer></Writer>
  <absolute_number></absolute_number>
  <filename>episodes/250632/4214361.jpg</filename>
  <lastupdated>1331214712</lastupdated>
  <seasonid>470819</seasonid>
  <seriesid>250632</seriesid>
</Episode>
<Episode>
  <id>4215168</id>
  <Combined_episodenumber>16</Combined_episodenumber>
  <Combined_season>1</Combined_season>
  <DVD_chapter></DVD_chapter>
  <DVD_discid></DVD_discid>
  <DVD_episodenumber></DVD_episodenumber>
  <DVD_season></DVD_season>
  <Director></Director>
  <EpImgFlag>2</EpImgFlag>
  <EpisodeName>Ladies of the Shade</EpisodeName>
  <EpisodeNumber>16</EpisodeNumber>
  <FirstAired>2011-12-01</FirstAired>
  <GuestStars></GuestStars>
  <IMDB_ID></IMDB_ID>
  <Language>en</Language>
  <Overview>Po befriends a troupe of dancers, unaware that they are actually a band of traveling thieves. When a prized item goes missing from the Jade Palace, Po has to disguise himself to infiltrate the band.</Overview>
  <ProductionCode></ProductionCode>
  <Rating></Rating>
  <RatingCount>0</RatingCount>
  <SeasonNumber>1</SeasonNumber>
  <Writer></Writer>
  <absolute_number></absolute_number>
  <filename>episodes/250632/4215168.jpg</filename>
  <lastupdated>1325309098</lastupdated>
  <seasonid>470819</seasonid>
  <seriesid>250632</seriesid>
</Episode>
<Episode>
  <id>4215701</id>
  <Combined_episodenumber>17</Combined_episodenumber>
  <Combined_season>1</Combined_season>
  <DVD_chapter></DVD_chapter>
  <DVD_discid></DVD_discid>
  <DVD_episodenumber></DVD_episodenumber>
  <DVD_season></DVD_season>
  <Director></Director>
  <EpImgFlag>2</EpImgFlag>
  <EpisodeName>Big Bro Po</EpisodeName>
  <EpisodeNumber>17</EpisodeNumber>
  <FirstAired>2011-12-02</FirstAired>
  <GuestStars></GuestStars>
  <IMDB_ID></IMDB_ID>
  <Language>en</Language>
  <Overview>Po must look after Taotie's son after he is taken to prison after a failed attack on the Jade Palace. His loyalties are split when he tries to help his father get out of prison though he has warmed to Po.</Overview>
  <ProductionCode></ProductionCode>
  <Rating></Rating>
  <RatingCount>0</RatingCount>
  <SeasonNumber>1</SeasonNumber>
  <Writer></Writer>
  <absolute_number></absolute_number>
  <filename>episodes/250632/4215701.jpg</filename>
  <lastupdated>1325309115</lastupdated>
  <seasonid>470819</seasonid>
  <seriesid>250632</seriesid>
</Episode>
<Episode>
  <id>4219448</id>
  <Combined_episodenumber>18</Combined_episodenumber>
  <Combined_season>1</Combined_season>
  <DVD_chapter></DVD_chapter>
  <DVD_discid></DVD_discid>
  <DVD_episodenumber></DVD_episodenumber>
  <DVD_season></DVD_season>
  <Director></Director>
  <EpImgFlag>2</EpImgFlag>
  <EpisodeName>Po Fans Out</EpisodeName>
  <EpisodeNumber>18</EpisodeNumber>
  <FirstAired>2011-12-09</FirstAired>
  <GuestStars></GuestStars>
  <IMDB_ID></IMDB_ID>
  <Language>en</Language>
  <Overview>Po finds he has a fan club in the valley but they are unimpressed when they find the Dragon Warrior's day to day life isn't as action packed as they imagined. With this newfound attention flagging, Po releases a demon in order to fight it and impress his fan club.</Overview>
  <ProductionCode></ProductionCode>
  <Rating></Rating>
  <RatingCount>0</RatingCount>
  <SeasonNumber>1</SeasonNumber>
  <Writer></Writer>
  <absolute_number></absolute_number>
  <filename>episodes/250632/4219448.jpg</filename>
  <lastupdated>1332531836</lastupdated>
  <seasonid>470819</seasonid>
  <seriesid>250632</seriesid>
</Episode>
<Episode>
  <id>4223178</id>
  <Combined_episodenumber>19</Combined_episodenumber>
  <Combined_season>1</Combined_season>
  <DVD_chapter></DVD_chapter>
  <DVD_discid></DVD_discid>
  <DVD_episodenumber></DVD_episodenumber>
  <DVD_season></DVD_season>
  <Director></Director>
  <EpImgFlag>2</EpImgFlag>
  <EpisodeName>Challenge Day</EpisodeName>
  <EpisodeNumber>19</EpisodeNumber>
  <FirstAired>2011-12-16</FirstAired>
  <GuestStars></GuestStars>
  <IMDB_ID></IMDB_ID>
  <Language>en</Language>
  <Overview>It's Dragon Warrior Challenge Day, and if anyone can defeat Po in battle before sundown, they will become the Dragon Warrior.</Overview>
  <ProductionCode></ProductionCode>
  <Rating></Rating>
  <RatingCount>0</RatingCount>
  <SeasonNumber>1</SeasonNumber>
  <Writer></Writer>
  <absolute_number></absolute_number>
  <filename>episodes/250632/4223178.jpg</filename>
  <lastupdated>1328266623</lastupdated>
  <seasonid>470819</seasonid>
  <seriesid>250632</seriesid>
</Episode>
<Episode>
  <id>4230631</id>
  <Combined_episodenumber>20</Combined_episodenumber>
  <Combined_season>1</Combined_season>
  <DVD_chapter></DVD_chapter>
  <DVD_discid></DVD_discid>
  <DVD_episodenumber></DVD_episodenumber>
  <DVD_season></DVD_season>
  <Director></Director>
  <EpImgFlag>2</EpImgFlag>
  <EpisodeName>My Favorite Yao</EpisodeName>
  <EpisodeNumber>20</EpisodeNumber>
  <FirstAired>2011-12-30</FirstAired>
  <GuestStars></GuestStars>
  <IMDB_ID></IMDB_ID>
  <Language>en</Language>
  <Overview>Shifu seeks Po's help when a kung fu master is kidnapped.</Overview>
  <ProductionCode></ProductionCode>
  <Rating></Rating>
  <RatingCount>0</RatingCount>
  <SeasonNumber>1</SeasonNumber>
  <Writer></Writer>
  <absolute_number></absolute_number>
  <filename>episodes/250632/4230631.jpg</filename>
  <lastupdated>1332192123</lastupdated>
  <seasonid>470819</seasonid>
  <seriesid>250632</seriesid>
</Episode>
<Episode>
  <id>4230632</id>
  <Combined_episodenumber>21</Combined_episodenumber>
  <Combined_season>1</Combined_season>
  <DVD_chapter></DVD_chapter>
  <DVD_discid></DVD_discid>
  <DVD_episodenumber></DVD_episodenumber>
  <DVD_season></DVD_season>
  <Director></Director>
  <EpImgFlag>2</EpImgFlag>
  <EpisodeName>In With the Old</EpisodeName>
  <EpisodeNumber>21</EpisodeNumber>
  <FirstAired>2012-01-16</FirstAired>
  <GuestStars></GuestStars>
  <IMDB_ID></IMDB_ID>
  <Language>en</Language>
  <Overview>When the Furious Five go out of town and the Jade Palace is attacked, Po has to rely on a team of elderly Mahjong players for back-up.</Overview>
  <ProductionCode></ProductionCode>
  <Rating></Rating>
  <RatingCount>0</RatingCount>
  <SeasonNumber>1</SeasonNumber>
  <Writer></Writer>
  <absolute_number></absolute_number>
  <filename>episodes/250632/4230632.jpg</filename>
  <lastupdated>1327295334</lastupdated>
  <seasonid>470819</seasonid>
  <seriesid>250632</seriesid>
</Episode>
<Episode>
  <id>4230637</id>
  <Combined_episodenumber>22</Combined_episodenumber>
  <Combined_season>1</Combined_season>
  <DVD_chapter></DVD_chapter>
  <DVD_discid></DVD_discid>
  <DVD_episodenumber></DVD_episodenumber>
  <DVD_season></DVD_season>
  <Director></Director>
  <EpImgFlag>2</EpImgFlag>
  <EpisodeName>Has-Been Hero</EpisodeName>
  <EpisodeNumber>22</EpisodeNumber>
  <FirstAired>2012-03-31</FirstAired>
  <GuestStars></GuestStars>
  <IMDB_ID></IMDB_ID>
  <Language>en</Language>
  <Overview>Po's kung fu hero comes to town for an exhibition match.</Overview>
  <ProductionCode></ProductionCode>
  <Rating></Rating>
  <RatingCount>0</RatingCount>
  <SeasonNumber>1</SeasonNumber>
  <Writer></Writer>
  <absolute_number></absolute_number>
  <filename>episodes/250632/4230637.jpg</filename>
  <lastupdated>1334029932</lastupdated>
  <seasonid>470819</seasonid>
  <seriesid>250632</seriesid>
</Episode>
<Episode>
  <id>4300608</id>
  <Combined_episodenumber>23</Combined_episodenumber>
  <Combined_season>1</Combined_season>
  <DVD_chapter></DVD_chapter>
  <DVD_discid></DVD_discid>
  <DVD_episodenumber></DVD_episodenumber>
  <DVD_season></DVD_season>
  <Director></Director>
  <EpImgFlag>2</EpImgFlag>
  <EpisodeName>Love Stings</EpisodeName>
  <EpisodeNumber>23</EpisodeNumber>
  <FirstAired>2012-04-02</FirstAired>
  <GuestStars></GuestStars>
  <IMDB_ID></IMDB_ID>
  <Language>en</Language>
  <Overview>Po discovers that his father is dating his former enemy, Scorpion.</Overview>
  <ProductionCode></ProductionCode>
  <Rating></Rating>
  <RatingCount>0</RatingCount>
  <SeasonNumber>1</SeasonNumber>
  <Writer></Writer>
  <absolute_number></absolute_number>
  <filename>episodes/250632/4300608.jpg</filename>
  <lastupdated>1334030120</lastupdated>
  <seasonid>470819</seasonid>
  <seriesid>250632</seriesid>
</Episode>
<Episode>
  <id>4230633</id>
  <Combined_episodenumber>24</Combined_episodenumber>
  <Combined_season>1</Combined_season>
  <DVD_chapter></DVD_chapter>
  <DVD_discid></DVD_discid>
  <DVD_episodenumber></DVD_episodenumber>
  <DVD_season></DVD_season>
  <Director></Director>
  <EpImgFlag></EpImgFlag>
  <EpisodeName>Hall of Lame</EpisodeName>
  <EpisodeNumber>24</EpisodeNumber>
  <FirstAired>2012-04-03</FirstAired>
  <GuestStars></GuestStars>
  <IMDB_ID></IMDB_ID>
  <Language>en</Language>
  <Overview>Po must find a Dragon Warrior trophy for the Hall of Heroes or he will be humiliated in front of the village.</Overview>
  <ProductionCode></ProductionCode>
  <Rating></Rating>
  <RatingCount>0</RatingCount>
  <SeasonNumber>1</SeasonNumber>
  <Writer></Writer>
  <absolute_number></absolute_number>
  <filename></filename>
  <lastupdated>1334029638</lastupdated>
  <seasonid>470819</seasonid>
  <seriesid>250632</seriesid>
</Episode>
<Episode>
  <id>4230634</id>
  <Combined_episodenumber>25</Combined_episodenumber>
  <Combined_season>1</Combined_season>
  <DVD_chapter></DVD_chapter>
  <DVD_discid></DVD_discid>
  <DVD_episodenumber></DVD_episodenumber>
  <DVD_season></DVD_season>
  <Director></Director>
  <EpImgFlag></EpImgFlag>
  <EpisodeName>Father Crime</EpisodeName>
  <EpisodeNumber>25</EpisodeNumber>
  <FirstAired>2012-04-04</FirstAired>
  <GuestStars></GuestStars>
  <IMDB_ID></IMDB_ID>
  <Language>en</Language>
  <Overview>The villagers are outraged over a rash of thefts in the Valley of Peace.</Overview>
  <ProductionCode></ProductionCode>
  <Rating></Rating>
  <RatingCount>0</RatingCount>
  <SeasonNumber>1</SeasonNumber>
  <Writer></Writer>
  <absolute_number></absolute_number>
  <filename></filename>
  <lastupdated>1334029679</lastupdated>
  <seasonid>470819</seasonid>
  <seriesid>250632</seriesid>
</Episode>
<Episode>
  <id>4230636</id>
  <Combined_episodenumber>26</Combined_episodenumber>
  <Combined_season>1</Combined_season>
  <DVD_chapter></DVD_chapter>
  <DVD_discid></DVD_discid>
  <DVD_episodenumber></DVD_episodenumber>
  <DVD_season></DVD_season>
  <Director></Director>
  <EpImgFlag></EpImgFlag>
  <EpisodeName>Monkey in the Middle</EpisodeName>
  <EpisodeNumber>26</EpisodeNumber>
  <FirstAired>2012-04-05</FirstAired>
  <GuestStars></GuestStars>
  <IMDB_ID></IMDB_ID>
  <Language>en</Language>
  <Overview>Po is caught in the middle when Shifu's father comes to town.</Overview>
  <ProductionCode></ProductionCode>
  <Rating></Rating>
  <RatingCount>0</RatingCount>
  <SeasonNumber>1</SeasonNumber>
  <Writer></Writer>
  <absolute_number></absolute_number>
  <filename></filename>
  <lastupdated>1334029595</lastupdated>
  <seasonid>470819</seasonid>
  <seriesid>250632</seriesid>
</Episode>
<Episode>
  <id>4230635</id>
  <Combined_episodenumber>27</Combined_episodenumber>
  <Combined_season>1</Combined_season>
  <DVD_chapter></DVD_chapter>
  <DVD_discid></DVD_discid>
  <DVD_episodenumber></DVD_episodenumber>
  <DVD_season></DVD_season>
  <Director></Director>
  <EpImgFlag></EpImgFlag>
  <EpisodeName>Kung Fu Day Care</EpisodeName>
  <EpisodeNumber>27</EpisodeNumber>
  <FirstAired>2012-04-06</FirstAired>
  <GuestStars></GuestStars>
  <IMDB_ID></IMDB_ID>
  <Language>en</Language>
  <Overview>Tigress must look after a little kid who can't find his parents.</Overview>
  <ProductionCode></ProductionCode>
  <Rating></Rating>
  <RatingCount>0</RatingCount>
  <SeasonNumber>1</SeasonNumber>
  <Writer></Writer>
  <absolute_number></absolute_number>
  <filename></filename>
  <lastupdated>1334029696</lastupdated>
  <seasonid>470819</seasonid>
  <seriesid>250632</seriesid>
</Episode>
<Episode>
  <id>4303636</id>
  <Combined_episodenumber>28</Combined_episodenumber>
  <Combined_season>1</Combined_season>
  <DVD_chapter></DVD_chapter>
  <DVD_discid></DVD_discid>
  <DVD_episodenumber></DVD_episodenumber>
  <DVD_season></DVD_season>
  <Director></Director>
  <EpImgFlag></EpImgFlag>
  <EpisodeName>The Most Dangerous Po</EpisodeName>
  <EpisodeNumber>28</EpisodeNumber>
  <FirstAired>2012-04-16</FirstAired>
  <GuestStars></GuestStars>
  <IMDB_ID></IMDB_ID>
  <Language>en</Language>
  <Overview></Overview>
  <ProductionCode></ProductionCode>
  <Rating></Rating>
  <RatingCount>0</RatingCount>
  <SeasonNumber>1</SeasonNumber>
  <Writer></Writer>
  <absolute_number></absolute_number>
  <filename></filename>
  <lastupdated>1334030294</lastupdated>
  <seasonid>470819</seasonid>
  <seriesid>250632</seriesid>
</Episode>
<Episode>
  <id>4303637</id>
  <Combined_episodenumber>29</Combined_episodenumber>
  <Combined_season>1</Combined_season>
  <DVD_chapter></DVD_chapter>
  <DVD_discid></DVD_discid>
  <DVD_episodenumber></DVD_episodenumber>
  <DVD_season></DVD_season>
  <Director></Director>
  <EpImgFlag></EpImgFlag>
  <EpisodeName>Crane on a Wire</EpisodeName>
  <EpisodeNumber>29</EpisodeNumber>
  <FirstAired>2012-04-17</FirstAired>
  <GuestStars></GuestStars>
  <IMDB_ID></IMDB_ID>
  <Language>en</Language>
  <Overview></Overview>
  <ProductionCode></ProductionCode>
  <Rating></Rating>
  <RatingCount>0</RatingCount>
  <SeasonNumber>1</SeasonNumber>
  <Writer></Writer>
  <absolute_number></absolute_number>
  <filename></filename>
  <lastupdated>1334030306</lastupdated>
  <seasonid>470819</seasonid>
  <seriesid>250632</seriesid>
</Episode>
<Episode>
  <id>4303638</id>
  <Combined_episodenumber>30</Combined_episodenumber>
  <Combined_season>1</Combined_season>
  <DVD_chapter></DVD_chapter>
  <DVD_discid></DVD_discid>
  <DVD_episodenumber></DVD_episodenumber>
  <DVD_season></DVD_season>
  <Director></Director>
  <EpImgFlag></EpImgFlag>
  <EpisodeName>Shifu's Back</EpisodeName>
  <EpisodeNumber>30</EpisodeNumber>
  <FirstAired>2012-04-18</FirstAired>
  <GuestStars></GuestStars>
  <IMDB_ID></IMDB_ID>
  <Language>en</Language>
  <Overview></Overview>
  <ProductionCode></ProductionCode>
  <Rating></Rating>
  <RatingCount>0</RatingCount>
  <SeasonNumber>1</SeasonNumber>
  <Writer></Writer>
  <absolute_number></absolute_number>
  <filename></filename>
  <lastupdated>1334030318</lastupdated>
  <seasonid>470819</seasonid>
  <seriesid>250632</seriesid>
</Episode>
<Episode>
  <id>4303639</id>
  <Combined_episodenumber>31</Combined_episodenumber>
  <Combined_season>1</Combined_season>
  <DVD_chapter></DVD_chapter>
  <DVD_discid></DVD_discid>
  <DVD_episodenumber></DVD_episodenumber>
  <DVD_season></DVD_season>
  <Director></Director>
  <EpImgFlag></EpImgFlag>
  <EpisodeName>The Midnight Stranger</EpisodeName>
  <EpisodeNumber>31</EpisodeNumber>
  <FirstAired>2012-04-19</FirstAired>
  <GuestStars></GuestStars>
  <IMDB_ID></IMDB_ID>
  <Language>en</Language>
  <Overview></Overview>
  <ProductionCode></ProductionCode>
  <Rating></Rating>
  <RatingCount>0</RatingCount>
  <SeasonNumber>1</SeasonNumber>
  <Writer></Writer>
  <absolute_number></absolute_number>
  <filename></filename>
  <lastupdated>1334030358</lastupdated>
  <seasonid>470819</seasonid>
  <seriesid>250632</seriesid>
</Episode>
<Episode>
  <id>4303640</id>
  <Combined_episodenumber>32</Combined_episodenumber>
  <Combined_season>1</Combined_season>
  <DVD_chapter></DVD_chapter>
  <DVD_discid></DVD_discid>
  <DVD_episodenumber></DVD_episodenumber>
  <DVD_season></DVD_season>
  <Director></Director>
  <EpImgFlag></EpImgFlag>
  <EpisodeName>The Break Up</EpisodeName>
  <EpisodeNumber>32</EpisodeNumber>
  <FirstAired>2012-04-20</FirstAired>
  <GuestStars></GuestStars>
  <IMDB_ID></IMDB_ID>
  <Language>en</Language>
  <Overview></Overview>
  <ProductionCode></ProductionCode>
  <Rating></Rating>
  <RatingCount>0</RatingCount>
  <SeasonNumber>1</SeasonNumber>
  <Writer></Writer>
  <absolute_number></absolute_number>
  <filename></filename>
  <lastupdated>1334030345</lastupdated>
  <seasonid>470819</seasonid>
  <seriesid>250632</seriesid>
</Episode>
</Data>