<?xml version="1.0" encoding="UTF-8" ?>
<Actors>
<Actor>
  <id>78807</id>
  <Image>actors/78807.jpg</Image>
  <Name>Andrew Daly</Name>
  <Role>Terrence Cutler</Role>
  <SortOrder>3</SortOrder>
</Actor>
<Actor>
  <id>78806</id>
  <Image>actors/78806.jpg</Image>
  <Name>Katy Mixon</Name>
  <Role>April Buchanon</Role>
  <SortOrder>3</SortOrder>
</Actor>
<Actor>
  <id>78804</id>
  <Image>actors/78804.jpg</Image>
  <Name>John Hawkes</Name>
  <Role>Dustin Powers</Role>
  <SortOrder>3</SortOrder>
</Actor>
<Actor>
  <id>78803</id>
  <Image>actors/78803.jpg</Image>
  <Name>Danny R. McBride</Name>
  <Role>Kenny Powers</Role>
  <SortOrder>3</SortOrder>
</Actor>
<Actor>
  <id>124111</id>
  <Image>actors/124111.jpg</Image>
  <Name>Will Ferrell</Name>
  <Role>Ashley Schaeffer</Role>
  <SortOrder>3</SortOrder>
</Actor>
<Actor>
  <id>81329</id>
  <Image></Image>
  <Name>Ben Best</Name>
  <Role>Clegg</Role>
  <SortOrder>3</SortOrder>
</Actor>
<Actor>
  <id>78805</id>
  <Image></Image>
  <Name>Jennifer Irwin</Name>
  <Role>Cassie Powers</Role>
  <SortOrder>3</SortOrder>
</Actor>
<Actor>
  <id>81328</id>
  <Image></Image>
  <Name>Steve Little</Name>
  <Role>Stevie Janowski</Role>
  <SortOrder>3</SortOrder>
</Actor>
</Actors>