<?xml version="1.0" encoding="UTF-8" ?>
<Banners>
<Banner>
  <id>41185</id>
  <BannerPath>fanart/original/82467-1.jpg</BannerPath>
  <BannerType>fanart</BannerType>
  <BannerType2>1920x1080</BannerType2>
  <Colors></Colors>
  <Language>en</Language>
  <Rating>7.3333</Rating>
  <RatingCount>9</RatingCount>
  <SeriesName>false</SeriesName>
  <ThumbnailPath>_cache/fanart/original/82467-1.jpg</ThumbnailPath>
  <VignettePath>fanart/vignette/82467-1.jpg</VignettePath>
</Banner>
<Banner>
  <id>215581</id>
  <BannerPath>fanart/original/82467-3.jpg</BannerPath>
  <BannerType>fanart</BannerType>
  <BannerType2>1280x720</BannerType2>
  <Colors></Colors>
  <Language>en</Language>
  <Rating>7.0000</Rating>
  <RatingCount>5</RatingCount>
  <SeriesName>false</SeriesName>
  <ThumbnailPath>_cache/fanart/original/82467-3.jpg</ThumbnailPath>
  <VignettePath>fanart/vignette/82467-3.jpg</VignettePath>
</Banner>
<Banner>
  <id>42951</id>
  <BannerPath>fanart/original/82467-2.jpg</BannerPath>
  <BannerType>fanart</BannerType>
  <BannerType2>1280x720</BannerType2>
  <Colors>|243,243,243|13,13,13|173,173,173|</Colors>
  <Language>en</Language>
  <Rating>6.8000</Rating>
  <RatingCount>5</RatingCount>
  <SeriesName>false</SeriesName>
  <ThumbnailPath>_cache/fanart/original/82467-2.jpg</ThumbnailPath>
  <VignettePath>fanart/vignette/82467-2.jpg</VignettePath>
</Banner>
<Banner>
  <id>600601</id>
  <BannerPath>fanart/original/82467-6.jpg</BannerPath>
  <BannerType>fanart</BannerType>
  <BannerType2>1920x1080</BannerType2>
  <Colors></Colors>
  <Language>en</Language>
  <Rating>6.0000</Rating>
  <RatingCount>1</RatingCount>
  <SeriesName>false</SeriesName>
  <ThumbnailPath>_cache/fanart/original/82467-6.jpg</ThumbnailPath>
  <VignettePath>fanart/vignette/82467-6.jpg</VignettePath>
</Banner>
<Banner>
  <id>643511</id>
  <BannerPath>fanart/original/82467-8.jpg</BannerPath>
  <BannerType>fanart</BannerType>
  <BannerType2>1920x1080</BannerType2>
  <Colors></Colors>
  <Language>en</Language>
  <Rating>6.0000</Rating>
  <RatingCount>3</RatingCount>
  <SeriesName>false</SeriesName>
  <ThumbnailPath>_cache/fanart/original/82467-8.jpg</ThumbnailPath>
  <VignettePath>fanart/vignette/82467-8.jpg</VignettePath>
</Banner>
<Banner>
  <id>632941</id>
  <BannerPath>fanart/original/82467-7.jpg</BannerPath>
  <BannerType>fanart</BannerType>
  <BannerType2>1920x1080</BannerType2>
  <Colors></Colors>
  <Language>en</Language>
  <Rating>5.6667</Rating>
  <RatingCount>3</RatingCount>
  <SeriesName>true</SeriesName>
  <ThumbnailPath>_cache/fanart/original/82467-7.jpg</ThumbnailPath>
  <VignettePath>fanart/vignette/82467-7.jpg</VignettePath>
</Banner>
<Banner>
  <id>547541</id>
  <BannerPath>fanart/original/82467-4.jpg</BannerPath>
  <BannerType>fanart</BannerType>
  <BannerType2>1280x720</BannerType2>
  <Colors></Colors>
  <Language>en</Language>
  <Rating>1.0000</Rating>
  <RatingCount>2</RatingCount>
  <SeriesName>false</SeriesName>
  <ThumbnailPath>_cache/fanart/original/82467-4.jpg</ThumbnailPath>
  <VignettePath>fanart/vignette/82467-4.jpg</VignettePath>
</Banner>
<Banner>
  <id>547551</id>
  <BannerPath>fanart/original/82467-5.jpg</BannerPath>
  <BannerType>fanart</BannerType>
  <BannerType2>1920x1080</BannerType2>
  <Colors></Colors>
  <Language>en</Language>
  <Rating>1.0000</Rating>
  <RatingCount>2</RatingCount>
  <SeriesName>false</SeriesName>
  <ThumbnailPath>_cache/fanart/original/82467-5.jpg</ThumbnailPath>
  <VignettePath>fanart/vignette/82467-5.jpg</VignettePath>
</Banner>
<Banner>
  <id>772201</id>
  <BannerPath>posters/82467-5.jpg</BannerPath>
  <BannerType>poster</BannerType>
  <BannerType2>680x1000</BannerType2>
  <Language>en</Language>
  <Rating>10.0000</Rating>
  <RatingCount>3</RatingCount>
</Banner>
<Banner>
  <id>41184</id>
  <BannerPath>posters/82467-1.jpg</BannerPath>
  <BannerType>poster</BannerType>
  <BannerType2>680x1000</BannerType2>
  <Language>en</Language>
  <Rating>8.5000</Rating>
  <RatingCount>4</RatingCount>
</Banner>
<Banner>
  <id>154971</id>
  <BannerPath>posters/82467-3.jpg</BannerPath>
  <BannerType>poster</BannerType>
  <BannerType2>680x1000</BannerType2>
  <Language>en</Language>
  <Rating>6.3333</Rating>
  <RatingCount>3</RatingCount>
</Banner>
<Banner>
  <id>42952</id>
  <BannerPath>posters/82467-2.jpg</BannerPath>
  <BannerType>poster</BannerType>
  <BannerType2>680x1000</BannerType2>
  <Language>en</Language>
  <Rating>5.2000</Rating>
  <RatingCount>5</RatingCount>
</Banner>
<Banner>
  <id>772211</id>
  <BannerPath>posters/82467-6.jpg</BannerPath>
  <BannerType>poster</BannerType>
  <BannerType2>680x1000</BannerType2>
  <Language>en</Language>
  <Rating></Rating>
  <RatingCount>0</RatingCount>
</Banner>
<Banner>
  <id>594301</id>
  <BannerPath>posters/82467-4.jpg</BannerPath>
  <BannerType>poster</BannerType>
  <BannerType2>680x1000</BannerType2>
  <Language>en</Language>
  <Rating></Rating>
  <RatingCount>0</RatingCount>
</Banner>
<Banner>
  <id>871460</id>
  <BannerPath>seasons/82467-2-4.jpg</BannerPath>
  <BannerType>season</BannerType>
  <BannerType2>season</BannerType2>
  <Language>en</Language>
  <Rating>10.0000</Rating>
  <RatingCount>3</RatingCount>
  <Season>2</Season>
</Banner>
<Banner>
  <id>772231</id>
  <BannerPath>seasons/82467-1-3.jpg</BannerPath>
  <BannerType>season</BannerType>
  <BannerType2>season</BannerType2>
  <Language>en</Language>
  <Rating>9.5000</Rating>
  <RatingCount>2</RatingCount>
  <Season>1</Season>
</Banner>
<Banner>
  <id>147761</id>
  <BannerPath>seasons/82467-1-2.jpg</BannerPath>
  <BannerType>season</BannerType>
  <BannerType2>season</BannerType2>
  <Language>en</Language>
  <Rating>7.5000</Rating>
  <RatingCount>2</RatingCount>
  <Season>1</Season>
</Banner>
<Banner>
  <id>41187</id>
  <BannerPath>seasons/82467-1.jpg</BannerPath>
  <BannerType>season</BannerType>
  <BannerType2>season</BannerType2>
  <Language>en</Language>
  <Rating>6.0000</Rating>
  <RatingCount>1</RatingCount>
  <Season>1</Season>
</Banner>
<Banner>
  <id>862221</id>
  <BannerPath>seasons/82467-2-3.jpg</BannerPath>
  <BannerType>season</BannerType>
  <BannerType2>season</BannerType2>
  <Language>en</Language>
  <Rating>5.5000</Rating>
  <RatingCount>2</RatingCount>
  <Season>2</Season>
</Banner>
<Banner>
  <id>575971</id>
  <BannerPath>seasons/82467-2-2.jpg</BannerPath>
  <BannerType>season</BannerType>
  <BannerType2>season</BannerType2>
  <Language>en</Language>
  <Rating></Rating>
  <RatingCount>0</RatingCount>
  <Season>2</Season>
</Banner>
<Banner>
  <id>891554</id>
  <BannerPath>seasons/82467-3.jpg</BannerPath>
  <BannerType>season</BannerType>
  <BannerType2>season</BannerType2>
  <Language>en</Language>
  <Rating></Rating>
  <RatingCount>0</RatingCount>
  <Season>3</Season>
</Banner>
<Banner>
  <id>898402</id>
  <BannerPath>seasons/82467-0.jpg</BannerPath>
  <BannerType>season</BannerType>
  <BannerType2>season</BannerType2>
  <Language>en</Language>
  <Rating></Rating>
  <RatingCount>0</RatingCount>
  <Season>0</Season>
</Banner>
<Banner>
  <id>568801</id>
  <BannerPath>seasons/82467-2.jpg</BannerPath>
  <BannerType>season</BannerType>
  <BannerType2>season</BannerType2>
  <Language>en</Language>
  <Rating></Rating>
  <RatingCount>0</RatingCount>
  <Season>2</Season>
</Banner>
<Banner>
  <id>41188</id>
  <BannerPath>seasonswide/82467-1.jpg</BannerPath>
  <BannerType>season</BannerType>
  <BannerType2>seasonwide</BannerType2>
  <Language>en</Language>
  <Rating></Rating>
  <RatingCount>0</RatingCount>
  <Season>1</Season>
</Banner>
<Banner>
  <id>622151</id>
  <BannerPath>graphical/82467-g6.jpg</BannerPath>
  <BannerType>series</BannerType>
  <BannerType2>graphical</BannerType2>
  <Language>en</Language>
  <Rating>9.0000</Rating>
  <RatingCount>4</RatingCount>
</Banner>
<Banner>
  <id>41186</id>
  <BannerPath>graphical/82467-g.jpg</BannerPath>
  <BannerType>series</BannerType>
  <BannerType2>graphical</BannerType2>
  <Language>en</Language>
  <Rating>5.7500</Rating>
  <RatingCount>4</RatingCount>
</Banner>
<Banner>
  <id>156971</id>
  <BannerPath>graphical/82467-g4.jpg</BannerPath>
  <BannerType>series</BannerType>
  <BannerType2>graphical</BannerType2>
  <Language>en</Language>
  <Rating>5.0000</Rating>
  <RatingCount>6</RatingCount>
</Banner>
<Banner>
  <id>54081</id>
  <BannerPath>graphical/82467-g3.jpg</BannerPath>
  <BannerType>series</BannerType>
  <BannerType2>graphical</BannerType2>
  <Language>en</Language>
  <Rating>4.0000</Rating>
  <RatingCount>1</RatingCount>
</Banner>
<Banner>
  <id>622081</id>
  <BannerPath>graphical/82467-g5.jpg</BannerPath>
  <BannerType>series</BannerType>
  <BannerType2>graphical</BannerType2>
  <Language>en</Language>
  <Rating>3.0000</Rating>
  <RatingCount>1</RatingCount>
</Banner>
<Banner>
  <id>44691</id>
  <BannerPath>graphical/82467-g2.jpg</BannerPath>
  <BannerType>series</BannerType>
  <BannerType2>graphical</BannerType2>
  <Language>en</Language>
  <Rating></Rating>
  <RatingCount>0</RatingCount>
</Banner>
</Banners>