<?xml version="1.0" encoding="UTF-8" ?>
<Data><Series>
  <id>82467</id>
  <Actors>|Andrew Daly|Katy Mixon|John Hawkes|Danny R. McBride|Will Ferrell|Ben Best|Jennifer Irwin|Steve Little|</Actors>
  <Airs_DayOfWeek>Sunday</Airs_DayOfWeek>
  <Airs_Time>10:00 pm</Airs_Time>
  <ContentRating>TV-MA</ContentRating>
  <FirstAired>2009-02-15</FirstAired>
  <Genre>|Comedy|</Genre>
  <IMDB_ID>tt0866442</IMDB_ID>
  <Language>en</Language>
  <Network>HBO</Network>
  <NetworkID></NetworkID>
  <Overview>Relief Pitcher Kenny Powers was poised to rule the Big Leagues, but two things got in his way: his fading fastball and his insufferable personality.  After a spectacular career flame-out, Kenny came home to Shelby County, NC and picked up a job as a substitute gym teacher (mostly so his brother Dustin would stop threatening to kick him out).  He's spent every moment since then cashing in the last of his dying fame while plotting his inevitable comeback...one beer at a time.</Overview>
  <Rating>8.4</Rating>
  <RatingCount>45</RatingCount>
  <Runtime>30</Runtime>
  <SeriesID>75067</SeriesID>
  <SeriesName>Eastbound &amp; Down</SeriesName>
  <Status>Continuing</Status>
  <added></added>
  <addedBy></addedBy>
  <banner>graphical/82467-g6.jpg</banner>
  <fanart>fanart/original/82467-1.jpg</fanart>
  <lastupdated>1334150167</lastupdated>
  <poster>posters/82467-5.jpg</poster>
  <zap2it_id>SH01118413</zap2it_id>
</Series>
<Episode>
  <id>437154</id>
  <Combined_episodenumber>1</Combined_episodenumber>
  <Combined_season>0</Combined_season>
  <DVD_chapter></DVD_chapter>
  <DVD_discid></DVD_discid>
  <DVD_episodenumber></DVD_episodenumber>
  <DVD_season></DVD_season>
  <Director></Director>
  <EpImgFlag>2</EpImgFlag>
  <EpisodeName>Making Eastbound &amp; Down</EpisodeName>
  <EpisodeNumber>1</EpisodeNumber>
  <FirstAired>2009-03-29</FirstAired>
  <GuestStars></GuestStars>
  <IMDB_ID></IMDB_ID>
  <Language>en</Language>
  <Overview>A making-of look at the show with cast and crews opinions on working on set.</Overview>
  <ProductionCode></ProductionCode>
  <Rating></Rating>
  <RatingCount>0</RatingCount>
  <SeasonNumber>0</SeasonNumber>
  <Writer></Writer>
  <absolute_number></absolute_number>
  <airsafter_season>1</airsafter_season>
  <airsbefore_episode></airsbefore_episode>
  <airsbefore_season></airsbefore_season>
  <filename>episodes/82467/437154.jpg</filename>
  <lastupdated>1328809107</lastupdated>
  <seasonid>33601</seasonid>
  <seriesid>82467</seriesid>
</Episode>
<Episode>
  <id>4154718</id>
  <Combined_episodenumber>2</Combined_episodenumber>
  <Combined_season>0</Combined_season>
  <DVD_chapter></DVD_chapter>
  <DVD_discid></DVD_discid>
  <DVD_episodenumber></DVD_episodenumber>
  <DVD_season></DVD_season>
  <Director></Director>
  <EpImgFlag>2</EpImgFlag>
  <EpisodeName>Kenny Powers Greatest Hits</EpisodeName>
  <EpisodeNumber>2</EpisodeNumber>
  <FirstAired>2009-03-29</FirstAired>
  <GuestStars></GuestStars>
  <IMDB_ID></IMDB_ID>
  <Language>en</Language>
  <Overview>Audition tape of Powers displaying his wares to Major League Scouts.</Overview>
  <ProductionCode></ProductionCode>
  <Rating></Rating>
  <RatingCount>0</RatingCount>
  <SeasonNumber>0</SeasonNumber>
  <Writer></Writer>
  <absolute_number></absolute_number>
  <airsafter_season>1</airsafter_season>
  <airsbefore_episode></airsbefore_episode>
  <airsbefore_season></airsbefore_season>
  <filename>episodes/82467/4154718.jpg</filename>
  <lastupdated>1328809112</lastupdated>
  <seasonid>33601</seasonid>
  <seriesid>82467</seriesid>
</Episode>
<Episode>
  <id>4154719</id>
  <Combined_episodenumber>3</Combined_episodenumber>
  <Combined_season>0</Combined_season>
  <DVD_chapter></DVD_chapter>
  <DVD_discid></DVD_discid>
  <DVD_episodenumber></DVD_episodenumber>
  <DVD_season></DVD_season>
  <Director></Director>
  <EpImgFlag>2</EpImgFlag>
  <EpisodeName>Schaeffer Motors Commercial 1</EpisodeName>
  <EpisodeNumber>3</EpisodeNumber>
  <FirstAired>2009-03-29</FirstAired>
  <GuestStars></GuestStars>
  <IMDB_ID></IMDB_ID>
  <Language>en</Language>
  <Overview>A commercial for Ashley Schaeffer Motors with Will Ferrell and others in character.</Overview>
  <ProductionCode></ProductionCode>
  <Rating></Rating>
  <RatingCount>0</RatingCount>
  <SeasonNumber>0</SeasonNumber>
  <Writer></Writer>
  <absolute_number></absolute_number>
  <airsafter_season>1</airsafter_season>
  <airsbefore_episode></airsbefore_episode>
  <airsbefore_season></airsbefore_season>
  <filename>episodes/82467/4154719.jpg</filename>
  <lastupdated>1328809118</lastupdated>
  <seasonid>33601</seasonid>
  <seriesid>82467</seriesid>
</Episode>
<Episode>
  <id>4154720</id>
  <Combined_episodenumber>4</Combined_episodenumber>
  <Combined_season>0</Combined_season>
  <DVD_chapter></DVD_chapter>
  <DVD_discid></DVD_discid>
  <DVD_episodenumber></DVD_episodenumber>
  <DVD_season></DVD_season>
  <Director></Director>
  <EpImgFlag>2</EpImgFlag>
  <EpisodeName>Schaeffer Motors Commercial 2</EpisodeName>
  <EpisodeNumber>4</EpisodeNumber>
  <FirstAired>2009-03-29</FirstAired>
  <GuestStars></GuestStars>
  <IMDB_ID></IMDB_ID>
  <Language>en</Language>
  <Overview>Another commercial for Ashley Schaeffer Motors with Will Ferrell and others in character.</Overview>
  <ProductionCode></ProductionCode>
  <Rating></Rating>
  <RatingCount>0</RatingCount>
  <SeasonNumber>0</SeasonNumber>
  <Writer></Writer>
  <absolute_number></absolute_number>
  <airsafter_season>1</airsafter_season>
  <airsbefore_episode></airsbefore_episode>
  <airsbefore_season></airsbefore_season>
  <filename>episodes/82467/4154720.jpg</filename>
  <lastupdated>1328809122</lastupdated>
  <seasonid>33601</seasonid>
  <seriesid>82467</seriesid>
</Episode>
<Episode>
  <id>4154721</id>
  <Combined_episodenumber>5</Combined_episodenumber>
  <Combined_season>0</Combined_season>
  <DVD_chapter></DVD_chapter>
  <DVD_discid></DVD_discid>
  <DVD_episodenumber></DVD_episodenumber>
  <DVD_season></DVD_season>
  <Director></Director>
  <EpImgFlag>2</EpImgFlag>
  <EpisodeName>Outtakes</EpisodeName>
  <EpisodeNumber>5</EpisodeNumber>
  <FirstAired>2009-03-29</FirstAired>
  <GuestStars></GuestStars>
  <IMDB_ID></IMDB_ID>
  <Language>en</Language>
  <Overview>Outtake reel.</Overview>
  <ProductionCode></ProductionCode>
  <Rating></Rating>
  <RatingCount>0</RatingCount>
  <SeasonNumber>0</SeasonNumber>
  <Writer></Writer>
  <absolute_number></absolute_number>
  <airsafter_season>1</airsafter_season>
  <airsbefore_episode></airsbefore_episode>
  <airsbefore_season></airsbefore_season>
  <filename>episodes/82467/4154721.jpg</filename>
  <lastupdated>1328809129</lastupdated>
  <seasonid>33601</seasonid>
  <seriesid>82467</seriesid>
</Episode>
<Episode>
  <id>4154722</id>
  <Combined_episodenumber>6</Combined_episodenumber>
  <Combined_season>0</Combined_season>
  <DVD_chapter></DVD_chapter>
  <DVD_discid></DVD_discid>
  <DVD_episodenumber></DVD_episodenumber>
  <DVD_season></DVD_season>
  <Director></Director>
  <EpImgFlag>2</EpImgFlag>
  <EpisodeName>Deleted Scenes</EpisodeName>
  <EpisodeNumber>6</EpisodeNumber>
  <FirstAired>2009-03-29</FirstAired>
  <GuestStars></GuestStars>
  <IMDB_ID></IMDB_ID>
  <Language>en</Language>
  <Overview>Fifteen deleted scenes including a funny sequence with McBride and a middle school boy. </Overview>
  <ProductionCode></ProductionCode>
  <Rating></Rating>
  <RatingCount>0</RatingCount>
  <SeasonNumber>0</SeasonNumber>
  <Writer></Writer>
  <absolute_number></absolute_number>
  <airsafter_season>1</airsafter_season>
  <airsbefore_episode></airsbefore_episode>
  <airsbefore_season></airsbefore_season>
  <filename>episodes/82467/4154722.jpg</filename>
  <lastupdated>1328809133</lastupdated>
  <seasonid>33601</seasonid>
  <seriesid>82467</seriesid>
</Episode>
<Episode>
  <id>4159003</id>
  <Combined_episodenumber>7</Combined_episodenumber>
  <Combined_season>0</Combined_season>
  <DVD_chapter></DVD_chapter>
  <DVD_discid></DVD_discid>
  <DVD_episodenumber></DVD_episodenumber>
  <DVD_season></DVD_season>
  <Director></Director>
  <EpImgFlag>2</EpImgFlag>
  <EpisodeName>Stevie's Dark Secret</EpisodeName>
  <EpisodeNumber>7</EpisodeNumber>
  <FirstAired>2009-03-29</FirstAired>
  <GuestStars></GuestStars>
  <IMDB_ID></IMDB_ID>
  <Language>en</Language>
  <Overview>Stevie tells his dark secret of raping a 90 year old who's dating his grandfather.</Overview>
  <ProductionCode></ProductionCode>
  <Rating></Rating>
  <RatingCount>0</RatingCount>
  <SeasonNumber>0</SeasonNumber>
  <Writer></Writer>
  <absolute_number></absolute_number>
  <airsafter_season>1</airsafter_season>
  <airsbefore_episode></airsbefore_episode>
  <airsbefore_season></airsbefore_season>
  <filename>episodes/82467/4159003.jpg</filename>
  <lastupdated>1328809734</lastupdated>
  <seasonid>33601</seasonid>
  <seriesid>82467</seriesid>
</Episode>
<Episode>
  <id>4301692</id>
  <Combined_episodenumber>8</Combined_episodenumber>
  <Combined_season>0</Combined_season>
  <DVD_chapter></DVD_chapter>
  <DVD_discid></DVD_discid>
  <DVD_episodenumber></DVD_episodenumber>
  <DVD_season></DVD_season>
  <Director></Director>
  <EpImgFlag>1</EpImgFlag>
  <EpisodeName>K-Swiss</EpisodeName>
  <EpisodeNumber>8</EpisodeNumber>
  <FirstAired>2011-07-11</FirstAired>
  <GuestStars>Matt Cassel|John 'Bones' Jones|Gillian Michaels|Rey Mysterio|Josh Cox|Mark Cuban|Michael Bay|Patrick Wallace</GuestStars>
  <IMDB_ID></IMDB_ID>
  <Language>en</Language>
  <Overview>Kenny Powers exercises his stock options and becomes the new MFCEO of K-Swiss in this funnyordie short.</Overview>
  <ProductionCode></ProductionCode>
  <Rating></Rating>
  <RatingCount>0</RatingCount>
  <SeasonNumber>0</SeasonNumber>
  <Writer></Writer>
  <absolute_number></absolute_number>
  <airsafter_season></airsafter_season>
  <airsbefore_episode></airsbefore_episode>
  <airsbefore_season></airsbefore_season>
  <filename>episodes/82467/4301692.jpg</filename>
  <lastupdated>1333808189</lastupdated>
  <seasonid>33601</seasonid>
  <seriesid>82467</seriesid>
</Episode>
<Episode>
  <id>374902</id>
  <Combined_episodenumber>1</Combined_episodenumber>
  <Combined_season>1</Combined_season>
  <DVD_chapter></DVD_chapter>
  <DVD_discid></DVD_discid>
  <DVD_episodenumber></DVD_episodenumber>
  <DVD_season></DVD_season>
  <Director>Jody Hill</Director>
  <EpImgFlag>2</EpImgFlag>
  <EpisodeName>Chapter 1</EpisodeName>
  <EpisodeNumber>1</EpisodeNumber>
  <FirstAired>2009-02-15</FirstAired>
  <GuestStars></GuestStars>
  <IMDB_ID>tt1376278</IMDB_ID>
  <Language>en</Language>
  <Overview>Series premiere. Burned out and broke, former big-league pitcher Kenny Powers returns home to North Carolina to teach PE at the local middle school he once attended. Wreaking havoc at school, around town and at the home of his brother Dustin, Kenny settles into his role as the town's loose-cannon agitator, setting his sights on winning back his high-school flame April, now a teacher engaged to the school principal, Terrence Cutler.</Overview>
  <ProductionCode></ProductionCode>
  <Rating>7.4</Rating>
  <RatingCount>40</RatingCount>
  <SeasonNumber>1</SeasonNumber>
  <Writer>Ben Best|Jody Hill|Danny R. McBride</Writer>
  <absolute_number>1</absolute_number>
  <filename>episodes/82467/374902.jpg</filename>
  <lastupdated>1333462813</lastupdated>
  <seasonid>33602</seasonid>
  <seriesid>82467</seriesid>
</Episode>
<Episode>
  <id>436875</id>
  <Combined_episodenumber>2</Combined_episodenumber>
  <Combined_season>1</Combined_season>
  <DVD_chapter></DVD_chapter>
  <DVD_discid></DVD_discid>
  <DVD_episodenumber></DVD_episodenumber>
  <DVD_season></DVD_season>
  <Director>David Gordon Green</Director>
  <EpImgFlag>2</EpImgFlag>
  <EpisodeName>Chapter 2</EpisodeName>
  <EpisodeNumber>2</EpisodeNumber>
  <FirstAired>2009-02-22</FirstAired>
  <GuestStars></GuestStars>
  <IMDB_ID></IMDB_ID>
  <Language>en</Language>
  <Overview>Kenny tries to make extra money by pitching himself as spokesman for a luxury car dealership; Kenny and his driver make an appearance at the middle school dance.</Overview>
  <ProductionCode></ProductionCode>
  <Rating>7.5</Rating>
  <RatingCount>34</RatingCount>
  <SeasonNumber>1</SeasonNumber>
  <Writer>Ben Best|Jody Hill|Danny R. McBride</Writer>
  <absolute_number></absolute_number>
  <filename>episodes/82467/436875.jpg</filename>
  <lastupdated>1323792087</lastupdated>
  <seasonid>33602</seasonid>
  <seriesid>82467</seriesid>
</Episode>
<Episode>
  <id>437188</id>
  <Combined_episodenumber>3</Combined_episodenumber>
  <Combined_season>1</Combined_season>
  <DVD_chapter></DVD_chapter>
  <DVD_discid></DVD_discid>
  <DVD_episodenumber></DVD_episodenumber>
  <DVD_season></DVD_season>
  <Director>David Gordon Green</Director>
  <EpImgFlag>2</EpImgFlag>
  <EpisodeName>Chapter 3</EpisodeName>
  <EpisodeNumber>3</EpisodeNumber>
  <FirstAired>2009-03-01</FirstAired>
  <GuestStars></GuestStars>
  <IMDB_ID></IMDB_ID>
  <Language>en</Language>
  <Overview>Stevie gets a scoop on Kenny's possible competition when he hears of a promising young high school pitcher. Cassie wants to sell off all of Kenny's baseball memorabilia on the computer. Meanwhile, Kenny makes a commitment to a new exercise regimen.</Overview>
  <ProductionCode></ProductionCode>
  <Rating>7.1</Rating>
  <RatingCount>35</RatingCount>
  <SeasonNumber>1</SeasonNumber>
  <Writer>Ben Best|Jody Hill|Danny R. McBride</Writer>
  <absolute_number></absolute_number>
  <filename>episodes/82467/437188.jpg</filename>
  <lastupdated>1323792096</lastupdated>
  <seasonid>33602</seasonid>
  <seriesid>82467</seriesid>
</Episode>
<Episode>
  <id>439425</id>
  <Combined_episodenumber>4</Combined_episodenumber>
  <Combined_season>1</Combined_season>
  <DVD_chapter></DVD_chapter>
  <DVD_discid></DVD_discid>
  <DVD_episodenumber></DVD_episodenumber>
  <DVD_season></DVD_season>
  <Director>David Gordon Green</Director>
  <EpImgFlag>2</EpImgFlag>
  <EpisodeName>Chapter 4</EpisodeName>
  <EpisodeNumber>4</EpisodeNumber>
  <FirstAired>2009-03-08</FirstAired>
  <GuestStars></GuestStars>
  <IMDB_ID></IMDB_ID>
  <Language>en</Language>
  <Overview>Kenny attends a BBQ at April and Terrence's house where his romantic feelings for April intensify. Later, Stevie puts together a DVD of Kenny's greatest moments in the hopes that the major leagues will notice.</Overview>
  <ProductionCode></ProductionCode>
  <Rating>7.5</Rating>
  <RatingCount>26</RatingCount>
  <SeasonNumber>1</SeasonNumber>
  <Writer>Jody Hill|Shawn D. Harwell|Danny R. McBride</Writer>
  <absolute_number></absolute_number>
  <filename>episodes/82467/439425.jpg</filename>
  <lastupdated>1323792102</lastupdated>
  <seasonid>33602</seasonid>
  <seriesid>82467</seriesid>
</Episode>
<Episode>
  <id>440823</id>
  <Combined_episodenumber>5</Combined_episodenumber>
  <Combined_season>1</Combined_season>
  <DVD_chapter></DVD_chapter>
  <DVD_discid></DVD_discid>
  <DVD_episodenumber></DVD_episodenumber>
  <DVD_season></DVD_season>
  <Director>Adam McKay</Director>
  <EpImgFlag>2</EpImgFlag>
  <EpisodeName>Chapter 5</EpisodeName>
  <EpisodeNumber>5</EpisodeNumber>
  <FirstAired>2009-03-15</FirstAired>
  <GuestStars></GuestStars>
  <IMDB_ID></IMDB_ID>
  <Language>en</Language>
  <Overview>Kenny decides to give up on his dream of returning to professional baseball. Meanwhile, arrogant car dealer Ashley comes back into the picture.</Overview>
  <ProductionCode></ProductionCode>
  <Rating>8.0</Rating>
  <RatingCount>24</RatingCount>
  <SeasonNumber>1</SeasonNumber>
  <Writer>Jody Hill|Shawn D. Harwell|Danny R. McBride</Writer>
  <absolute_number></absolute_number>
  <filename>episodes/82467/440823.jpg</filename>
  <lastupdated>1323792109</lastupdated>
  <seasonid>33602</seasonid>
  <seriesid>82467</seriesid>
</Episode>
<Episode>
  <id>440824</id>
  <Combined_episodenumber>6</Combined_episodenumber>
  <Combined_season>1</Combined_season>
  <DVD_chapter></DVD_chapter>
  <DVD_discid></DVD_discid>
  <DVD_episodenumber></DVD_episodenumber>
  <DVD_season></DVD_season>
  <Director>Jody Hill</Director>
  <EpImgFlag>2</EpImgFlag>
  <EpisodeName>Chapter 6</EpisodeName>
  <EpisodeNumber>6</EpisodeNumber>
  <FirstAired>2009-03-22</FirstAired>
  <GuestStars></GuestStars>
  <IMDB_ID></IMDB_ID>
  <Language>en</Language>
  <Overview>Kenny gets an offer from a professional team and is forced to say goodbye to his family and teaching job.</Overview>
  <ProductionCode></ProductionCode>
  <Rating>7.6</Rating>
  <RatingCount>23</RatingCount>
  <SeasonNumber>1</SeasonNumber>
  <Writer>Jody Hill|Shawn D. Harwell|Danny R. McBride</Writer>
  <absolute_number></absolute_number>
  <filename>episodes/82467/440824.jpg</filename>
  <lastupdated>1323792116</lastupdated>
  <seasonid>33602</seasonid>
  <seriesid>82467</seriesid>
</Episode>
<Episode>
  <id>2405521</id>
  <Combined_episodenumber>1</Combined_episodenumber>
  <Combined_season>2</Combined_season>
  <DVD_chapter></DVD_chapter>
  <DVD_discid></DVD_discid>
  <DVD_episodenumber></DVD_episodenumber>
  <DVD_season></DVD_season>
  <Director>Jody Hill</Director>
  <EpImgFlag>2</EpImgFlag>
  <EpisodeName>Chapter 7</EpisodeName>
  <EpisodeNumber>1</EpisodeNumber>
  <FirstAired>2010-09-26</FirstAired>
  <GuestStars></GuestStars>
  <IMDB_ID></IMDB_ID>
  <Language>en</Language>
  <Overview>Kenny Powers heads to Mexico to lick his wounds and start a new, more anonymous life. Befriended by a neighboring Mexican family and a sultry bar singer named Vida, Kenny emerges from &quot;the darkest hole I've ever been in&quot; by planning a comeback.</Overview>
  <ProductionCode>2.1</ProductionCode>
  <Rating>7.4</Rating>
  <RatingCount>30</RatingCount>
  <SeasonNumber>2</SeasonNumber>
  <Writer>Jody Hill|Shawn D. Harwell|Danny R. McBride</Writer>
  <absolute_number></absolute_number>
  <filename>episodes/82467/2405521.jpg</filename>
  <lastupdated>1313092875</lastupdated>
  <seasonid>268941</seasonid>
  <seriesid>82467</seriesid>
</Episode>
<Episode>
  <id>2802851</id>
  <Combined_episodenumber>2</Combined_episodenumber>
  <Combined_season>2</Combined_season>
  <DVD_chapter></DVD_chapter>
  <DVD_discid></DVD_discid>
  <DVD_episodenumber></DVD_episodenumber>
  <DVD_season></DVD_season>
  <Director>Jody Hill</Director>
  <EpImgFlag>2</EpImgFlag>
  <EpisodeName>Chapter 8</EpisodeName>
  <EpisodeNumber>2</EpisodeNumber>
  <FirstAired>2010-10-03</FirstAired>
  <GuestStars></GuestStars>
  <IMDB_ID></IMDB_ID>
  <Language>en</Language>
  <Overview>Charros owner Sebastian Cisneros agrees to pull out all the stops in promoting Kenny Powers’ return to organized baseball, but Kenny loses motivation after learning a secret about April from an old friend.</Overview>
  <ProductionCode>2.2</ProductionCode>
  <Rating>7.7</Rating>
  <RatingCount>31</RatingCount>
  <SeasonNumber>2</SeasonNumber>
  <Writer>Jody Hill|Shawn D. Harwell|Danny R. McBride</Writer>
  <absolute_number></absolute_number>
  <filename>episodes/82467/2802851.jpg</filename>
  <lastupdated>1313092894</lastupdated>
  <seasonid>268941</seasonid>
  <seriesid>82467</seriesid>
</Episode>
<Episode>
  <id>2802861</id>
  <Combined_episodenumber>3</Combined_episodenumber>
  <Combined_season>2</Combined_season>
  <DVD_chapter></DVD_chapter>
  <DVD_discid></DVD_discid>
  <DVD_episodenumber></DVD_episodenumber>
  <DVD_season></DVD_season>
  <Director>David Gordon Green</Director>
  <EpImgFlag>2</EpImgFlag>
  <EpisodeName>Chapter 9</EpisodeName>
  <EpisodeNumber>3</EpisodeNumber>
  <FirstAired>2010-10-10</FirstAired>
  <GuestStars></GuestStars>
  <IMDB_ID></IMDB_ID>
  <Language>en</Language>
  <Overview>Puzzled by the Mexican fans’ lukewarm reception, Kenny starts a grassroots PR campaign to burnish his image. But it takes a vintage Powers flare-up to bring the fans to their feet. Kenny makes inroads with Vida by inviting her to Sebastian’s yacht party.</Overview>
  <ProductionCode>2.3</ProductionCode>
  <Rating>7.7</Rating>
  <RatingCount>31</RatingCount>
  <SeasonNumber>2</SeasonNumber>
  <Writer>Jody Hill|Shawn D. Harwell|Danny R. McBride</Writer>
  <absolute_number></absolute_number>
  <filename>episodes/82467/2802861.jpg</filename>
  <lastupdated>1313092917</lastupdated>
  <seasonid>268941</seasonid>
  <seriesid>82467</seriesid>
</Episode>
<Episode>
  <id>2802871</id>
  <Combined_episodenumber>4</Combined_episodenumber>
  <Combined_season>2</Combined_season>
  <DVD_chapter></DVD_chapter>
  <DVD_discid></DVD_discid>
  <DVD_episodenumber></DVD_episodenumber>
  <DVD_season></DVD_season>
  <Director>Jody Hill</Director>
  <EpImgFlag>2</EpImgFlag>
  <EpisodeName>Chapter 10</EpisodeName>
  <EpisodeNumber>4</EpisodeNumber>
  <FirstAired>2010-10-17</FirstAired>
  <GuestStars></GuestStars>
  <IMDB_ID></IMDB_ID>
  <Language>en</Language>
  <Overview> Though Charros fans respond to Kenny, he is warned by Roger about the perils of showboating. Kenny finds he has serious competition in his courtship of Vida. Stevie finds short-lived romance.</Overview>
  <ProductionCode>2.4</ProductionCode>
  <Rating>7.4</Rating>
  <RatingCount>29</RatingCount>
  <SeasonNumber>2</SeasonNumber>
  <Writer>Jody Hill|Shawn D. Harwell|Danny R. McBride</Writer>
  <absolute_number></absolute_number>
  <filename>episodes/82467/2802871.jpg</filename>
  <lastupdated>1313092939</lastupdated>
  <seasonid>268941</seasonid>
  <seriesid>82467</seriesid>
</Episode>
<Episode>
  <id>2802881</id>
  <Combined_episodenumber>5</Combined_episodenumber>
  <Combined_season>2</Combined_season>
  <DVD_chapter></DVD_chapter>
  <DVD_discid></DVD_discid>
  <DVD_episodenumber></DVD_episodenumber>
  <DVD_season></DVD_season>
  <Director>David Gordon Green</Director>
  <EpImgFlag>2</EpImgFlag>
  <EpisodeName>Chapter 11</EpisodeName>
  <EpisodeNumber>5</EpisodeNumber>
  <FirstAired>2010-10-24</FirstAired>
  <GuestStars></GuestStars>
  <IMDB_ID></IMDB_ID>
  <Language>en</Language>
  <Overview>Kenny considers a new full-time life working in Mexico.</Overview>
  <ProductionCode>2.5</ProductionCode>
  <Rating>7.9</Rating>
  <RatingCount>26</RatingCount>
  <SeasonNumber>2</SeasonNumber>
  <Writer>Jody Hill|Shawn D. Harwell|Danny R. McBride</Writer>
  <absolute_number></absolute_number>
  <filename>episodes/82467/2802881.jpg</filename>
  <lastupdated>1313093310</lastupdated>
  <seasonid>268941</seasonid>
  <seriesid>82467</seriesid>
</Episode>
<Episode>
  <id>2802891</id>
  <Combined_episodenumber>6</Combined_episodenumber>
  <Combined_season>2</Combined_season>
  <DVD_chapter></DVD_chapter>
  <DVD_discid></DVD_discid>
  <DVD_episodenumber></DVD_episodenumber>
  <DVD_season></DVD_season>
  <Director>David Gordon Green</Director>
  <EpImgFlag>2</EpImgFlag>
  <EpisodeName>Chapter 12</EpisodeName>
  <EpisodeNumber>6</EpisodeNumber>
  <FirstAired>2010-10-31</FirstAired>
  <GuestStars></GuestStars>
  <IMDB_ID></IMDB_ID>
  <Language>en</Language>
  <Overview> Kenny settles his debt with Sebastian; later, he settles a score with Aaron and Hector, and bids adios to Vida. Kenny passes a final test with the Charros team.</Overview>
  <ProductionCode></ProductionCode>
  <Rating>7.8</Rating>
  <RatingCount>28</RatingCount>
  <SeasonNumber>2</SeasonNumber>
  <Writer>Jody Hill|Shawn D. Harwell|Danny R. McBride</Writer>
  <absolute_number></absolute_number>
  <filename>episodes/82467/2802891.jpg</filename>
  <lastupdated>1313093332</lastupdated>
  <seasonid>268941</seasonid>
  <seriesid>82467</seriesid>
</Episode>
<Episode>
  <id>2958931</id>
  <Combined_episodenumber>7</Combined_episodenumber>
  <Combined_season>2</Combined_season>
  <DVD_chapter></DVD_chapter>
  <DVD_discid></DVD_discid>
  <DVD_episodenumber></DVD_episodenumber>
  <DVD_season></DVD_season>
  <Director>Jody Hill</Director>
  <EpImgFlag>2</EpImgFlag>
  <EpisodeName>Chapter 13</EpisodeName>
  <EpisodeNumber>7</EpisodeNumber>
  <FirstAired>2010-11-07</FirstAired>
  <GuestStars></GuestStars>
  <IMDB_ID></IMDB_ID>
  <Language>en</Language>
  <Overview>Kenny confronts his future.</Overview>
  <ProductionCode></ProductionCode>
  <Rating>7.8</Rating>
  <RatingCount>27</RatingCount>
  <SeasonNumber>2</SeasonNumber>
  <Writer>Jody Hill|Shawn D. Harwell|Danny R. McBride</Writer>
  <absolute_number></absolute_number>
  <filename>episodes/82467/2958931.jpg</filename>
  <lastupdated>1313093350</lastupdated>
  <seasonid>268941</seasonid>
  <seriesid>82467</seriesid>
</Episode>
<Episode>
  <id>4208664</id>
  <Combined_episodenumber>1</Combined_episodenumber>
  <Combined_season>3</Combined_season>
  <DVD_chapter></DVD_chapter>
  <DVD_discid></DVD_discid>
  <DVD_episodenumber></DVD_episodenumber>
  <DVD_season></DVD_season>
  <Director></Director>
  <EpImgFlag>2</EpImgFlag>
  <EpisodeName>Chapter 14</EpisodeName>
  <EpisodeNumber>1</EpisodeNumber>
  <FirstAired>2012-02-19</FirstAired>
  <GuestStars></GuestStars>
  <IMDB_ID></IMDB_ID>
  <Language>en</Language>
  <Overview>In the third-season premiere, Kenny finds himself in Myrtle Beach, S.C., as the closer for a minor-league baseball team, but he also has a reunion with April for his son's first birthday in his North Carolina hometown.</Overview>
  <ProductionCode></ProductionCode>
  <Rating>7.6</Rating>
  <RatingCount>17</RatingCount>
  <SeasonNumber>3</SeasonNumber>
  <Writer></Writer>
  <absolute_number></absolute_number>
  <filename>episodes/82467/4208664.jpg</filename>
  <lastupdated>1329730113</lastupdated>
  <seasonid>478835</seasonid>
  <seriesid>82467</seriesid>
</Episode>
<Episode>
  <id>4262918</id>
  <Combined_episodenumber>2</Combined_episodenumber>
  <Combined_season>3</Combined_season>
  <DVD_chapter></DVD_chapter>
  <DVD_discid></DVD_discid>
  <DVD_episodenumber></DVD_episodenumber>
  <DVD_season></DVD_season>
  <Director></Director>
  <EpImgFlag>2</EpImgFlag>
  <EpisodeName>Chapter 15</EpisodeName>
  <EpisodeNumber>2</EpisodeNumber>
  <FirstAired>2012-02-26</FirstAired>
  <GuestStars></GuestStars>
  <IMDB_ID></IMDB_ID>
  <Language>en</Language>
  <Overview>Kenny tracks down Stevie, who's working at Ashley Schaeffer's car dealership, when he heads north with the baby to find April.</Overview>
  <ProductionCode></ProductionCode>
  <Rating>7.3</Rating>
  <RatingCount>15</RatingCount>
  <SeasonNumber>3</SeasonNumber>
  <Writer></Writer>
  <absolute_number></absolute_number>
  <filename>episodes/82467/4262918.jpg</filename>
  <lastupdated>1330316997</lastupdated>
  <seasonid>478835</seasonid>
  <seriesid>82467</seriesid>
</Episode>
<Episode>
  <id>4262919</id>
  <Combined_episodenumber>3</Combined_episodenumber>
  <Combined_season>3</Combined_season>
  <DVD_chapter></DVD_chapter>
  <DVD_discid></DVD_discid>
  <DVD_episodenumber></DVD_episodenumber>
  <DVD_season></DVD_season>
  <Director></Director>
  <EpImgFlag>2</EpImgFlag>
  <EpisodeName>Chapter 16</EpisodeName>
  <EpisodeNumber>3</EpisodeNumber>
  <FirstAired>2012-03-04</FirstAired>
  <GuestStars>Matthew McConaughey</GuestStars>
  <IMDB_ID></IMDB_ID>
  <Language>en</Language>
  <Overview>Pro scout Roy McDaniel asks Kenny to take a promising Russian pitching prospect under his wing; Stevie takes stock of Shane's status while negotiating his return to Kenny's entourage.</Overview>
  <ProductionCode></ProductionCode>
  <Rating>7.4</Rating>
  <RatingCount>14</RatingCount>
  <SeasonNumber>3</SeasonNumber>
  <Writer></Writer>
  <absolute_number></absolute_number>
  <filename>episodes/82467/4262919.jpg</filename>
  <lastupdated>1330940613</lastupdated>
  <seasonid>478835</seasonid>
  <seriesid>82467</seriesid>
</Episode>
<Episode>
  <id>4262928</id>
  <Combined_episodenumber>4</Combined_episodenumber>
  <Combined_season>3</Combined_season>
  <DVD_chapter></DVD_chapter>
  <DVD_discid></DVD_discid>
  <DVD_episodenumber></DVD_episodenumber>
  <DVD_season></DVD_season>
  <Director></Director>
  <EpImgFlag>2</EpImgFlag>
  <EpisodeName>Chapter 17</EpisodeName>
  <EpisodeNumber>4</EpisodeNumber>
  <FirstAired>2012-03-11</FirstAired>
  <GuestStars></GuestStars>
  <IMDB_ID></IMDB_ID>
  <Language>en</Language>
  <Overview>Kenny thinks his son, Toby, is cursed, and might be to blame for a recent run of bad luck; and later tries to bond with Shane's puritanical family. Meanwhile, Stevie is racked with guilt.</Overview>
  <ProductionCode></ProductionCode>
  <Rating>7.9</Rating>
  <RatingCount>10</RatingCount>
  <SeasonNumber>3</SeasonNumber>
  <Writer></Writer>
  <absolute_number></absolute_number>
  <filename>episodes/82467/4262928.jpg</filename>
  <lastupdated>1331537979</lastupdated>
  <seasonid>478835</seasonid>
  <seriesid>82467</seriesid>
</Episode>
<Episode>
  <id>4262932</id>
  <Combined_episodenumber>5</Combined_episodenumber>
  <Combined_season>3</Combined_season>
  <DVD_chapter></DVD_chapter>
  <DVD_discid></DVD_discid>
  <DVD_episodenumber></DVD_episodenumber>
  <DVD_season></DVD_season>
  <Director></Director>
  <EpImgFlag>2</EpImgFlag>
  <EpisodeName>Chapter 18</EpisodeName>
  <EpisodeNumber>5</EpisodeNumber>
  <FirstAired>2012-03-18</FirstAired>
  <GuestStars></GuestStars>
  <IMDB_ID></IMDB_ID>
  <Language>en</Language>
  <Overview>Kenny gets surprise visitors, and tries to regain control of the team by throwing the mother of all Fourth of July parties. Meanwhile, Stevie frets over delivering bad news to Maria.</Overview>
  <ProductionCode></ProductionCode>
  <Rating>7.5</Rating>
  <RatingCount>10</RatingCount>
  <SeasonNumber>3</SeasonNumber>
  <Writer></Writer>
  <absolute_number></absolute_number>
  <filename>episodes/82467/4262932.jpg</filename>
  <lastupdated>1332126706</lastupdated>
  <seasonid>478835</seasonid>
  <seriesid>82467</seriesid>
</Episode>
<Episode>
  <id>4277786</id>
  <Combined_episodenumber>6</Combined_episodenumber>
  <Combined_season>3</Combined_season>
  <DVD_chapter></DVD_chapter>
  <DVD_discid></DVD_discid>
  <DVD_episodenumber></DVD_episodenumber>
  <DVD_season></DVD_season>
  <Director></Director>
  <EpImgFlag>2</EpImgFlag>
  <EpisodeName>Chapter 19</EpisodeName>
  <EpisodeNumber>6</EpisodeNumber>
  <FirstAired>2012-03-25</FirstAired>
  <GuestStars></GuestStars>
  <IMDB_ID></IMDB_ID>
  <Language>en</Language>
  <Overview>Kenny tries a new pitch while attempting to be a better man and more responsible father; Stevie can't shake his feelings of remorse.</Overview>
  <ProductionCode></ProductionCode>
  <Rating>7.7</Rating>
  <RatingCount>9</RatingCount>
  <SeasonNumber>3</SeasonNumber>
  <Writer></Writer>
  <absolute_number></absolute_number>
  <filename>episodes/82467/4277786.jpg</filename>
  <lastupdated>1332734115</lastupdated>
  <seasonid>478835</seasonid>
  <seriesid>82467</seriesid>
</Episode>
<Episode>
  <id>4277790</id>
  <Combined_episodenumber>7</Combined_episodenumber>
  <Combined_season>3</Combined_season>
  <DVD_chapter></DVD_chapter>
  <DVD_discid></DVD_discid>
  <DVD_episodenumber></DVD_episodenumber>
  <DVD_season></DVD_season>
  <Director></Director>
  <EpImgFlag>2</EpImgFlag>
  <EpisodeName>Chapter 20</EpisodeName>
  <EpisodeNumber>7</EpisodeNumber>
  <FirstAired>2012-04-08</FirstAired>
  <GuestStars></GuestStars>
  <IMDB_ID></IMDB_ID>
  <Language>en</Language>
  <Overview>Kenny hopes to get back on his coach's good side and return to his spot on the pitching staff, but his bumpy ride on the road to redemption continues. Meanwhile, Stevie tries to make things right with Maria.</Overview>
  <ProductionCode></ProductionCode>
  <Rating>7.2</Rating>
  <RatingCount>5</RatingCount>
  <SeasonNumber>3</SeasonNumber>
  <Writer></Writer>
  <absolute_number></absolute_number>
  <filename>episodes/82467/4277790.jpg</filename>
  <lastupdated>1333944263</lastupdated>
  <seasonid>478835</seasonid>
  <seriesid>82467</seriesid>
</Episode>
<Episode>
  <id>4300012</id>
  <Combined_episodenumber>8</Combined_episodenumber>
  <Combined_season>3</Combined_season>
  <DVD_chapter></DVD_chapter>
  <DVD_discid></DVD_discid>
  <DVD_episodenumber></DVD_episodenumber>
  <DVD_season></DVD_season>
  <Director></Director>
  <EpImgFlag></EpImgFlag>
  <EpisodeName>Chapter 21</EpisodeName>
  <EpisodeNumber>8</EpisodeNumber>
  <FirstAired>2012-04-15</FirstAired>
  <GuestStars></GuestStars>
  <IMDB_ID></IMDB_ID>
  <Language>en</Language>
  <Overview></Overview>
  <ProductionCode></ProductionCode>
  <Rating></Rating>
  <RatingCount>0</RatingCount>
  <SeasonNumber>3</SeasonNumber>
  <Writer></Writer>
  <absolute_number></absolute_number>
  <filename></filename>
  <lastupdated>1333580655</lastupdated>
  <seasonid>478835</seasonid>
  <seriesid>82467</seriesid>
</Episode>
</Data>