<?xml version="1.0" encoding="UTF-8" ?>
<Actors>
<Actor>
  <id>189521</id>
  <Image>actors/189521.jpg</Image>
  <Name>Martin Freeman</Name>
  <Role>John Watson</Role>
  <SortOrder>0</SortOrder>
</Actor>
<Actor>
  <id>189511</id>
  <Image>actors/189511.jpg</Image>
  <Name>Benedict Cumberbatch</Name>
  <Role>Sherlock Holmes</Role>
  <SortOrder>0</SortOrder>
</Actor>
<Actor>
  <id>293390</id>
  <Image>actors/293390.jpg</Image>
  <Name>Mark Gatiss</Name>
  <Role>Mycroft Holmes</Role>
  <SortOrder>1</SortOrder>
</Actor>
<Actor>
  <id>189541</id>
  <Image>actors/189541.jpg</Image>
  <Name>Una Stubbs</Name>
  <Role>Mrs. Hudson</Role>
  <SortOrder>1</SortOrder>
</Actor>
<Actor>
  <id>189531</id>
  <Image>actors/189531.jpg</Image>
  <Name>Rupert Graves</Name>
  <Role>Detective Inspector Lestrade</Role>
  <SortOrder>1</SortOrder>
</Actor>
<Actor>
  <id>293744</id>
  <Image>actors/293744.jpg</Image>
  <Name>Louise Brealey</Name>
  <Role>Molly Hooper</Role>
  <SortOrder>2</SortOrder>
</Actor>
<Actor>
  <id>293007</id>
  <Image>actors/293007.jpg</Image>
  <Name>Lara Pulver</Name>
  <Role>Irene Adler</Role>
  <SortOrder>2</SortOrder>
</Actor>
<Actor>
  <id>273211</id>
  <Image>actors/273211.jpg</Image>
  <Name>Andrew Scott</Name>
  <Role>Jim Moriarty</Role>
  <SortOrder>2</SortOrder>
</Actor>
</Actors>