<?xml version="1.0" encoding="UTF-8" ?>
<Data><Series>
  <id>176941</id>
  <Actors>|Martin Freeman|Benedict Cumberbatch|Mark Gatiss|Una Stubbs|Rupert Graves|Louise Brealey|Lara Pulver|Andrew Scott|</Actors>
  <Airs_DayOfWeek>Sunday</Airs_DayOfWeek>
  <Airs_Time>8:30 PM</Airs_Time>
  <ContentRating>TV-14</ContentRating>
  <FirstAired>2010-07-25</FirstAired>
  <Genre>|Action and Adventure|Drama|</Genre>
  <IMDB_ID>tt1475582</IMDB_ID>
  <Language>en</Language>
  <Network>BBC One</Network>
  <NetworkID></NetworkID>
  <Overview>Sherlock Holmes and Dr Watson's adventures in 21st Century London. A thrilling, funny, fast-paced contemporary remake of the Arthur Conan Doyle classic.

The update maintains some traditional elements of the stories, such as the Baker Street address and the evil Moriarty. Although the events of the books are transferred to the present day, existing elements are incorporated into the new characters to &quot;ground the forthcoming tales in reality, and appease ardent fans of the classic tales&quot;; for example, Martin Freeman's Watson has returned from military service in Afghanistan. When speaking to The Sherlock Holmes Society of London and discussing the fact that the original Watson was invalided home after serving in the Second Anglo-Afghan War (1878–1880), Gatiss realised that &quot;It is the same war now, I thought. The same unwinnable war&quot;.</Overview>
  <Rating>9.4</Rating>
  <RatingCount>129</RatingCount>
  <Runtime>90</Runtime>
  <SeriesID>79744</SeriesID>
  <SeriesName>Sherlock</SeriesName>
  <Status>Continuing</Status>
  <added>2010-07-20 01:40:01</added>
  <addedBy>63541</addedBy>
  <banner>graphical/176941-g.jpg</banner>
  <fanart>fanart/original/176941-9.jpg</fanart>
  <lastupdated>1334092769</lastupdated>
  <poster>posters/176941-5.jpg</poster>
  <zap2it_id>SH01304269</zap2it_id>
</Series>
<Episode>
  <id>2704621</id>
  <Combined_episodenumber>0.0</Combined_episodenumber>
  <Combined_season>1</Combined_season>
  <DVD_chapter></DVD_chapter>
  <DVD_discid>pilot</DVD_discid>
  <DVD_episodenumber>0.0</DVD_episodenumber>
  <DVD_season>1</DVD_season>
  <Director>Coky Giedroyc, Paul McGuigan, Euros Lyn</Director>
  <EpImgFlag>2</EpImgFlag>
  <EpisodeName>Unaired Pilot</EpisodeName>
  <EpisodeNumber>1</EpisodeNumber>
  <FirstAired>2010-07-25</FirstAired>
  <GuestStars>Benedict Cumberbatch</GuestStars>
  <IMDB_ID>tt1815240</IMDB_ID>
  <Language>en</Language>
  <Overview>Sherlock was announced as a single 60-minute drama production at the Edinburgh International Television Festival in August 2008, to be broadcast in Autumn 2009, with the intention of producing a full series should the pilot be successful. The BBC decided not to transmit the pilot, as is common industry practice, but commissioned three 90-minute episodes. 

This is the 60 minute pilot.</Overview>
  <ProductionCode></ProductionCode>
  <Rating>8.6</Rating>
  <RatingCount>14</RatingCount>
  <SeasonNumber>0</SeasonNumber>
  <Writer>Steven Moffat</Writer>
  <absolute_number></absolute_number>
  <airsafter_season></airsafter_season>
  <airsbefore_episode>1</airsbefore_episode>
  <airsbefore_season>1</airsbefore_season>
  <filename>episodes/176941/2704621.jpg</filename>
  <lastupdated>1329607488</lastupdated>
  <seasonid>281721</seasonid>
  <seriesid>176941</seriesid>
</Episode>
<Episode>
  <id>2760861</id>
  <Combined_episodenumber>2</Combined_episodenumber>
  <Combined_season>0</Combined_season>
  <DVD_chapter></DVD_chapter>
  <DVD_discid></DVD_discid>
  <DVD_episodenumber></DVD_episodenumber>
  <DVD_season></DVD_season>
  <Director></Director>
  <EpImgFlag>2</EpImgFlag>
  <EpisodeName>Unlocking Sherlock</EpisodeName>
  <EpisodeNumber>2</EpisodeNumber>
  <FirstAired>2010-07-25</FirstAired>
  <GuestStars></GuestStars>
  <IMDB_ID></IMDB_ID>
  <Language>en</Language>
  <Overview>A 32-minute documentary about the production of the series</Overview>
  <ProductionCode></ProductionCode>
  <Rating>7.5</Rating>
  <RatingCount>2</RatingCount>
  <SeasonNumber>0</SeasonNumber>
  <Writer></Writer>
  <absolute_number></absolute_number>
  <airsafter_season></airsafter_season>
  <airsbefore_episode></airsbefore_episode>
  <airsbefore_season></airsbefore_season>
  <filename>episodes/176941/2760861.jpg</filename>
  <lastupdated>1325511403</lastupdated>
  <seasonid>281721</seasonid>
  <seriesid>176941</seriesid>
</Episode>
<Episode>
  <id>4250184</id>
  <Combined_episodenumber>3</Combined_episodenumber>
  <Combined_season>0</Combined_season>
  <DVD_chapter></DVD_chapter>
  <DVD_discid></DVD_discid>
  <DVD_episodenumber></DVD_episodenumber>
  <DVD_season></DVD_season>
  <Director></Director>
  <EpImgFlag>1</EpImgFlag>
  <EpisodeName>Sherlock Uncovered</EpisodeName>
  <EpisodeNumber>3</EpisodeNumber>
  <FirstAired></FirstAired>
  <GuestStars></GuestStars>
  <IMDB_ID></IMDB_ID>
  <Language>en</Language>
  <Overview></Overview>
  <ProductionCode></ProductionCode>
  <Rating>9.0</Rating>
  <RatingCount>2</RatingCount>
  <SeasonNumber>0</SeasonNumber>
  <Writer></Writer>
  <absolute_number></absolute_number>
  <airsafter_season></airsafter_season>
  <airsbefore_episode></airsbefore_episode>
  <airsbefore_season></airsbefore_season>
  <filename>episodes/176941/4250184.jpg</filename>
  <lastupdated>1327638829</lastupdated>
  <seasonid>281721</seasonid>
  <seriesid>176941</seriesid>
</Episode>
<Episode>
  <id>2502511</id>
  <Combined_episodenumber>1.0</Combined_episodenumber>
  <Combined_season>1</Combined_season>
  <DVD_chapter></DVD_chapter>
  <DVD_discid></DVD_discid>
  <DVD_episodenumber>1.0</DVD_episodenumber>
  <DVD_season></DVD_season>
  <Director>Paul McGuigan</Director>
  <EpImgFlag>2</EpImgFlag>
  <EpisodeName>A Study in Pink</EpisodeName>
  <EpisodeNumber>1</EpisodeNumber>
  <FirstAired>2010-07-25</FirstAired>
  <GuestStars></GuestStars>
  <IMDB_ID>tt1665071</IMDB_ID>
  <Language>en</Language>
  <Overview>A war hero, invalided home from Afghanistan, meets a strange but charismatic genius who is looking for a flatmate; it is London, 2010, and Dr Watson and Sherlock Holmes are meeting for the first time. A string of impossible suicides has Scotland Yard baffled - and only one man can help.</Overview>
  <ProductionCode></ProductionCode>
  <Rating>8.4</Rating>
  <RatingCount>173</RatingCount>
  <SeasonNumber>1</SeasonNumber>
  <Writer>Steven Moffat</Writer>
  <absolute_number></absolute_number>
  <filename>episodes/176941/2502511.jpg</filename>
  <lastupdated>1315589791</lastupdated>
  <seasonid>281751</seasonid>
  <seriesid>176941</seriesid>
</Episode>
<Episode>
  <id>2502521</id>
  <Combined_episodenumber>2.0</Combined_episodenumber>
  <Combined_season>1</Combined_season>
  <DVD_chapter></DVD_chapter>
  <DVD_discid></DVD_discid>
  <DVD_episodenumber>2.0</DVD_episodenumber>
  <DVD_season>1</DVD_season>
  <Director>Euros Lyn</Director>
  <EpImgFlag>2</EpImgFlag>
  <EpisodeName>The Blind Banker</EpisodeName>
  <EpisodeNumber>2</EpisodeNumber>
  <FirstAired>2010-08-01</FirstAired>
  <GuestStars></GuestStars>
  <IMDB_ID>tt1664529</IMDB_ID>
  <Language>en</Language>
  <Overview>A mysterious cipher is being scrawled on the walls around London. The first person to see the cipher is dead within hours of reading it. Sherlock plunges into a world of codes and symbols, consulting with London's best graffiti artists. He soon learns that the city is in the grip a gang of international smugglers, a secret society called the Black Lotus.</Overview>
  <ProductionCode></ProductionCode>
  <Rating>8.0</Rating>
  <RatingCount>163</RatingCount>
  <SeasonNumber>1</SeasonNumber>
  <Writer>Stephen Thompson</Writer>
  <absolute_number></absolute_number>
  <filename>episodes/176941/2502521.jpg</filename>
  <lastupdated>1326069835</lastupdated>
  <seasonid>281751</seasonid>
  <seriesid>176941</seriesid>
</Episode>
<Episode>
  <id>2502531</id>
  <Combined_episodenumber>3.0</Combined_episodenumber>
  <Combined_season>1</Combined_season>
  <DVD_chapter></DVD_chapter>
  <DVD_discid></DVD_discid>
  <DVD_episodenumber>3.0</DVD_episodenumber>
  <DVD_season></DVD_season>
  <Director>Paul McGuigan</Director>
  <EpImgFlag>2</EpImgFlag>
  <EpisodeName>The Great Game</EpisodeName>
  <EpisodeNumber>3</EpisodeNumber>
  <FirstAired>2010-08-08</FirstAired>
  <GuestStars></GuestStars>
  <IMDB_ID>tt1664530</IMDB_ID>
  <Language>en</Language>
  <Overview>A strange clue in an empty room, a blood-soaked car, a priceless Old Master, a deranged bomber. With the clock ticking, the curtain rises on a battle of wits between Sherlock, John and the shadowy stranger who seems to know all the answers...</Overview>
  <ProductionCode></ProductionCode>
  <Rating>8.2</Rating>
  <RatingCount>140</RatingCount>
  <SeasonNumber>1</SeasonNumber>
  <Writer>Mark Gatiss</Writer>
  <absolute_number></absolute_number>
  <filename>episodes/176941/2502531.jpg</filename>
  <lastupdated>1315589853</lastupdated>
  <seasonid>281751</seasonid>
  <seriesid>176941</seriesid>
</Episode>
<Episode>
  <id>4103396</id>
  <Combined_episodenumber>1.0</Combined_episodenumber>
  <Combined_season>2</Combined_season>
  <DVD_chapter></DVD_chapter>
  <DVD_discid></DVD_discid>
  <DVD_episodenumber>1.0</DVD_episodenumber>
  <DVD_season>2</DVD_season>
  <Director>Paul McGuigan</Director>
  <EpImgFlag>2</EpImgFlag>
  <EpisodeName>A Scandal in Belgravia</EpisodeName>
  <EpisodeNumber>1</EpisodeNumber>
  <FirstAired>2012-01-01</FirstAired>
  <GuestStars></GuestStars>
  <IMDB_ID>tt1942612</IMDB_ID>
  <Language>en</Language>
  <Overview>Compromising photographs and a case of blackmail threaten the very heart of the British establishment, but for Sherlock and John the game is on in more ways than one as they find themselves battling international terrorism, rogue CIA agents, and a secret conspiracy involving the British government. 


This case will cast a darker shadow over their lives than they could ever imagine, as the great detective begins a long duel of wits with an antagonist as cold and ruthless and brilliant as himself: to Sherlock Holmes, Irene Adler will always be THE woman.</Overview>
  <ProductionCode></ProductionCode>
  <Rating>8.4</Rating>
  <RatingCount>105</RatingCount>
  <SeasonNumber>2</SeasonNumber>
  <Writer>Steven Moffat</Writer>
  <absolute_number></absolute_number>
  <filename>episodes/176941/4103396.jpg</filename>
  <lastupdated>1332347778</lastupdated>
  <seasonid>466395</seasonid>
  <seriesid>176941</seriesid>
</Episode>
<Episode>
  <id>4103397</id>
  <Combined_episodenumber>2.0</Combined_episodenumber>
  <Combined_season>2</Combined_season>
  <DVD_chapter></DVD_chapter>
  <DVD_discid></DVD_discid>
  <DVD_episodenumber>2.0</DVD_episodenumber>
  <DVD_season>2</DVD_season>
  <Director>Paul McGuigan</Director>
  <EpImgFlag>2</EpImgFlag>
  <EpisodeName>The Hounds of Baskerville</EpisodeName>
  <EpisodeNumber>2</EpisodeNumber>
  <FirstAired>2012-01-08</FirstAired>
  <GuestStars></GuestStars>
  <IMDB_ID>tt1942613</IMDB_ID>
  <Language>en</Language>
  <Overview>Something terrible has happened to Henry Knight; Sherlock and John investigate the truth about the monstrous creature which apparently killed their client's father. 


A hound from hell? What seems like fantasy in Baker Street is a very different prospect in the ultra-secret army base that looms over Dartmoor.</Overview>
  <ProductionCode></ProductionCode>
  <Rating>8.1</Rating>
  <RatingCount>93</RatingCount>
  <SeasonNumber>2</SeasonNumber>
  <Writer>Mark Gatiss</Writer>
  <absolute_number></absolute_number>
  <filename>episodes/176941/4103397.jpg</filename>
  <lastupdated>1332347793</lastupdated>
  <seasonid>466395</seasonid>
  <seriesid>176941</seriesid>
</Episode>
<Episode>
  <id>4103398</id>
  <Combined_episodenumber>3.0</Combined_episodenumber>
  <Combined_season>2</Combined_season>
  <DVD_chapter></DVD_chapter>
  <DVD_discid></DVD_discid>
  <DVD_episodenumber>3.0</DVD_episodenumber>
  <DVD_season>2</DVD_season>
  <Director>Toby Haynes</Director>
  <EpImgFlag>2</EpImgFlag>
  <EpisodeName>The Reichenbach Fall</EpisodeName>
  <EpisodeNumber>3</EpisodeNumber>
  <FirstAired>2012-01-15</FirstAired>
  <GuestStars>Andrew Scott</GuestStars>
  <IMDB_ID>tt1942614</IMDB_ID>
  <Language>en</Language>
  <Overview>James Moriarty possesses the greatest criminal mind that the world has ever seen. Sherlock and John knew he wouldn't stay hidden for long, but even they never guessed the sheer scale and audacity of the crime that would propel Moriarty back into the headlines.


The crime of the century; The Tower of London, the Bank of England and Pentonville prison - all sprung open on the same day, as if by magic! But Moriarty's plans don't stop there... Sherlock and John lock horns with their old enemy in one final problem that tests loyalty and courage to their very limits. 


Sherlock must fight for his reputation, his sanity and his life. But is he all he claims to be?</Overview>
  <ProductionCode></ProductionCode>
  <Rating>8.6</Rating>
  <RatingCount>91</RatingCount>
  <SeasonNumber>2</SeasonNumber>
  <Writer>Stephen Thompson</Writer>
  <absolute_number></absolute_number>
  <filename>episodes/176941/4103398.jpg</filename>
  <lastupdated>1332267145</lastupdated>
  <seasonid>466395</seasonid>
  <seriesid>176941</seriesid>
</Episode>
</Data>